[2025-08-24T01:55:03.620+0000] {processor.py:161} INFO - Started process (PID=43) to work on /opt/airflow/dags/customer_churn_pipeline.py
[2025-08-24T01:55:03.622+0000] {processor.py:830} INFO - Processing file /opt/airflow/dags/customer_churn_pipeline.py for tasks to queue
[2025-08-24T01:55:03.626+0000] {logging_mixin.py:188} INFO - [2025-08-24T01:55:03.625+0000] {dagbag.py:538} INFO - Filling up the DagBag from /opt/airflow/dags/customer_churn_pipeline.py
[2025-08-24T01:55:05.375+0000] {logging_mixin.py:188} INFO - [2025-08-24T01:55:05.366+0000] {dagbag.py:348} ERROR - Failed to import: /opt/airflow/dags/customer_churn_pipeline.py
Traceback (most recent call last):
  File "/home/airflow/.local/lib/python3.8/site-packages/airflow/models/dagbag.py", line 344, in parse
    loader.exec_module(new_module)
  File "<frozen importlib._bootstrap_external>", line 843, in exec_module
  File "<frozen importlib._bootstrap>", line 219, in _call_with_frames_removed
  File "/opt/airflow/dags/customer_churn_pipeline.py", line 5, in <module>
    from sklearn.model_selection import train_test_split
ModuleNotFoundError: No module named 'sklearn'
[2025-08-24T01:55:05.380+0000] {processor.py:842} WARNING - No viable dags retrieved from /opt/airflow/dags/customer_churn_pipeline.py
[2025-08-24T01:55:05.425+0000] {processor.py:183} INFO - Processing /opt/airflow/dags/customer_churn_pipeline.py took 1.815 seconds
[2025-08-24T01:55:36.122+0000] {processor.py:161} INFO - Started process (PID=45) to work on /opt/airflow/dags/customer_churn_pipeline.py
[2025-08-24T01:55:36.125+0000] {processor.py:830} INFO - Processing file /opt/airflow/dags/customer_churn_pipeline.py for tasks to queue
[2025-08-24T01:55:36.128+0000] {logging_mixin.py:188} INFO - [2025-08-24T01:55:36.127+0000] {dagbag.py:538} INFO - Filling up the DagBag from /opt/airflow/dags/customer_churn_pipeline.py
[2025-08-24T01:55:36.464+0000] {logging_mixin.py:188} INFO - [2025-08-24T01:55:36.459+0000] {dagbag.py:348} ERROR - Failed to import: /opt/airflow/dags/customer_churn_pipeline.py
Traceback (most recent call last):
  File "/home/airflow/.local/lib/python3.8/site-packages/airflow/models/dagbag.py", line 344, in parse
    loader.exec_module(new_module)
  File "<frozen importlib._bootstrap_external>", line 843, in exec_module
  File "<frozen importlib._bootstrap>", line 219, in _call_with_frames_removed
  File "/opt/airflow/dags/customer_churn_pipeline.py", line 5, in <module>
    from sklearn.model_selection import train_test_split
ModuleNotFoundError: No module named 'sklearn'
[2025-08-24T01:55:36.465+0000] {processor.py:842} WARNING - No viable dags retrieved from /opt/airflow/dags/customer_churn_pipeline.py
[2025-08-24T01:55:36.500+0000] {processor.py:183} INFO - Processing /opt/airflow/dags/customer_churn_pipeline.py took 0.384 seconds
[2025-08-24T01:56:06.853+0000] {processor.py:161} INFO - Started process (PID=47) to work on /opt/airflow/dags/customer_churn_pipeline.py
[2025-08-24T01:56:06.855+0000] {processor.py:830} INFO - Processing file /opt/airflow/dags/customer_churn_pipeline.py for tasks to queue
[2025-08-24T01:56:06.858+0000] {logging_mixin.py:188} INFO - [2025-08-24T01:56:06.858+0000] {dagbag.py:538} INFO - Filling up the DagBag from /opt/airflow/dags/customer_churn_pipeline.py
[2025-08-24T01:56:07.338+0000] {logging_mixin.py:188} INFO - [2025-08-24T01:56:07.333+0000] {dagbag.py:348} ERROR - Failed to import: /opt/airflow/dags/customer_churn_pipeline.py
Traceback (most recent call last):
  File "/home/airflow/.local/lib/python3.8/site-packages/airflow/models/dagbag.py", line 344, in parse
    loader.exec_module(new_module)
  File "<frozen importlib._bootstrap_external>", line 843, in exec_module
  File "<frozen importlib._bootstrap>", line 219, in _call_with_frames_removed
  File "/opt/airflow/dags/customer_churn_pipeline.py", line 5, in <module>
    from sklearn.model_selection import train_test_split
ModuleNotFoundError: No module named 'sklearn'
[2025-08-24T01:56:07.340+0000] {processor.py:842} WARNING - No viable dags retrieved from /opt/airflow/dags/customer_churn_pipeline.py
[2025-08-24T01:56:07.363+0000] {processor.py:183} INFO - Processing /opt/airflow/dags/customer_churn_pipeline.py took 0.528 seconds
[2025-08-24T01:56:37.735+0000] {processor.py:161} INFO - Started process (PID=49) to work on /opt/airflow/dags/customer_churn_pipeline.py
[2025-08-24T01:56:37.738+0000] {processor.py:830} INFO - Processing file /opt/airflow/dags/customer_churn_pipeline.py for tasks to queue
[2025-08-24T01:56:37.741+0000] {logging_mixin.py:188} INFO - [2025-08-24T01:56:37.740+0000] {dagbag.py:538} INFO - Filling up the DagBag from /opt/airflow/dags/customer_churn_pipeline.py
[2025-08-24T01:56:38.113+0000] {logging_mixin.py:188} INFO - [2025-08-24T01:56:38.106+0000] {dagbag.py:348} ERROR - Failed to import: /opt/airflow/dags/customer_churn_pipeline.py
Traceback (most recent call last):
  File "/home/airflow/.local/lib/python3.8/site-packages/airflow/models/dagbag.py", line 344, in parse
    loader.exec_module(new_module)
  File "<frozen importlib._bootstrap_external>", line 843, in exec_module
  File "<frozen importlib._bootstrap>", line 219, in _call_with_frames_removed
  File "/opt/airflow/dags/customer_churn_pipeline.py", line 5, in <module>
    from sklearn.model_selection import train_test_split
ModuleNotFoundError: No module named 'sklearn'
[2025-08-24T01:56:38.116+0000] {processor.py:842} WARNING - No viable dags retrieved from /opt/airflow/dags/customer_churn_pipeline.py
[2025-08-24T01:56:38.158+0000] {processor.py:183} INFO - Processing /opt/airflow/dags/customer_churn_pipeline.py took 0.429 seconds
[2025-08-24T01:57:08.553+0000] {processor.py:161} INFO - Started process (PID=51) to work on /opt/airflow/dags/customer_churn_pipeline.py
[2025-08-24T01:57:08.555+0000] {processor.py:830} INFO - Processing file /opt/airflow/dags/customer_churn_pipeline.py for tasks to queue
[2025-08-24T01:57:08.557+0000] {logging_mixin.py:188} INFO - [2025-08-24T01:57:08.557+0000] {dagbag.py:538} INFO - Filling up the DagBag from /opt/airflow/dags/customer_churn_pipeline.py
[2025-08-24T01:57:08.931+0000] {logging_mixin.py:188} INFO - [2025-08-24T01:57:08.927+0000] {dagbag.py:348} ERROR - Failed to import: /opt/airflow/dags/customer_churn_pipeline.py
Traceback (most recent call last):
  File "/home/airflow/.local/lib/python3.8/site-packages/airflow/models/dagbag.py", line 344, in parse
    loader.exec_module(new_module)
  File "<frozen importlib._bootstrap_external>", line 843, in exec_module
  File "<frozen importlib._bootstrap>", line 219, in _call_with_frames_removed
  File "/opt/airflow/dags/customer_churn_pipeline.py", line 5, in <module>
    from sklearn.model_selection import train_test_split
ModuleNotFoundError: No module named 'sklearn'
[2025-08-24T01:57:08.932+0000] {processor.py:842} WARNING - No viable dags retrieved from /opt/airflow/dags/customer_churn_pipeline.py
[2025-08-24T01:57:08.950+0000] {processor.py:183} INFO - Processing /opt/airflow/dags/customer_churn_pipeline.py took 0.402 seconds
[2025-08-24T01:58:04.318+0000] {processor.py:161} INFO - Started process (PID=42) to work on /opt/airflow/dags/customer_churn_pipeline.py
[2025-08-24T01:58:04.321+0000] {processor.py:830} INFO - Processing file /opt/airflow/dags/customer_churn_pipeline.py for tasks to queue
[2025-08-24T01:58:04.325+0000] {logging_mixin.py:188} INFO - [2025-08-24T01:58:04.324+0000] {dagbag.py:538} INFO - Filling up the DagBag from /opt/airflow/dags/customer_churn_pipeline.py
[2025-08-24T01:58:05.604+0000] {logging_mixin.py:188} INFO - [2025-08-24T01:58:05.600+0000] {dagbag.py:348} ERROR - Failed to import: /opt/airflow/dags/customer_churn_pipeline.py
Traceback (most recent call last):
  File "/home/airflow/.local/lib/python3.8/site-packages/airflow/models/dagbag.py", line 344, in parse
    loader.exec_module(new_module)
  File "<frozen importlib._bootstrap_external>", line 843, in exec_module
  File "<frozen importlib._bootstrap>", line 219, in _call_with_frames_removed
  File "/opt/airflow/dags/customer_churn_pipeline.py", line 5, in <module>
    from sklearn.model_selection import train_test_split
ModuleNotFoundError: No module named 'sklearn'
[2025-08-24T01:58:05.608+0000] {processor.py:842} WARNING - No viable dags retrieved from /opt/airflow/dags/customer_churn_pipeline.py
[2025-08-24T01:58:05.627+0000] {processor.py:183} INFO - Processing /opt/airflow/dags/customer_churn_pipeline.py took 1.318 seconds
[2025-08-24T01:58:35.905+0000] {processor.py:161} INFO - Started process (PID=44) to work on /opt/airflow/dags/customer_churn_pipeline.py
[2025-08-24T01:58:35.909+0000] {processor.py:830} INFO - Processing file /opt/airflow/dags/customer_churn_pipeline.py for tasks to queue
[2025-08-24T01:58:35.914+0000] {logging_mixin.py:188} INFO - [2025-08-24T01:58:35.913+0000] {dagbag.py:538} INFO - Filling up the DagBag from /opt/airflow/dags/customer_churn_pipeline.py
[2025-08-24T01:58:36.521+0000] {logging_mixin.py:188} INFO - [2025-08-24T01:58:36.516+0000] {dagbag.py:348} ERROR - Failed to import: /opt/airflow/dags/customer_churn_pipeline.py
Traceback (most recent call last):
  File "/home/airflow/.local/lib/python3.8/site-packages/airflow/models/dagbag.py", line 344, in parse
    loader.exec_module(new_module)
  File "<frozen importlib._bootstrap_external>", line 843, in exec_module
  File "<frozen importlib._bootstrap>", line 219, in _call_with_frames_removed
  File "/opt/airflow/dags/customer_churn_pipeline.py", line 5, in <module>
    from sklearn.model_selection import train_test_split
ModuleNotFoundError: No module named 'sklearn'
[2025-08-24T01:58:36.522+0000] {processor.py:842} WARNING - No viable dags retrieved from /opt/airflow/dags/customer_churn_pipeline.py
[2025-08-24T01:58:36.550+0000] {processor.py:183} INFO - Processing /opt/airflow/dags/customer_churn_pipeline.py took 0.649 seconds
[2025-08-24T01:59:07.060+0000] {processor.py:161} INFO - Started process (PID=46) to work on /opt/airflow/dags/customer_churn_pipeline.py
[2025-08-24T01:59:07.061+0000] {processor.py:830} INFO - Processing file /opt/airflow/dags/customer_churn_pipeline.py for tasks to queue
[2025-08-24T01:59:07.064+0000] {logging_mixin.py:188} INFO - [2025-08-24T01:59:07.063+0000] {dagbag.py:538} INFO - Filling up the DagBag from /opt/airflow/dags/customer_churn_pipeline.py
[2025-08-24T01:59:07.684+0000] {logging_mixin.py:188} INFO - [2025-08-24T01:59:07.679+0000] {dagbag.py:348} ERROR - Failed to import: /opt/airflow/dags/customer_churn_pipeline.py
Traceback (most recent call last):
  File "/home/airflow/.local/lib/python3.8/site-packages/airflow/models/dagbag.py", line 344, in parse
    loader.exec_module(new_module)
  File "<frozen importlib._bootstrap_external>", line 843, in exec_module
  File "<frozen importlib._bootstrap>", line 219, in _call_with_frames_removed
  File "/opt/airflow/dags/customer_churn_pipeline.py", line 5, in <module>
    from sklearn.model_selection import train_test_split
ModuleNotFoundError: No module named 'sklearn'
[2025-08-24T01:59:07.686+0000] {processor.py:842} WARNING - No viable dags retrieved from /opt/airflow/dags/customer_churn_pipeline.py
[2025-08-24T01:59:07.717+0000] {processor.py:183} INFO - Processing /opt/airflow/dags/customer_churn_pipeline.py took 0.662 seconds
[2025-08-24T01:59:38.142+0000] {processor.py:161} INFO - Started process (PID=48) to work on /opt/airflow/dags/customer_churn_pipeline.py
[2025-08-24T01:59:38.144+0000] {processor.py:830} INFO - Processing file /opt/airflow/dags/customer_churn_pipeline.py for tasks to queue
[2025-08-24T01:59:38.150+0000] {logging_mixin.py:188} INFO - [2025-08-24T01:59:38.149+0000] {dagbag.py:538} INFO - Filling up the DagBag from /opt/airflow/dags/customer_churn_pipeline.py
[2025-08-24T01:59:38.509+0000] {logging_mixin.py:188} INFO - [2025-08-24T01:59:38.500+0000] {dagbag.py:348} ERROR - Failed to import: /opt/airflow/dags/customer_churn_pipeline.py
Traceback (most recent call last):
  File "/home/airflow/.local/lib/python3.8/site-packages/airflow/models/dagbag.py", line 344, in parse
    loader.exec_module(new_module)
  File "<frozen importlib._bootstrap_external>", line 843, in exec_module
  File "<frozen importlib._bootstrap>", line 219, in _call_with_frames_removed
  File "/opt/airflow/dags/customer_churn_pipeline.py", line 5, in <module>
    from sklearn.model_selection import train_test_split
ModuleNotFoundError: No module named 'sklearn'
[2025-08-24T01:59:38.511+0000] {processor.py:842} WARNING - No viable dags retrieved from /opt/airflow/dags/customer_churn_pipeline.py
[2025-08-24T01:59:38.550+0000] {processor.py:183} INFO - Processing /opt/airflow/dags/customer_churn_pipeline.py took 0.417 seconds
[2025-08-24T02:00:09.075+0000] {processor.py:161} INFO - Started process (PID=50) to work on /opt/airflow/dags/customer_churn_pipeline.py
[2025-08-24T02:00:09.078+0000] {processor.py:830} INFO - Processing file /opt/airflow/dags/customer_churn_pipeline.py for tasks to queue
[2025-08-24T02:00:09.083+0000] {logging_mixin.py:188} INFO - [2025-08-24T02:00:09.083+0000] {dagbag.py:538} INFO - Filling up the DagBag from /opt/airflow/dags/customer_churn_pipeline.py
[2025-08-24T02:00:09.413+0000] {logging_mixin.py:188} INFO - [2025-08-24T02:00:09.407+0000] {dagbag.py:348} ERROR - Failed to import: /opt/airflow/dags/customer_churn_pipeline.py
Traceback (most recent call last):
  File "/home/airflow/.local/lib/python3.8/site-packages/airflow/models/dagbag.py", line 344, in parse
    loader.exec_module(new_module)
  File "<frozen importlib._bootstrap_external>", line 843, in exec_module
  File "<frozen importlib._bootstrap>", line 219, in _call_with_frames_removed
  File "/opt/airflow/dags/customer_churn_pipeline.py", line 5, in <module>
    from sklearn.model_selection import train_test_split
ModuleNotFoundError: No module named 'sklearn'
[2025-08-24T02:00:09.414+0000] {processor.py:842} WARNING - No viable dags retrieved from /opt/airflow/dags/customer_churn_pipeline.py
[2025-08-24T02:00:09.441+0000] {processor.py:183} INFO - Processing /opt/airflow/dags/customer_churn_pipeline.py took 0.372 seconds
[2025-08-24T02:00:39.953+0000] {processor.py:161} INFO - Started process (PID=52) to work on /opt/airflow/dags/customer_churn_pipeline.py
[2025-08-24T02:00:39.956+0000] {processor.py:830} INFO - Processing file /opt/airflow/dags/customer_churn_pipeline.py for tasks to queue
[2025-08-24T02:00:39.960+0000] {logging_mixin.py:188} INFO - [2025-08-24T02:00:39.960+0000] {dagbag.py:538} INFO - Filling up the DagBag from /opt/airflow/dags/customer_churn_pipeline.py
[2025-08-24T02:00:40.229+0000] {logging_mixin.py:188} INFO - [2025-08-24T02:00:40.222+0000] {dagbag.py:348} ERROR - Failed to import: /opt/airflow/dags/customer_churn_pipeline.py
Traceback (most recent call last):
  File "/home/airflow/.local/lib/python3.8/site-packages/airflow/models/dagbag.py", line 344, in parse
    loader.exec_module(new_module)
  File "<frozen importlib._bootstrap_external>", line 843, in exec_module
  File "<frozen importlib._bootstrap>", line 219, in _call_with_frames_removed
  File "/opt/airflow/dags/customer_churn_pipeline.py", line 5, in <module>
    from sklearn.model_selection import train_test_split
ModuleNotFoundError: No module named 'sklearn'
[2025-08-24T02:00:40.232+0000] {processor.py:842} WARNING - No viable dags retrieved from /opt/airflow/dags/customer_churn_pipeline.py
[2025-08-24T02:00:40.259+0000] {processor.py:183} INFO - Processing /opt/airflow/dags/customer_churn_pipeline.py took 0.311 seconds
[2025-08-24T02:01:10.679+0000] {processor.py:161} INFO - Started process (PID=54) to work on /opt/airflow/dags/customer_churn_pipeline.py
[2025-08-24T02:01:10.703+0000] {processor.py:830} INFO - Processing file /opt/airflow/dags/customer_churn_pipeline.py for tasks to queue
[2025-08-24T02:01:10.707+0000] {logging_mixin.py:188} INFO - [2025-08-24T02:01:10.706+0000] {dagbag.py:538} INFO - Filling up the DagBag from /opt/airflow/dags/customer_churn_pipeline.py
[2025-08-24T02:01:11.237+0000] {logging_mixin.py:188} INFO - [2025-08-24T02:01:11.205+0000] {dagbag.py:348} ERROR - Failed to import: /opt/airflow/dags/customer_churn_pipeline.py
Traceback (most recent call last):
  File "/home/airflow/.local/lib/python3.8/site-packages/airflow/models/dagbag.py", line 344, in parse
    loader.exec_module(new_module)
  File "<frozen importlib._bootstrap_external>", line 843, in exec_module
  File "<frozen importlib._bootstrap>", line 219, in _call_with_frames_removed
  File "/opt/airflow/dags/customer_churn_pipeline.py", line 5, in <module>
    from sklearn.model_selection import train_test_split
ModuleNotFoundError: No module named 'sklearn'
[2025-08-24T02:01:11.241+0000] {processor.py:842} WARNING - No viable dags retrieved from /opt/airflow/dags/customer_churn_pipeline.py
[2025-08-24T02:01:11.288+0000] {processor.py:183} INFO - Processing /opt/airflow/dags/customer_churn_pipeline.py took 0.614 seconds
[2025-08-24T02:01:41.916+0000] {processor.py:161} INFO - Started process (PID=56) to work on /opt/airflow/dags/customer_churn_pipeline.py
[2025-08-24T02:01:41.929+0000] {processor.py:830} INFO - Processing file /opt/airflow/dags/customer_churn_pipeline.py for tasks to queue
[2025-08-24T02:01:41.944+0000] {logging_mixin.py:188} INFO - [2025-08-24T02:01:41.940+0000] {dagbag.py:538} INFO - Filling up the DagBag from /opt/airflow/dags/customer_churn_pipeline.py
[2025-08-24T02:01:42.869+0000] {logging_mixin.py:188} INFO - [2025-08-24T02:01:42.686+0000] {dagbag.py:348} ERROR - Failed to import: /opt/airflow/dags/customer_churn_pipeline.py
Traceback (most recent call last):
  File "/home/airflow/.local/lib/python3.8/site-packages/airflow/models/dagbag.py", line 344, in parse
    loader.exec_module(new_module)
  File "<frozen importlib._bootstrap_external>", line 843, in exec_module
  File "<frozen importlib._bootstrap>", line 219, in _call_with_frames_removed
  File "/opt/airflow/dags/customer_churn_pipeline.py", line 5, in <module>
    from sklearn.model_selection import train_test_split
ModuleNotFoundError: No module named 'sklearn'
[2025-08-24T02:01:42.896+0000] {processor.py:842} WARNING - No viable dags retrieved from /opt/airflow/dags/customer_churn_pipeline.py
[2025-08-24T02:01:42.962+0000] {processor.py:183} INFO - Processing /opt/airflow/dags/customer_churn_pipeline.py took 1.056 seconds
[2025-08-24T02:02:13.302+0000] {processor.py:161} INFO - Started process (PID=58) to work on /opt/airflow/dags/customer_churn_pipeline.py
[2025-08-24T02:02:13.305+0000] {processor.py:830} INFO - Processing file /opt/airflow/dags/customer_churn_pipeline.py for tasks to queue
[2025-08-24T02:02:13.309+0000] {logging_mixin.py:188} INFO - [2025-08-24T02:02:13.309+0000] {dagbag.py:538} INFO - Filling up the DagBag from /opt/airflow/dags/customer_churn_pipeline.py
[2025-08-24T02:02:13.612+0000] {logging_mixin.py:188} INFO - [2025-08-24T02:02:13.606+0000] {dagbag.py:348} ERROR - Failed to import: /opt/airflow/dags/customer_churn_pipeline.py
Traceback (most recent call last):
  File "/home/airflow/.local/lib/python3.8/site-packages/airflow/models/dagbag.py", line 344, in parse
    loader.exec_module(new_module)
  File "<frozen importlib._bootstrap_external>", line 843, in exec_module
  File "<frozen importlib._bootstrap>", line 219, in _call_with_frames_removed
  File "/opt/airflow/dags/customer_churn_pipeline.py", line 5, in <module>
    from sklearn.model_selection import train_test_split
ModuleNotFoundError: No module named 'sklearn'
[2025-08-24T02:02:13.614+0000] {processor.py:842} WARNING - No viable dags retrieved from /opt/airflow/dags/customer_churn_pipeline.py
[2025-08-24T02:02:13.634+0000] {processor.py:183} INFO - Processing /opt/airflow/dags/customer_churn_pipeline.py took 0.339 seconds
[2025-08-24T02:02:43.973+0000] {processor.py:161} INFO - Started process (PID=60) to work on /opt/airflow/dags/customer_churn_pipeline.py
[2025-08-24T02:02:43.974+0000] {processor.py:830} INFO - Processing file /opt/airflow/dags/customer_churn_pipeline.py for tasks to queue
[2025-08-24T02:02:43.976+0000] {logging_mixin.py:188} INFO - [2025-08-24T02:02:43.976+0000] {dagbag.py:538} INFO - Filling up the DagBag from /opt/airflow/dags/customer_churn_pipeline.py
[2025-08-24T02:02:44.532+0000] {logging_mixin.py:188} INFO - [2025-08-24T02:02:44.525+0000] {dagbag.py:348} ERROR - Failed to import: /opt/airflow/dags/customer_churn_pipeline.py
Traceback (most recent call last):
  File "/home/airflow/.local/lib/python3.8/site-packages/airflow/models/dagbag.py", line 344, in parse
    loader.exec_module(new_module)
  File "<frozen importlib._bootstrap_external>", line 843, in exec_module
  File "<frozen importlib._bootstrap>", line 219, in _call_with_frames_removed
  File "/opt/airflow/dags/customer_churn_pipeline.py", line 5, in <module>
    from sklearn.model_selection import train_test_split
ModuleNotFoundError: No module named 'sklearn'
[2025-08-24T02:02:44.536+0000] {processor.py:842} WARNING - No viable dags retrieved from /opt/airflow/dags/customer_churn_pipeline.py
[2025-08-24T02:02:44.558+0000] {processor.py:183} INFO - Processing /opt/airflow/dags/customer_churn_pipeline.py took 0.588 seconds
[2025-08-24T02:03:15.452+0000] {processor.py:161} INFO - Started process (PID=62) to work on /opt/airflow/dags/customer_churn_pipeline.py
[2025-08-24T02:03:15.460+0000] {processor.py:830} INFO - Processing file /opt/airflow/dags/customer_churn_pipeline.py for tasks to queue
[2025-08-24T02:03:15.469+0000] {logging_mixin.py:188} INFO - [2025-08-24T02:03:15.468+0000] {dagbag.py:538} INFO - Filling up the DagBag from /opt/airflow/dags/customer_churn_pipeline.py
[2025-08-24T02:03:15.937+0000] {logging_mixin.py:188} INFO - [2025-08-24T02:03:15.930+0000] {dagbag.py:348} ERROR - Failed to import: /opt/airflow/dags/customer_churn_pipeline.py
Traceback (most recent call last):
  File "/home/airflow/.local/lib/python3.8/site-packages/airflow/models/dagbag.py", line 344, in parse
    loader.exec_module(new_module)
  File "<frozen importlib._bootstrap_external>", line 843, in exec_module
  File "<frozen importlib._bootstrap>", line 219, in _call_with_frames_removed
  File "/opt/airflow/dags/customer_churn_pipeline.py", line 5, in <module>
    from sklearn.model_selection import train_test_split
ModuleNotFoundError: No module named 'sklearn'
[2025-08-24T02:03:15.939+0000] {processor.py:842} WARNING - No viable dags retrieved from /opt/airflow/dags/customer_churn_pipeline.py
[2025-08-24T02:03:15.980+0000] {processor.py:183} INFO - Processing /opt/airflow/dags/customer_churn_pipeline.py took 0.531 seconds
[2025-08-24T02:03:46.514+0000] {processor.py:161} INFO - Started process (PID=64) to work on /opt/airflow/dags/customer_churn_pipeline.py
[2025-08-24T02:03:46.519+0000] {processor.py:830} INFO - Processing file /opt/airflow/dags/customer_churn_pipeline.py for tasks to queue
[2025-08-24T02:03:46.521+0000] {logging_mixin.py:188} INFO - [2025-08-24T02:03:46.521+0000] {dagbag.py:538} INFO - Filling up the DagBag from /opt/airflow/dags/customer_churn_pipeline.py
[2025-08-24T02:03:46.953+0000] {logging_mixin.py:188} INFO - [2025-08-24T02:03:46.940+0000] {dagbag.py:348} ERROR - Failed to import: /opt/airflow/dags/customer_churn_pipeline.py
Traceback (most recent call last):
  File "/home/airflow/.local/lib/python3.8/site-packages/airflow/models/dagbag.py", line 344, in parse
    loader.exec_module(new_module)
  File "<frozen importlib._bootstrap_external>", line 843, in exec_module
  File "<frozen importlib._bootstrap>", line 219, in _call_with_frames_removed
  File "/opt/airflow/dags/customer_churn_pipeline.py", line 5, in <module>
    from sklearn.model_selection import train_test_split
ModuleNotFoundError: No module named 'sklearn'
[2025-08-24T02:03:46.958+0000] {processor.py:842} WARNING - No viable dags retrieved from /opt/airflow/dags/customer_churn_pipeline.py
[2025-08-24T02:03:47.009+0000] {processor.py:183} INFO - Processing /opt/airflow/dags/customer_churn_pipeline.py took 0.500 seconds
[2025-08-24T02:04:17.362+0000] {processor.py:161} INFO - Started process (PID=66) to work on /opt/airflow/dags/customer_churn_pipeline.py
[2025-08-24T02:04:17.364+0000] {processor.py:830} INFO - Processing file /opt/airflow/dags/customer_churn_pipeline.py for tasks to queue
[2025-08-24T02:04:17.368+0000] {logging_mixin.py:188} INFO - [2025-08-24T02:04:17.368+0000] {dagbag.py:538} INFO - Filling up the DagBag from /opt/airflow/dags/customer_churn_pipeline.py
[2025-08-24T02:04:17.734+0000] {logging_mixin.py:188} INFO - [2025-08-24T02:04:17.725+0000] {dagbag.py:348} ERROR - Failed to import: /opt/airflow/dags/customer_churn_pipeline.py
Traceback (most recent call last):
  File "/home/airflow/.local/lib/python3.8/site-packages/airflow/models/dagbag.py", line 344, in parse
    loader.exec_module(new_module)
  File "<frozen importlib._bootstrap_external>", line 843, in exec_module
  File "<frozen importlib._bootstrap>", line 219, in _call_with_frames_removed
  File "/opt/airflow/dags/customer_churn_pipeline.py", line 5, in <module>
    from sklearn.model_selection import train_test_split
ModuleNotFoundError: No module named 'sklearn'
[2025-08-24T02:04:17.736+0000] {processor.py:842} WARNING - No viable dags retrieved from /opt/airflow/dags/customer_churn_pipeline.py
[2025-08-24T02:04:17.757+0000] {processor.py:183} INFO - Processing /opt/airflow/dags/customer_churn_pipeline.py took 0.400 seconds
[2025-08-24T02:04:48.227+0000] {processor.py:161} INFO - Started process (PID=68) to work on /opt/airflow/dags/customer_churn_pipeline.py
[2025-08-24T02:04:48.230+0000] {processor.py:830} INFO - Processing file /opt/airflow/dags/customer_churn_pipeline.py for tasks to queue
[2025-08-24T02:04:48.233+0000] {logging_mixin.py:188} INFO - [2025-08-24T02:04:48.233+0000] {dagbag.py:538} INFO - Filling up the DagBag from /opt/airflow/dags/customer_churn_pipeline.py
[2025-08-24T02:04:48.755+0000] {logging_mixin.py:188} INFO - [2025-08-24T02:04:48.702+0000] {dagbag.py:348} ERROR - Failed to import: /opt/airflow/dags/customer_churn_pipeline.py
Traceback (most recent call last):
  File "/home/airflow/.local/lib/python3.8/site-packages/airflow/models/dagbag.py", line 344, in parse
    loader.exec_module(new_module)
  File "<frozen importlib._bootstrap_external>", line 843, in exec_module
  File "<frozen importlib._bootstrap>", line 219, in _call_with_frames_removed
  File "/opt/airflow/dags/customer_churn_pipeline.py", line 5, in <module>
    from sklearn.model_selection import train_test_split
ModuleNotFoundError: No module named 'sklearn'
[2025-08-24T02:04:48.776+0000] {processor.py:842} WARNING - No viable dags retrieved from /opt/airflow/dags/customer_churn_pipeline.py
[2025-08-24T02:04:49.149+0000] {processor.py:183} INFO - Processing /opt/airflow/dags/customer_churn_pipeline.py took 0.927 seconds
[2025-08-24T02:05:19.420+0000] {processor.py:161} INFO - Started process (PID=70) to work on /opt/airflow/dags/customer_churn_pipeline.py
[2025-08-24T02:05:19.422+0000] {processor.py:830} INFO - Processing file /opt/airflow/dags/customer_churn_pipeline.py for tasks to queue
[2025-08-24T02:05:19.426+0000] {logging_mixin.py:188} INFO - [2025-08-24T02:05:19.425+0000] {dagbag.py:538} INFO - Filling up the DagBag from /opt/airflow/dags/customer_churn_pipeline.py
[2025-08-24T02:05:20.095+0000] {logging_mixin.py:188} INFO - [2025-08-24T02:05:20.086+0000] {dagbag.py:348} ERROR - Failed to import: /opt/airflow/dags/customer_churn_pipeline.py
Traceback (most recent call last):
  File "/home/airflow/.local/lib/python3.8/site-packages/airflow/models/dagbag.py", line 344, in parse
    loader.exec_module(new_module)
  File "<frozen importlib._bootstrap_external>", line 843, in exec_module
  File "<frozen importlib._bootstrap>", line 219, in _call_with_frames_removed
  File "/opt/airflow/dags/customer_churn_pipeline.py", line 5, in <module>
    from sklearn.model_selection import train_test_split
ModuleNotFoundError: No module named 'sklearn'
[2025-08-24T02:05:20.099+0000] {processor.py:842} WARNING - No viable dags retrieved from /opt/airflow/dags/customer_churn_pipeline.py
[2025-08-24T02:05:20.126+0000] {processor.py:183} INFO - Processing /opt/airflow/dags/customer_churn_pipeline.py took 0.709 seconds
[2025-08-24T02:05:50.372+0000] {processor.py:161} INFO - Started process (PID=72) to work on /opt/airflow/dags/customer_churn_pipeline.py
[2025-08-24T02:05:50.374+0000] {processor.py:830} INFO - Processing file /opt/airflow/dags/customer_churn_pipeline.py for tasks to queue
[2025-08-24T02:05:50.378+0000] {logging_mixin.py:188} INFO - [2025-08-24T02:05:50.377+0000] {dagbag.py:538} INFO - Filling up the DagBag from /opt/airflow/dags/customer_churn_pipeline.py
[2025-08-24T02:05:51.284+0000] {logging_mixin.py:188} INFO - [2025-08-24T02:05:51.278+0000] {dagbag.py:348} ERROR - Failed to import: /opt/airflow/dags/customer_churn_pipeline.py
Traceback (most recent call last):
  File "/home/airflow/.local/lib/python3.8/site-packages/airflow/models/dagbag.py", line 344, in parse
    loader.exec_module(new_module)
  File "<frozen importlib._bootstrap_external>", line 843, in exec_module
  File "<frozen importlib._bootstrap>", line 219, in _call_with_frames_removed
  File "/opt/airflow/dags/customer_churn_pipeline.py", line 5, in <module>
    from sklearn.model_selection import train_test_split
ModuleNotFoundError: No module named 'sklearn'
[2025-08-24T02:05:51.286+0000] {processor.py:842} WARNING - No viable dags retrieved from /opt/airflow/dags/customer_churn_pipeline.py
[2025-08-24T02:05:51.315+0000] {processor.py:183} INFO - Processing /opt/airflow/dags/customer_churn_pipeline.py took 0.948 seconds
[2025-08-24T02:06:21.680+0000] {processor.py:161} INFO - Started process (PID=74) to work on /opt/airflow/dags/customer_churn_pipeline.py
[2025-08-24T02:06:21.686+0000] {processor.py:830} INFO - Processing file /opt/airflow/dags/customer_churn_pipeline.py for tasks to queue
[2025-08-24T02:06:21.697+0000] {logging_mixin.py:188} INFO - [2025-08-24T02:06:21.696+0000] {dagbag.py:538} INFO - Filling up the DagBag from /opt/airflow/dags/customer_churn_pipeline.py
[2025-08-24T02:06:22.097+0000] {logging_mixin.py:188} INFO - [2025-08-24T02:06:22.088+0000] {dagbag.py:348} ERROR - Failed to import: /opt/airflow/dags/customer_churn_pipeline.py
Traceback (most recent call last):
  File "/home/airflow/.local/lib/python3.8/site-packages/airflow/models/dagbag.py", line 344, in parse
    loader.exec_module(new_module)
  File "<frozen importlib._bootstrap_external>", line 843, in exec_module
  File "<frozen importlib._bootstrap>", line 219, in _call_with_frames_removed
  File "/opt/airflow/dags/customer_churn_pipeline.py", line 5, in <module>
    from sklearn.model_selection import train_test_split
ModuleNotFoundError: No module named 'sklearn'
[2025-08-24T02:06:22.100+0000] {processor.py:842} WARNING - No viable dags retrieved from /opt/airflow/dags/customer_churn_pipeline.py
[2025-08-24T02:06:22.122+0000] {processor.py:183} INFO - Processing /opt/airflow/dags/customer_churn_pipeline.py took 0.447 seconds
[2025-08-24T02:06:52.294+0000] {processor.py:161} INFO - Started process (PID=76) to work on /opt/airflow/dags/customer_churn_pipeline.py
[2025-08-24T02:06:52.295+0000] {processor.py:830} INFO - Processing file /opt/airflow/dags/customer_churn_pipeline.py for tasks to queue
[2025-08-24T02:06:52.299+0000] {logging_mixin.py:188} INFO - [2025-08-24T02:06:52.298+0000] {dagbag.py:538} INFO - Filling up the DagBag from /opt/airflow/dags/customer_churn_pipeline.py
[2025-08-24T02:06:52.729+0000] {logging_mixin.py:188} INFO - [2025-08-24T02:06:52.716+0000] {dagbag.py:348} ERROR - Failed to import: /opt/airflow/dags/customer_churn_pipeline.py
Traceback (most recent call last):
  File "/home/airflow/.local/lib/python3.8/site-packages/airflow/models/dagbag.py", line 344, in parse
    loader.exec_module(new_module)
  File "<frozen importlib._bootstrap_external>", line 843, in exec_module
  File "<frozen importlib._bootstrap>", line 219, in _call_with_frames_removed
  File "/opt/airflow/dags/customer_churn_pipeline.py", line 5, in <module>
    from sklearn.model_selection import train_test_split
ModuleNotFoundError: No module named 'sklearn'
[2025-08-24T02:06:52.734+0000] {processor.py:842} WARNING - No viable dags retrieved from /opt/airflow/dags/customer_churn_pipeline.py
[2025-08-24T02:06:52.767+0000] {processor.py:183} INFO - Processing /opt/airflow/dags/customer_churn_pipeline.py took 0.476 seconds
[2025-08-24T02:07:23.103+0000] {processor.py:161} INFO - Started process (PID=78) to work on /opt/airflow/dags/customer_churn_pipeline.py
[2025-08-24T02:07:23.105+0000] {processor.py:830} INFO - Processing file /opt/airflow/dags/customer_churn_pipeline.py for tasks to queue
[2025-08-24T02:07:23.108+0000] {logging_mixin.py:188} INFO - [2025-08-24T02:07:23.107+0000] {dagbag.py:538} INFO - Filling up the DagBag from /opt/airflow/dags/customer_churn_pipeline.py
[2025-08-24T02:07:23.428+0000] {logging_mixin.py:188} INFO - [2025-08-24T02:07:23.420+0000] {dagbag.py:348} ERROR - Failed to import: /opt/airflow/dags/customer_churn_pipeline.py
Traceback (most recent call last):
  File "/home/airflow/.local/lib/python3.8/site-packages/airflow/models/dagbag.py", line 344, in parse
    loader.exec_module(new_module)
  File "<frozen importlib._bootstrap_external>", line 843, in exec_module
  File "<frozen importlib._bootstrap>", line 219, in _call_with_frames_removed
  File "/opt/airflow/dags/customer_churn_pipeline.py", line 5, in <module>
    from sklearn.model_selection import train_test_split
ModuleNotFoundError: No module named 'sklearn'
[2025-08-24T02:07:23.431+0000] {processor.py:842} WARNING - No viable dags retrieved from /opt/airflow/dags/customer_churn_pipeline.py
[2025-08-24T02:07:23.465+0000] {processor.py:183} INFO - Processing /opt/airflow/dags/customer_churn_pipeline.py took 0.366 seconds
[2025-08-24T02:07:53.964+0000] {processor.py:161} INFO - Started process (PID=80) to work on /opt/airflow/dags/customer_churn_pipeline.py
[2025-08-24T02:07:53.967+0000] {processor.py:830} INFO - Processing file /opt/airflow/dags/customer_churn_pipeline.py for tasks to queue
[2025-08-24T02:07:53.979+0000] {logging_mixin.py:188} INFO - [2025-08-24T02:07:53.978+0000] {dagbag.py:538} INFO - Filling up the DagBag from /opt/airflow/dags/customer_churn_pipeline.py
[2025-08-24T02:07:54.605+0000] {logging_mixin.py:188} INFO - [2025-08-24T02:07:54.597+0000] {dagbag.py:348} ERROR - Failed to import: /opt/airflow/dags/customer_churn_pipeline.py
Traceback (most recent call last):
  File "/home/airflow/.local/lib/python3.8/site-packages/airflow/models/dagbag.py", line 344, in parse
    loader.exec_module(new_module)
  File "<frozen importlib._bootstrap_external>", line 843, in exec_module
  File "<frozen importlib._bootstrap>", line 219, in _call_with_frames_removed
  File "/opt/airflow/dags/customer_churn_pipeline.py", line 5, in <module>
    from sklearn.model_selection import train_test_split
ModuleNotFoundError: No module named 'sklearn'
[2025-08-24T02:07:54.608+0000] {processor.py:842} WARNING - No viable dags retrieved from /opt/airflow/dags/customer_churn_pipeline.py
[2025-08-24T02:07:54.634+0000] {processor.py:183} INFO - Processing /opt/airflow/dags/customer_churn_pipeline.py took 0.675 seconds
[2025-08-24T02:08:24.960+0000] {processor.py:161} INFO - Started process (PID=82) to work on /opt/airflow/dags/customer_churn_pipeline.py
[2025-08-24T02:08:24.962+0000] {processor.py:830} INFO - Processing file /opt/airflow/dags/customer_churn_pipeline.py for tasks to queue
[2025-08-24T02:08:24.964+0000] {logging_mixin.py:188} INFO - [2025-08-24T02:08:24.964+0000] {dagbag.py:538} INFO - Filling up the DagBag from /opt/airflow/dags/customer_churn_pipeline.py
[2025-08-24T02:08:25.523+0000] {logging_mixin.py:188} INFO - [2025-08-24T02:08:25.515+0000] {dagbag.py:348} ERROR - Failed to import: /opt/airflow/dags/customer_churn_pipeline.py
Traceback (most recent call last):
  File "/home/airflow/.local/lib/python3.8/site-packages/airflow/models/dagbag.py", line 344, in parse
    loader.exec_module(new_module)
  File "<frozen importlib._bootstrap_external>", line 843, in exec_module
  File "<frozen importlib._bootstrap>", line 219, in _call_with_frames_removed
  File "/opt/airflow/dags/customer_churn_pipeline.py", line 5, in <module>
    from sklearn.model_selection import train_test_split
ModuleNotFoundError: No module named 'sklearn'
[2025-08-24T02:08:25.525+0000] {processor.py:842} WARNING - No viable dags retrieved from /opt/airflow/dags/customer_churn_pipeline.py
[2025-08-24T02:08:25.557+0000] {processor.py:183} INFO - Processing /opt/airflow/dags/customer_churn_pipeline.py took 0.600 seconds
[2025-08-24T02:08:56.433+0000] {processor.py:161} INFO - Started process (PID=84) to work on /opt/airflow/dags/customer_churn_pipeline.py
[2025-08-24T02:08:56.436+0000] {processor.py:830} INFO - Processing file /opt/airflow/dags/customer_churn_pipeline.py for tasks to queue
[2025-08-24T02:08:56.440+0000] {logging_mixin.py:188} INFO - [2025-08-24T02:08:56.440+0000] {dagbag.py:538} INFO - Filling up the DagBag from /opt/airflow/dags/customer_churn_pipeline.py
[2025-08-24T02:08:56.820+0000] {logging_mixin.py:188} INFO - [2025-08-24T02:08:56.812+0000] {dagbag.py:348} ERROR - Failed to import: /opt/airflow/dags/customer_churn_pipeline.py
Traceback (most recent call last):
  File "/home/airflow/.local/lib/python3.8/site-packages/airflow/models/dagbag.py", line 344, in parse
    loader.exec_module(new_module)
  File "<frozen importlib._bootstrap_external>", line 843, in exec_module
  File "<frozen importlib._bootstrap>", line 219, in _call_with_frames_removed
  File "/opt/airflow/dags/customer_churn_pipeline.py", line 5, in <module>
    from sklearn.model_selection import train_test_split
ModuleNotFoundError: No module named 'sklearn'
[2025-08-24T02:08:56.823+0000] {processor.py:842} WARNING - No viable dags retrieved from /opt/airflow/dags/customer_churn_pipeline.py
[2025-08-24T02:08:56.852+0000] {processor.py:183} INFO - Processing /opt/airflow/dags/customer_churn_pipeline.py took 0.423 seconds
[2025-08-24T02:09:27.526+0000] {processor.py:161} INFO - Started process (PID=86) to work on /opt/airflow/dags/customer_churn_pipeline.py
[2025-08-24T02:09:27.528+0000] {processor.py:830} INFO - Processing file /opt/airflow/dags/customer_churn_pipeline.py for tasks to queue
[2025-08-24T02:09:27.531+0000] {logging_mixin.py:188} INFO - [2025-08-24T02:09:27.531+0000] {dagbag.py:538} INFO - Filling up the DagBag from /opt/airflow/dags/customer_churn_pipeline.py
[2025-08-24T02:09:27.823+0000] {logging_mixin.py:188} INFO - [2025-08-24T02:09:27.816+0000] {dagbag.py:348} ERROR - Failed to import: /opt/airflow/dags/customer_churn_pipeline.py
Traceback (most recent call last):
  File "/home/airflow/.local/lib/python3.8/site-packages/airflow/models/dagbag.py", line 344, in parse
    loader.exec_module(new_module)
  File "<frozen importlib._bootstrap_external>", line 843, in exec_module
  File "<frozen importlib._bootstrap>", line 219, in _call_with_frames_removed
  File "/opt/airflow/dags/customer_churn_pipeline.py", line 5, in <module>
    from sklearn.model_selection import train_test_split
ModuleNotFoundError: No module named 'sklearn'
[2025-08-24T02:09:27.825+0000] {processor.py:842} WARNING - No viable dags retrieved from /opt/airflow/dags/customer_churn_pipeline.py
[2025-08-24T02:09:27.865+0000] {processor.py:183} INFO - Processing /opt/airflow/dags/customer_churn_pipeline.py took 0.342 seconds
[2025-08-24T02:09:58.636+0000] {processor.py:161} INFO - Started process (PID=88) to work on /opt/airflow/dags/customer_churn_pipeline.py
[2025-08-24T02:09:58.638+0000] {processor.py:830} INFO - Processing file /opt/airflow/dags/customer_churn_pipeline.py for tasks to queue
[2025-08-24T02:09:58.643+0000] {logging_mixin.py:188} INFO - [2025-08-24T02:09:58.642+0000] {dagbag.py:538} INFO - Filling up the DagBag from /opt/airflow/dags/customer_churn_pipeline.py
[2025-08-24T02:09:59.004+0000] {logging_mixin.py:188} INFO - [2025-08-24T02:09:58.948+0000] {dagbag.py:348} ERROR - Failed to import: /opt/airflow/dags/customer_churn_pipeline.py
Traceback (most recent call last):
  File "/home/airflow/.local/lib/python3.8/site-packages/airflow/models/dagbag.py", line 344, in parse
    loader.exec_module(new_module)
  File "<frozen importlib._bootstrap_external>", line 843, in exec_module
  File "<frozen importlib._bootstrap>", line 219, in _call_with_frames_removed
  File "/opt/airflow/dags/customer_churn_pipeline.py", line 5, in <module>
    from sklearn.model_selection import train_test_split
ModuleNotFoundError: No module named 'sklearn'
[2025-08-24T02:09:59.044+0000] {processor.py:842} WARNING - No viable dags retrieved from /opt/airflow/dags/customer_churn_pipeline.py
[2025-08-24T02:09:59.081+0000] {processor.py:183} INFO - Processing /opt/airflow/dags/customer_churn_pipeline.py took 0.453 seconds
[2025-08-24T02:10:30.027+0000] {processor.py:161} INFO - Started process (PID=90) to work on /opt/airflow/dags/customer_churn_pipeline.py
[2025-08-24T02:10:30.040+0000] {processor.py:830} INFO - Processing file /opt/airflow/dags/customer_churn_pipeline.py for tasks to queue
[2025-08-24T02:10:30.053+0000] {logging_mixin.py:188} INFO - [2025-08-24T02:10:30.052+0000] {dagbag.py:538} INFO - Filling up the DagBag from /opt/airflow/dags/customer_churn_pipeline.py
[2025-08-24T02:10:30.729+0000] {logging_mixin.py:188} INFO - [2025-08-24T02:10:30.719+0000] {dagbag.py:348} ERROR - Failed to import: /opt/airflow/dags/customer_churn_pipeline.py
Traceback (most recent call last):
  File "/home/airflow/.local/lib/python3.8/site-packages/airflow/models/dagbag.py", line 344, in parse
    loader.exec_module(new_module)
  File "<frozen importlib._bootstrap_external>", line 843, in exec_module
  File "<frozen importlib._bootstrap>", line 219, in _call_with_frames_removed
  File "/opt/airflow/dags/customer_churn_pipeline.py", line 5, in <module>
    from sklearn.model_selection import train_test_split
ModuleNotFoundError: No module named 'sklearn'
[2025-08-24T02:10:30.733+0000] {processor.py:842} WARNING - No viable dags retrieved from /opt/airflow/dags/customer_churn_pipeline.py
[2025-08-24T02:10:30.769+0000] {processor.py:183} INFO - Processing /opt/airflow/dags/customer_churn_pipeline.py took 0.744 seconds
[2025-08-24T02:11:01.242+0000] {processor.py:161} INFO - Started process (PID=92) to work on /opt/airflow/dags/customer_churn_pipeline.py
[2025-08-24T02:11:01.245+0000] {processor.py:830} INFO - Processing file /opt/airflow/dags/customer_churn_pipeline.py for tasks to queue
[2025-08-24T02:11:01.248+0000] {logging_mixin.py:188} INFO - [2025-08-24T02:11:01.247+0000] {dagbag.py:538} INFO - Filling up the DagBag from /opt/airflow/dags/customer_churn_pipeline.py
[2025-08-24T02:11:01.888+0000] {logging_mixin.py:188} INFO - [2025-08-24T02:11:01.870+0000] {dagbag.py:348} ERROR - Failed to import: /opt/airflow/dags/customer_churn_pipeline.py
Traceback (most recent call last):
  File "/home/airflow/.local/lib/python3.8/site-packages/airflow/models/dagbag.py", line 344, in parse
    loader.exec_module(new_module)
  File "<frozen importlib._bootstrap_external>", line 843, in exec_module
  File "<frozen importlib._bootstrap>", line 219, in _call_with_frames_removed
  File "/opt/airflow/dags/customer_churn_pipeline.py", line 5, in <module>
    from sklearn.model_selection import train_test_split
ModuleNotFoundError: No module named 'sklearn'
[2025-08-24T02:11:01.894+0000] {processor.py:842} WARNING - No viable dags retrieved from /opt/airflow/dags/customer_churn_pipeline.py
[2025-08-24T02:11:01.948+0000] {processor.py:183} INFO - Processing /opt/airflow/dags/customer_churn_pipeline.py took 0.708 seconds
[2025-08-24T02:11:32.747+0000] {processor.py:161} INFO - Started process (PID=94) to work on /opt/airflow/dags/customer_churn_pipeline.py
[2025-08-24T02:11:32.749+0000] {processor.py:830} INFO - Processing file /opt/airflow/dags/customer_churn_pipeline.py for tasks to queue
[2025-08-24T02:11:32.752+0000] {logging_mixin.py:188} INFO - [2025-08-24T02:11:32.752+0000] {dagbag.py:538} INFO - Filling up the DagBag from /opt/airflow/dags/customer_churn_pipeline.py
[2025-08-24T02:11:33.062+0000] {logging_mixin.py:188} INFO - [2025-08-24T02:11:33.053+0000] {dagbag.py:348} ERROR - Failed to import: /opt/airflow/dags/customer_churn_pipeline.py
Traceback (most recent call last):
  File "/home/airflow/.local/lib/python3.8/site-packages/airflow/models/dagbag.py", line 344, in parse
    loader.exec_module(new_module)
  File "<frozen importlib._bootstrap_external>", line 843, in exec_module
  File "<frozen importlib._bootstrap>", line 219, in _call_with_frames_removed
  File "/opt/airflow/dags/customer_churn_pipeline.py", line 5, in <module>
    from sklearn.model_selection import train_test_split
ModuleNotFoundError: No module named 'sklearn'
[2025-08-24T02:11:33.065+0000] {processor.py:842} WARNING - No viable dags retrieved from /opt/airflow/dags/customer_churn_pipeline.py
[2025-08-24T02:11:33.087+0000] {processor.py:183} INFO - Processing /opt/airflow/dags/customer_churn_pipeline.py took 0.344 seconds
[2025-08-24T02:12:03.276+0000] {processor.py:161} INFO - Started process (PID=96) to work on /opt/airflow/dags/customer_churn_pipeline.py
[2025-08-24T02:12:03.282+0000] {processor.py:830} INFO - Processing file /opt/airflow/dags/customer_churn_pipeline.py for tasks to queue
[2025-08-24T02:12:03.289+0000] {logging_mixin.py:188} INFO - [2025-08-24T02:12:03.288+0000] {dagbag.py:538} INFO - Filling up the DagBag from /opt/airflow/dags/customer_churn_pipeline.py
[2025-08-24T02:12:03.656+0000] {logging_mixin.py:188} INFO - [2025-08-24T02:12:03.644+0000] {dagbag.py:348} ERROR - Failed to import: /opt/airflow/dags/customer_churn_pipeline.py
Traceback (most recent call last):
  File "/home/airflow/.local/lib/python3.8/site-packages/airflow/models/dagbag.py", line 344, in parse
    loader.exec_module(new_module)
  File "<frozen importlib._bootstrap_external>", line 843, in exec_module
  File "<frozen importlib._bootstrap>", line 219, in _call_with_frames_removed
  File "/opt/airflow/dags/customer_churn_pipeline.py", line 5, in <module>
    from sklearn.model_selection import train_test_split
ModuleNotFoundError: No module named 'sklearn'
[2025-08-24T02:12:03.667+0000] {processor.py:842} WARNING - No viable dags retrieved from /opt/airflow/dags/customer_churn_pipeline.py
[2025-08-24T02:12:03.715+0000] {processor.py:183} INFO - Processing /opt/airflow/dags/customer_churn_pipeline.py took 0.443 seconds
[2025-08-24T02:12:34.172+0000] {processor.py:161} INFO - Started process (PID=98) to work on /opt/airflow/dags/customer_churn_pipeline.py
[2025-08-24T02:12:34.175+0000] {processor.py:830} INFO - Processing file /opt/airflow/dags/customer_churn_pipeline.py for tasks to queue
[2025-08-24T02:12:34.177+0000] {logging_mixin.py:188} INFO - [2025-08-24T02:12:34.177+0000] {dagbag.py:538} INFO - Filling up the DagBag from /opt/airflow/dags/customer_churn_pipeline.py
[2025-08-24T02:12:34.710+0000] {logging_mixin.py:188} INFO - [2025-08-24T02:12:34.694+0000] {dagbag.py:348} ERROR - Failed to import: /opt/airflow/dags/customer_churn_pipeline.py
Traceback (most recent call last):
  File "/home/airflow/.local/lib/python3.8/site-packages/airflow/models/dagbag.py", line 344, in parse
    loader.exec_module(new_module)
  File "<frozen importlib._bootstrap_external>", line 843, in exec_module
  File "<frozen importlib._bootstrap>", line 219, in _call_with_frames_removed
  File "/opt/airflow/dags/customer_churn_pipeline.py", line 5, in <module>
    from sklearn.model_selection import train_test_split
ModuleNotFoundError: No module named 'sklearn'
[2025-08-24T02:12:34.713+0000] {processor.py:842} WARNING - No viable dags retrieved from /opt/airflow/dags/customer_churn_pipeline.py
[2025-08-24T02:12:34.730+0000] {processor.py:183} INFO - Processing /opt/airflow/dags/customer_churn_pipeline.py took 0.563 seconds
[2025-08-24T02:13:05.398+0000] {processor.py:161} INFO - Started process (PID=100) to work on /opt/airflow/dags/customer_churn_pipeline.py
[2025-08-24T02:13:05.401+0000] {processor.py:830} INFO - Processing file /opt/airflow/dags/customer_churn_pipeline.py for tasks to queue
[2025-08-24T02:13:05.403+0000] {logging_mixin.py:188} INFO - [2025-08-24T02:13:05.403+0000] {dagbag.py:538} INFO - Filling up the DagBag from /opt/airflow/dags/customer_churn_pipeline.py
[2025-08-24T02:13:05.908+0000] {logging_mixin.py:188} INFO - [2025-08-24T02:13:05.902+0000] {dagbag.py:348} ERROR - Failed to import: /opt/airflow/dags/customer_churn_pipeline.py
Traceback (most recent call last):
  File "/home/airflow/.local/lib/python3.8/site-packages/airflow/models/dagbag.py", line 344, in parse
    loader.exec_module(new_module)
  File "<frozen importlib._bootstrap_external>", line 843, in exec_module
  File "<frozen importlib._bootstrap>", line 219, in _call_with_frames_removed
  File "/opt/airflow/dags/customer_churn_pipeline.py", line 5, in <module>
    from sklearn.model_selection import train_test_split
ModuleNotFoundError: No module named 'sklearn'
[2025-08-24T02:13:05.912+0000] {processor.py:842} WARNING - No viable dags retrieved from /opt/airflow/dags/customer_churn_pipeline.py
[2025-08-24T02:13:05.941+0000] {processor.py:183} INFO - Processing /opt/airflow/dags/customer_churn_pipeline.py took 0.550 seconds
[2025-08-24T02:13:36.334+0000] {processor.py:161} INFO - Started process (PID=102) to work on /opt/airflow/dags/customer_churn_pipeline.py
[2025-08-24T02:13:36.342+0000] {processor.py:830} INFO - Processing file /opt/airflow/dags/customer_churn_pipeline.py for tasks to queue
[2025-08-24T02:13:36.346+0000] {logging_mixin.py:188} INFO - [2025-08-24T02:13:36.346+0000] {dagbag.py:538} INFO - Filling up the DagBag from /opt/airflow/dags/customer_churn_pipeline.py
[2025-08-24T02:13:36.677+0000] {logging_mixin.py:188} INFO - [2025-08-24T02:13:36.672+0000] {dagbag.py:348} ERROR - Failed to import: /opt/airflow/dags/customer_churn_pipeline.py
Traceback (most recent call last):
  File "/home/airflow/.local/lib/python3.8/site-packages/airflow/models/dagbag.py", line 344, in parse
    loader.exec_module(new_module)
  File "<frozen importlib._bootstrap_external>", line 843, in exec_module
  File "<frozen importlib._bootstrap>", line 219, in _call_with_frames_removed
  File "/opt/airflow/dags/customer_churn_pipeline.py", line 5, in <module>
    from sklearn.model_selection import train_test_split
ModuleNotFoundError: No module named 'sklearn'
[2025-08-24T02:13:36.679+0000] {processor.py:842} WARNING - No viable dags retrieved from /opt/airflow/dags/customer_churn_pipeline.py
[2025-08-24T02:13:36.704+0000] {processor.py:183} INFO - Processing /opt/airflow/dags/customer_churn_pipeline.py took 0.372 seconds
[2025-08-24T02:14:07.139+0000] {processor.py:161} INFO - Started process (PID=104) to work on /opt/airflow/dags/customer_churn_pipeline.py
[2025-08-24T02:14:07.140+0000] {processor.py:830} INFO - Processing file /opt/airflow/dags/customer_churn_pipeline.py for tasks to queue
[2025-08-24T02:14:07.143+0000] {logging_mixin.py:188} INFO - [2025-08-24T02:14:07.142+0000] {dagbag.py:538} INFO - Filling up the DagBag from /opt/airflow/dags/customer_churn_pipeline.py
[2025-08-24T02:14:07.434+0000] {logging_mixin.py:188} INFO - [2025-08-24T02:14:07.386+0000] {dagbag.py:348} ERROR - Failed to import: /opt/airflow/dags/customer_churn_pipeline.py
Traceback (most recent call last):
  File "/home/airflow/.local/lib/python3.8/site-packages/airflow/models/dagbag.py", line 344, in parse
    loader.exec_module(new_module)
  File "<frozen importlib._bootstrap_external>", line 843, in exec_module
  File "<frozen importlib._bootstrap>", line 219, in _call_with_frames_removed
  File "/opt/airflow/dags/customer_churn_pipeline.py", line 5, in <module>
    from sklearn.model_selection import train_test_split
ModuleNotFoundError: No module named 'sklearn'
[2025-08-24T02:14:07.448+0000] {processor.py:842} WARNING - No viable dags retrieved from /opt/airflow/dags/customer_churn_pipeline.py
[2025-08-24T02:14:07.517+0000] {processor.py:183} INFO - Processing /opt/airflow/dags/customer_churn_pipeline.py took 0.381 seconds
[2025-08-24T02:14:37.906+0000] {processor.py:161} INFO - Started process (PID=106) to work on /opt/airflow/dags/customer_churn_pipeline.py
[2025-08-24T02:14:37.910+0000] {processor.py:830} INFO - Processing file /opt/airflow/dags/customer_churn_pipeline.py for tasks to queue
[2025-08-24T02:14:37.915+0000] {logging_mixin.py:188} INFO - [2025-08-24T02:14:37.915+0000] {dagbag.py:538} INFO - Filling up the DagBag from /opt/airflow/dags/customer_churn_pipeline.py
[2025-08-24T02:14:38.207+0000] {logging_mixin.py:188} INFO - [2025-08-24T02:14:38.201+0000] {dagbag.py:348} ERROR - Failed to import: /opt/airflow/dags/customer_churn_pipeline.py
Traceback (most recent call last):
  File "/home/airflow/.local/lib/python3.8/site-packages/airflow/models/dagbag.py", line 344, in parse
    loader.exec_module(new_module)
  File "<frozen importlib._bootstrap_external>", line 843, in exec_module
  File "<frozen importlib._bootstrap>", line 219, in _call_with_frames_removed
  File "/opt/airflow/dags/customer_churn_pipeline.py", line 5, in <module>
    from sklearn.model_selection import train_test_split
ModuleNotFoundError: No module named 'sklearn'
[2025-08-24T02:14:38.209+0000] {processor.py:842} WARNING - No viable dags retrieved from /opt/airflow/dags/customer_churn_pipeline.py
[2025-08-24T02:14:38.235+0000] {processor.py:183} INFO - Processing /opt/airflow/dags/customer_churn_pipeline.py took 0.335 seconds
[2025-08-24T02:15:08.472+0000] {processor.py:161} INFO - Started process (PID=108) to work on /opt/airflow/dags/customer_churn_pipeline.py
[2025-08-24T02:15:08.475+0000] {processor.py:830} INFO - Processing file /opt/airflow/dags/customer_churn_pipeline.py for tasks to queue
[2025-08-24T02:15:08.478+0000] {logging_mixin.py:188} INFO - [2025-08-24T02:15:08.477+0000] {dagbag.py:538} INFO - Filling up the DagBag from /opt/airflow/dags/customer_churn_pipeline.py
[2025-08-24T02:15:08.922+0000] {logging_mixin.py:188} INFO - [2025-08-24T02:15:08.901+0000] {dagbag.py:348} ERROR - Failed to import: /opt/airflow/dags/customer_churn_pipeline.py
Traceback (most recent call last):
  File "/home/airflow/.local/lib/python3.8/site-packages/airflow/models/dagbag.py", line 344, in parse
    loader.exec_module(new_module)
  File "<frozen importlib._bootstrap_external>", line 843, in exec_module
  File "<frozen importlib._bootstrap>", line 219, in _call_with_frames_removed
  File "/opt/airflow/dags/customer_churn_pipeline.py", line 5, in <module>
    from sklearn.model_selection import train_test_split
ModuleNotFoundError: No module named 'sklearn'
[2025-08-24T02:15:08.925+0000] {processor.py:842} WARNING - No viable dags retrieved from /opt/airflow/dags/customer_churn_pipeline.py
[2025-08-24T02:15:08.967+0000] {processor.py:183} INFO - Processing /opt/airflow/dags/customer_churn_pipeline.py took 0.500 seconds
[2025-08-24T02:15:39.428+0000] {processor.py:161} INFO - Started process (PID=110) to work on /opt/airflow/dags/customer_churn_pipeline.py
[2025-08-24T02:15:39.430+0000] {processor.py:830} INFO - Processing file /opt/airflow/dags/customer_churn_pipeline.py for tasks to queue
[2025-08-24T02:15:39.433+0000] {logging_mixin.py:188} INFO - [2025-08-24T02:15:39.433+0000] {dagbag.py:538} INFO - Filling up the DagBag from /opt/airflow/dags/customer_churn_pipeline.py
[2025-08-24T02:15:40.116+0000] {logging_mixin.py:188} INFO - [2025-08-24T02:15:40.104+0000] {dagbag.py:348} ERROR - Failed to import: /opt/airflow/dags/customer_churn_pipeline.py
Traceback (most recent call last):
  File "/home/airflow/.local/lib/python3.8/site-packages/airflow/models/dagbag.py", line 344, in parse
    loader.exec_module(new_module)
  File "<frozen importlib._bootstrap_external>", line 843, in exec_module
  File "<frozen importlib._bootstrap>", line 219, in _call_with_frames_removed
  File "/opt/airflow/dags/customer_churn_pipeline.py", line 5, in <module>
    from sklearn.model_selection import train_test_split
ModuleNotFoundError: No module named 'sklearn'
[2025-08-24T02:15:40.120+0000] {processor.py:842} WARNING - No viable dags retrieved from /opt/airflow/dags/customer_churn_pipeline.py
[2025-08-24T02:15:40.149+0000] {processor.py:183} INFO - Processing /opt/airflow/dags/customer_churn_pipeline.py took 0.727 seconds
[2025-08-24T02:16:10.623+0000] {processor.py:161} INFO - Started process (PID=112) to work on /opt/airflow/dags/customer_churn_pipeline.py
[2025-08-24T02:16:10.625+0000] {processor.py:830} INFO - Processing file /opt/airflow/dags/customer_churn_pipeline.py for tasks to queue
[2025-08-24T02:16:10.627+0000] {logging_mixin.py:188} INFO - [2025-08-24T02:16:10.627+0000] {dagbag.py:538} INFO - Filling up the DagBag from /opt/airflow/dags/customer_churn_pipeline.py
[2025-08-24T02:16:11.139+0000] {logging_mixin.py:188} INFO - [2025-08-24T02:16:11.109+0000] {dagbag.py:348} ERROR - Failed to import: /opt/airflow/dags/customer_churn_pipeline.py
Traceback (most recent call last):
  File "/home/airflow/.local/lib/python3.8/site-packages/airflow/models/dagbag.py", line 344, in parse
    loader.exec_module(new_module)
  File "<frozen importlib._bootstrap_external>", line 843, in exec_module
  File "<frozen importlib._bootstrap>", line 219, in _call_with_frames_removed
  File "/opt/airflow/dags/customer_churn_pipeline.py", line 5, in <module>
    from sklearn.model_selection import train_test_split
ModuleNotFoundError: No module named 'sklearn'
[2025-08-24T02:16:11.142+0000] {processor.py:842} WARNING - No viable dags retrieved from /opt/airflow/dags/customer_churn_pipeline.py
[2025-08-24T02:16:11.162+0000] {processor.py:183} INFO - Processing /opt/airflow/dags/customer_churn_pipeline.py took 0.541 seconds
[2025-08-24T02:16:41.320+0000] {processor.py:161} INFO - Started process (PID=114) to work on /opt/airflow/dags/customer_churn_pipeline.py
[2025-08-24T02:16:41.322+0000] {processor.py:830} INFO - Processing file /opt/airflow/dags/customer_churn_pipeline.py for tasks to queue
[2025-08-24T02:16:41.327+0000] {logging_mixin.py:188} INFO - [2025-08-24T02:16:41.327+0000] {dagbag.py:538} INFO - Filling up the DagBag from /opt/airflow/dags/customer_churn_pipeline.py
[2025-08-24T02:16:41.604+0000] {logging_mixin.py:188} INFO - [2025-08-24T02:16:41.597+0000] {dagbag.py:348} ERROR - Failed to import: /opt/airflow/dags/customer_churn_pipeline.py
Traceback (most recent call last):
  File "/home/airflow/.local/lib/python3.8/site-packages/airflow/models/dagbag.py", line 344, in parse
    loader.exec_module(new_module)
  File "<frozen importlib._bootstrap_external>", line 843, in exec_module
  File "<frozen importlib._bootstrap>", line 219, in _call_with_frames_removed
  File "/opt/airflow/dags/customer_churn_pipeline.py", line 5, in <module>
    from sklearn.model_selection import train_test_split
ModuleNotFoundError: No module named 'sklearn'
[2025-08-24T02:16:41.607+0000] {processor.py:842} WARNING - No viable dags retrieved from /opt/airflow/dags/customer_churn_pipeline.py
[2025-08-24T02:16:41.632+0000] {processor.py:183} INFO - Processing /opt/airflow/dags/customer_churn_pipeline.py took 0.316 seconds
[2025-08-24T02:17:12.262+0000] {processor.py:161} INFO - Started process (PID=116) to work on /opt/airflow/dags/customer_churn_pipeline.py
[2025-08-24T02:17:12.268+0000] {processor.py:830} INFO - Processing file /opt/airflow/dags/customer_churn_pipeline.py for tasks to queue
[2025-08-24T02:17:12.281+0000] {logging_mixin.py:188} INFO - [2025-08-24T02:17:12.280+0000] {dagbag.py:538} INFO - Filling up the DagBag from /opt/airflow/dags/customer_churn_pipeline.py
[2025-08-24T02:17:12.593+0000] {logging_mixin.py:188} INFO - [2025-08-24T02:17:12.588+0000] {dagbag.py:348} ERROR - Failed to import: /opt/airflow/dags/customer_churn_pipeline.py
Traceback (most recent call last):
  File "/home/airflow/.local/lib/python3.8/site-packages/airflow/models/dagbag.py", line 344, in parse
    loader.exec_module(new_module)
  File "<frozen importlib._bootstrap_external>", line 843, in exec_module
  File "<frozen importlib._bootstrap>", line 219, in _call_with_frames_removed
  File "/opt/airflow/dags/customer_churn_pipeline.py", line 5, in <module>
    from sklearn.model_selection import train_test_split
ModuleNotFoundError: No module named 'sklearn'
[2025-08-24T02:17:12.596+0000] {processor.py:842} WARNING - No viable dags retrieved from /opt/airflow/dags/customer_churn_pipeline.py
[2025-08-24T02:17:12.623+0000] {processor.py:183} INFO - Processing /opt/airflow/dags/customer_churn_pipeline.py took 0.366 seconds
[2025-08-24T02:17:43.094+0000] {processor.py:161} INFO - Started process (PID=118) to work on /opt/airflow/dags/customer_churn_pipeline.py
[2025-08-24T02:17:43.097+0000] {processor.py:830} INFO - Processing file /opt/airflow/dags/customer_churn_pipeline.py for tasks to queue
[2025-08-24T02:17:43.101+0000] {logging_mixin.py:188} INFO - [2025-08-24T02:17:43.100+0000] {dagbag.py:538} INFO - Filling up the DagBag from /opt/airflow/dags/customer_churn_pipeline.py
[2025-08-24T02:17:43.620+0000] {logging_mixin.py:188} INFO - [2025-08-24T02:17:43.596+0000] {dagbag.py:348} ERROR - Failed to import: /opt/airflow/dags/customer_churn_pipeline.py
Traceback (most recent call last):
  File "/home/airflow/.local/lib/python3.8/site-packages/airflow/models/dagbag.py", line 344, in parse
    loader.exec_module(new_module)
  File "<frozen importlib._bootstrap_external>", line 843, in exec_module
  File "<frozen importlib._bootstrap>", line 219, in _call_with_frames_removed
  File "/opt/airflow/dags/customer_churn_pipeline.py", line 5, in <module>
    from sklearn.model_selection import train_test_split
ModuleNotFoundError: No module named 'sklearn'
[2025-08-24T02:17:43.621+0000] {processor.py:842} WARNING - No viable dags retrieved from /opt/airflow/dags/customer_churn_pipeline.py
[2025-08-24T02:17:43.652+0000] {processor.py:183} INFO - Processing /opt/airflow/dags/customer_churn_pipeline.py took 0.564 seconds
[2025-08-24T02:18:14.431+0000] {processor.py:161} INFO - Started process (PID=120) to work on /opt/airflow/dags/customer_churn_pipeline.py
[2025-08-24T02:18:14.433+0000] {processor.py:830} INFO - Processing file /opt/airflow/dags/customer_churn_pipeline.py for tasks to queue
[2025-08-24T02:18:14.437+0000] {logging_mixin.py:188} INFO - [2025-08-24T02:18:14.436+0000] {dagbag.py:538} INFO - Filling up the DagBag from /opt/airflow/dags/customer_churn_pipeline.py
[2025-08-24T02:18:14.888+0000] {logging_mixin.py:188} INFO - [2025-08-24T02:18:14.880+0000] {dagbag.py:348} ERROR - Failed to import: /opt/airflow/dags/customer_churn_pipeline.py
Traceback (most recent call last):
  File "/home/airflow/.local/lib/python3.8/site-packages/airflow/models/dagbag.py", line 344, in parse
    loader.exec_module(new_module)
  File "<frozen importlib._bootstrap_external>", line 843, in exec_module
  File "<frozen importlib._bootstrap>", line 219, in _call_with_frames_removed
  File "/opt/airflow/dags/customer_churn_pipeline.py", line 5, in <module>
    from sklearn.model_selection import train_test_split
ModuleNotFoundError: No module named 'sklearn'
[2025-08-24T02:18:14.891+0000] {processor.py:842} WARNING - No viable dags retrieved from /opt/airflow/dags/customer_churn_pipeline.py
[2025-08-24T02:18:14.921+0000] {processor.py:183} INFO - Processing /opt/airflow/dags/customer_churn_pipeline.py took 0.496 seconds
[2025-08-24T02:18:45.603+0000] {processor.py:161} INFO - Started process (PID=122) to work on /opt/airflow/dags/customer_churn_pipeline.py
[2025-08-24T02:18:45.607+0000] {processor.py:830} INFO - Processing file /opt/airflow/dags/customer_churn_pipeline.py for tasks to queue
[2025-08-24T02:18:45.610+0000] {logging_mixin.py:188} INFO - [2025-08-24T02:18:45.610+0000] {dagbag.py:538} INFO - Filling up the DagBag from /opt/airflow/dags/customer_churn_pipeline.py
[2025-08-24T02:18:46.310+0000] {logging_mixin.py:188} INFO - [2025-08-24T02:18:46.206+0000] {dagbag.py:348} ERROR - Failed to import: /opt/airflow/dags/customer_churn_pipeline.py
Traceback (most recent call last):
  File "/home/airflow/.local/lib/python3.8/site-packages/airflow/models/dagbag.py", line 344, in parse
    loader.exec_module(new_module)
  File "<frozen importlib._bootstrap_external>", line 843, in exec_module
  File "<frozen importlib._bootstrap>", line 219, in _call_with_frames_removed
  File "/opt/airflow/dags/customer_churn_pipeline.py", line 5, in <module>
    from sklearn.model_selection import train_test_split
ModuleNotFoundError: No module named 'sklearn'
[2025-08-24T02:18:46.361+0000] {processor.py:842} WARNING - No viable dags retrieved from /opt/airflow/dags/customer_churn_pipeline.py
[2025-08-24T02:18:46.403+0000] {processor.py:183} INFO - Processing /opt/airflow/dags/customer_churn_pipeline.py took 0.804 seconds
[2025-08-24T02:19:17.377+0000] {processor.py:161} INFO - Started process (PID=124) to work on /opt/airflow/dags/customer_churn_pipeline.py
[2025-08-24T02:19:17.378+0000] {processor.py:830} INFO - Processing file /opt/airflow/dags/customer_churn_pipeline.py for tasks to queue
[2025-08-24T02:19:17.381+0000] {logging_mixin.py:188} INFO - [2025-08-24T02:19:17.381+0000] {dagbag.py:538} INFO - Filling up the DagBag from /opt/airflow/dags/customer_churn_pipeline.py
[2025-08-24T02:19:17.692+0000] {logging_mixin.py:188} INFO - [2025-08-24T02:19:17.683+0000] {dagbag.py:348} ERROR - Failed to import: /opt/airflow/dags/customer_churn_pipeline.py
Traceback (most recent call last):
  File "/home/airflow/.local/lib/python3.8/site-packages/airflow/models/dagbag.py", line 344, in parse
    loader.exec_module(new_module)
  File "<frozen importlib._bootstrap_external>", line 843, in exec_module
  File "<frozen importlib._bootstrap>", line 219, in _call_with_frames_removed
  File "/opt/airflow/dags/customer_churn_pipeline.py", line 5, in <module>
    from sklearn.model_selection import train_test_split
ModuleNotFoundError: No module named 'sklearn'
[2025-08-24T02:19:17.697+0000] {processor.py:842} WARNING - No viable dags retrieved from /opt/airflow/dags/customer_churn_pipeline.py
[2025-08-24T02:19:17.751+0000] {processor.py:183} INFO - Processing /opt/airflow/dags/customer_churn_pipeline.py took 0.377 seconds
[2025-08-24T02:19:48.168+0000] {processor.py:161} INFO - Started process (PID=126) to work on /opt/airflow/dags/customer_churn_pipeline.py
[2025-08-24T02:19:48.170+0000] {processor.py:830} INFO - Processing file /opt/airflow/dags/customer_churn_pipeline.py for tasks to queue
[2025-08-24T02:19:48.174+0000] {logging_mixin.py:188} INFO - [2025-08-24T02:19:48.173+0000] {dagbag.py:538} INFO - Filling up the DagBag from /opt/airflow/dags/customer_churn_pipeline.py
[2025-08-24T02:19:48.904+0000] {logging_mixin.py:188} INFO - [2025-08-24T02:19:48.897+0000] {dagbag.py:348} ERROR - Failed to import: /opt/airflow/dags/customer_churn_pipeline.py
Traceback (most recent call last):
  File "/home/airflow/.local/lib/python3.8/site-packages/airflow/models/dagbag.py", line 344, in parse
    loader.exec_module(new_module)
  File "<frozen importlib._bootstrap_external>", line 843, in exec_module
  File "<frozen importlib._bootstrap>", line 219, in _call_with_frames_removed
  File "/opt/airflow/dags/customer_churn_pipeline.py", line 5, in <module>
    from sklearn.model_selection import train_test_split
ModuleNotFoundError: No module named 'sklearn'
[2025-08-24T02:19:48.906+0000] {processor.py:842} WARNING - No viable dags retrieved from /opt/airflow/dags/customer_churn_pipeline.py
[2025-08-24T02:19:48.944+0000] {processor.py:183} INFO - Processing /opt/airflow/dags/customer_churn_pipeline.py took 0.781 seconds
[2025-08-24T02:20:19.286+0000] {processor.py:161} INFO - Started process (PID=128) to work on /opt/airflow/dags/customer_churn_pipeline.py
[2025-08-24T02:20:19.298+0000] {processor.py:830} INFO - Processing file /opt/airflow/dags/customer_churn_pipeline.py for tasks to queue
[2025-08-24T02:20:19.310+0000] {logging_mixin.py:188} INFO - [2025-08-24T02:20:19.310+0000] {dagbag.py:538} INFO - Filling up the DagBag from /opt/airflow/dags/customer_churn_pipeline.py
[2025-08-24T02:20:19.863+0000] {logging_mixin.py:188} INFO - [2025-08-24T02:20:19.854+0000] {dagbag.py:348} ERROR - Failed to import: /opt/airflow/dags/customer_churn_pipeline.py
Traceback (most recent call last):
  File "/home/airflow/.local/lib/python3.8/site-packages/airflow/models/dagbag.py", line 344, in parse
    loader.exec_module(new_module)
  File "<frozen importlib._bootstrap_external>", line 843, in exec_module
  File "<frozen importlib._bootstrap>", line 219, in _call_with_frames_removed
  File "/opt/airflow/dags/customer_churn_pipeline.py", line 5, in <module>
    from sklearn.model_selection import train_test_split
ModuleNotFoundError: No module named 'sklearn'
[2025-08-24T02:20:19.866+0000] {processor.py:842} WARNING - No viable dags retrieved from /opt/airflow/dags/customer_churn_pipeline.py
[2025-08-24T02:20:19.891+0000] {processor.py:183} INFO - Processing /opt/airflow/dags/customer_churn_pipeline.py took 0.614 seconds
[2025-08-24T02:22:04.894+0000] {processor.py:161} INFO - Started process (PID=65) to work on /opt/airflow/dags/customer_churn_pipeline.py
[2025-08-24T02:22:04.896+0000] {processor.py:830} INFO - Processing file /opt/airflow/dags/customer_churn_pipeline.py for tasks to queue
[2025-08-24T02:22:04.899+0000] {logging_mixin.py:188} INFO - [2025-08-24T02:22:04.898+0000] {dagbag.py:538} INFO - Filling up the DagBag from /opt/airflow/dags/customer_churn_pipeline.py
[2025-08-24T02:22:07.356+0000] {processor.py:840} INFO - DAG(s) 'day7_customer_churn_pipeline' retrieved from /opt/airflow/dags/customer_churn_pipeline.py
[2025-08-24T02:22:07.870+0000] {logging_mixin.py:188} INFO - [2025-08-24T02:22:07.869+0000] {override.py:1769} INFO - Created Permission View: can delete on DAG:day7_customer_churn_pipeline
[2025-08-24T02:22:07.900+0000] {logging_mixin.py:188} INFO - [2025-08-24T02:22:07.899+0000] {override.py:1769} INFO - Created Permission View: can edit on DAG:day7_customer_churn_pipeline
[2025-08-24T02:22:07.927+0000] {logging_mixin.py:188} INFO - [2025-08-24T02:22:07.927+0000] {override.py:1769} INFO - Created Permission View: can read on DAG:day7_customer_churn_pipeline
[2025-08-24T02:22:07.930+0000] {logging_mixin.py:188} INFO - [2025-08-24T02:22:07.929+0000] {dag.py:3036} INFO - Sync 1 DAGs
[2025-08-24T02:22:07.963+0000] {logging_mixin.py:188} INFO - [2025-08-24T02:22:07.960+0000] {dag.py:3058} INFO - Creating ORM DAG for day7_customer_churn_pipeline
[2025-08-24T02:22:07.966+0000] {logging_mixin.py:188} INFO - [2025-08-24T02:22:07.965+0000] {dag.py:3823} INFO - Setting next_dagrun for day7_customer_churn_pipeline to None, run_after=None
[2025-08-24T02:22:08.015+0000] {processor.py:183} INFO - Processing /opt/airflow/dags/customer_churn_pipeline.py took 3.129 seconds
[2025-08-24T02:22:38.467+0000] {processor.py:161} INFO - Started process (PID=84) to work on /opt/airflow/dags/customer_churn_pipeline.py
[2025-08-24T02:22:38.469+0000] {processor.py:830} INFO - Processing file /opt/airflow/dags/customer_churn_pipeline.py for tasks to queue
[2025-08-24T02:22:38.475+0000] {logging_mixin.py:188} INFO - [2025-08-24T02:22:38.474+0000] {dagbag.py:538} INFO - Filling up the DagBag from /opt/airflow/dags/customer_churn_pipeline.py
[2025-08-24T02:22:40.414+0000] {processor.py:840} INFO - DAG(s) 'day7_customer_churn_pipeline' retrieved from /opt/airflow/dags/customer_churn_pipeline.py
[2025-08-24T02:22:40.467+0000] {logging_mixin.py:188} INFO - [2025-08-24T02:22:40.466+0000] {dag.py:3036} INFO - Sync 1 DAGs
[2025-08-24T02:22:40.491+0000] {logging_mixin.py:188} INFO - [2025-08-24T02:22:40.490+0000] {dag.py:3823} INFO - Setting next_dagrun for day7_customer_churn_pipeline to None, run_after=None
[2025-08-24T02:22:40.520+0000] {processor.py:183} INFO - Processing /opt/airflow/dags/customer_churn_pipeline.py took 2.059 seconds
[2025-08-24T02:23:10.947+0000] {processor.py:161} INFO - Started process (PID=103) to work on /opt/airflow/dags/customer_churn_pipeline.py
[2025-08-24T02:23:10.949+0000] {processor.py:830} INFO - Processing file /opt/airflow/dags/customer_churn_pipeline.py for tasks to queue
[2025-08-24T02:23:10.951+0000] {logging_mixin.py:188} INFO - [2025-08-24T02:23:10.951+0000] {dagbag.py:538} INFO - Filling up the DagBag from /opt/airflow/dags/customer_churn_pipeline.py
[2025-08-24T02:23:11.996+0000] {processor.py:840} INFO - DAG(s) 'day7_customer_churn_pipeline' retrieved from /opt/airflow/dags/customer_churn_pipeline.py
[2025-08-24T02:23:12.023+0000] {logging_mixin.py:188} INFO - [2025-08-24T02:23:12.023+0000] {dag.py:3036} INFO - Sync 1 DAGs
[2025-08-24T02:23:12.034+0000] {logging_mixin.py:188} INFO - [2025-08-24T02:23:12.034+0000] {dag.py:3823} INFO - Setting next_dagrun for day7_customer_churn_pipeline to None, run_after=None
[2025-08-24T02:23:12.059+0000] {processor.py:183} INFO - Processing /opt/airflow/dags/customer_churn_pipeline.py took 1.116 seconds
[2025-08-24T02:23:42.677+0000] {processor.py:161} INFO - Started process (PID=122) to work on /opt/airflow/dags/customer_churn_pipeline.py
[2025-08-24T02:23:42.684+0000] {processor.py:830} INFO - Processing file /opt/airflow/dags/customer_churn_pipeline.py for tasks to queue
[2025-08-24T02:23:42.688+0000] {logging_mixin.py:188} INFO - [2025-08-24T02:23:42.687+0000] {dagbag.py:538} INFO - Filling up the DagBag from /opt/airflow/dags/customer_churn_pipeline.py
[2025-08-24T02:23:43.804+0000] {processor.py:840} INFO - DAG(s) 'day7_customer_churn_pipeline' retrieved from /opt/airflow/dags/customer_churn_pipeline.py
[2025-08-24T02:23:43.830+0000] {logging_mixin.py:188} INFO - [2025-08-24T02:23:43.830+0000] {dag.py:3036} INFO - Sync 1 DAGs
[2025-08-24T02:23:43.847+0000] {logging_mixin.py:188} INFO - [2025-08-24T02:23:43.847+0000] {dag.py:3823} INFO - Setting next_dagrun for day7_customer_churn_pipeline to None, run_after=None
[2025-08-24T02:23:43.912+0000] {processor.py:183} INFO - Processing /opt/airflow/dags/customer_churn_pipeline.py took 1.238 seconds
[2025-08-24T02:24:14.225+0000] {processor.py:161} INFO - Started process (PID=141) to work on /opt/airflow/dags/customer_churn_pipeline.py
[2025-08-24T02:24:14.227+0000] {processor.py:830} INFO - Processing file /opt/airflow/dags/customer_churn_pipeline.py for tasks to queue
[2025-08-24T02:24:14.230+0000] {logging_mixin.py:188} INFO - [2025-08-24T02:24:14.230+0000] {dagbag.py:538} INFO - Filling up the DagBag from /opt/airflow/dags/customer_churn_pipeline.py
[2025-08-24T02:24:15.180+0000] {processor.py:840} INFO - DAG(s) 'day7_customer_churn_pipeline' retrieved from /opt/airflow/dags/customer_churn_pipeline.py
[2025-08-24T02:24:15.211+0000] {logging_mixin.py:188} INFO - [2025-08-24T02:24:15.210+0000] {dag.py:3036} INFO - Sync 1 DAGs
[2025-08-24T02:24:15.220+0000] {logging_mixin.py:188} INFO - [2025-08-24T02:24:15.220+0000] {dag.py:3823} INFO - Setting next_dagrun for day7_customer_churn_pipeline to None, run_after=None
[2025-08-24T02:24:15.243+0000] {processor.py:183} INFO - Processing /opt/airflow/dags/customer_churn_pipeline.py took 1.023 seconds
[2025-08-24T02:24:45.992+0000] {processor.py:161} INFO - Started process (PID=160) to work on /opt/airflow/dags/customer_churn_pipeline.py
[2025-08-24T02:24:45.998+0000] {processor.py:830} INFO - Processing file /opt/airflow/dags/customer_churn_pipeline.py for tasks to queue
[2025-08-24T02:24:46.000+0000] {logging_mixin.py:188} INFO - [2025-08-24T02:24:46.000+0000] {dagbag.py:538} INFO - Filling up the DagBag from /opt/airflow/dags/customer_churn_pipeline.py
[2025-08-24T02:24:47.203+0000] {processor.py:840} INFO - DAG(s) 'day7_customer_churn_pipeline' retrieved from /opt/airflow/dags/customer_churn_pipeline.py
[2025-08-24T02:24:47.229+0000] {logging_mixin.py:188} INFO - [2025-08-24T02:24:47.229+0000] {dag.py:3036} INFO - Sync 1 DAGs
[2025-08-24T02:24:47.242+0000] {logging_mixin.py:188} INFO - [2025-08-24T02:24:47.241+0000] {dag.py:3823} INFO - Setting next_dagrun for day7_customer_churn_pipeline to None, run_after=None
[2025-08-24T02:24:47.263+0000] {processor.py:183} INFO - Processing /opt/airflow/dags/customer_churn_pipeline.py took 1.275 seconds
[2025-08-24T02:25:17.579+0000] {processor.py:161} INFO - Started process (PID=179) to work on /opt/airflow/dags/customer_churn_pipeline.py
[2025-08-24T02:25:17.583+0000] {processor.py:830} INFO - Processing file /opt/airflow/dags/customer_churn_pipeline.py for tasks to queue
[2025-08-24T02:25:17.587+0000] {logging_mixin.py:188} INFO - [2025-08-24T02:25:17.586+0000] {dagbag.py:538} INFO - Filling up the DagBag from /opt/airflow/dags/customer_churn_pipeline.py
[2025-08-24T02:25:18.552+0000] {processor.py:840} INFO - DAG(s) 'day7_customer_churn_pipeline' retrieved from /opt/airflow/dags/customer_churn_pipeline.py
[2025-08-24T02:25:18.575+0000] {logging_mixin.py:188} INFO - [2025-08-24T02:25:18.575+0000] {dag.py:3036} INFO - Sync 1 DAGs
[2025-08-24T02:25:18.594+0000] {logging_mixin.py:188} INFO - [2025-08-24T02:25:18.594+0000] {dag.py:3823} INFO - Setting next_dagrun for day7_customer_churn_pipeline to None, run_after=None
[2025-08-24T02:25:18.638+0000] {processor.py:183} INFO - Processing /opt/airflow/dags/customer_churn_pipeline.py took 1.065 seconds
[2025-08-24T02:25:49.194+0000] {processor.py:161} INFO - Started process (PID=198) to work on /opt/airflow/dags/customer_churn_pipeline.py
[2025-08-24T02:25:49.197+0000] {processor.py:830} INFO - Processing file /opt/airflow/dags/customer_churn_pipeline.py for tasks to queue
[2025-08-24T02:25:49.201+0000] {logging_mixin.py:188} INFO - [2025-08-24T02:25:49.200+0000] {dagbag.py:538} INFO - Filling up the DagBag from /opt/airflow/dags/customer_churn_pipeline.py
[2025-08-24T02:25:50.111+0000] {processor.py:840} INFO - DAG(s) 'day7_customer_churn_pipeline' retrieved from /opt/airflow/dags/customer_churn_pipeline.py
[2025-08-24T02:25:50.134+0000] {logging_mixin.py:188} INFO - [2025-08-24T02:25:50.133+0000] {dag.py:3036} INFO - Sync 1 DAGs
[2025-08-24T02:25:50.149+0000] {logging_mixin.py:188} INFO - [2025-08-24T02:25:50.149+0000] {dag.py:3823} INFO - Setting next_dagrun for day7_customer_churn_pipeline to None, run_after=None
[2025-08-24T02:25:50.178+0000] {processor.py:183} INFO - Processing /opt/airflow/dags/customer_churn_pipeline.py took 0.990 seconds
[2025-08-24T02:26:20.739+0000] {processor.py:161} INFO - Started process (PID=217) to work on /opt/airflow/dags/customer_churn_pipeline.py
[2025-08-24T02:26:20.742+0000] {processor.py:830} INFO - Processing file /opt/airflow/dags/customer_churn_pipeline.py for tasks to queue
[2025-08-24T02:26:20.744+0000] {logging_mixin.py:188} INFO - [2025-08-24T02:26:20.744+0000] {dagbag.py:538} INFO - Filling up the DagBag from /opt/airflow/dags/customer_churn_pipeline.py
[2025-08-24T02:26:21.806+0000] {processor.py:840} INFO - DAG(s) 'day7_customer_churn_pipeline' retrieved from /opt/airflow/dags/customer_churn_pipeline.py
[2025-08-24T02:26:21.836+0000] {logging_mixin.py:188} INFO - [2025-08-24T02:26:21.835+0000] {dag.py:3036} INFO - Sync 1 DAGs
[2025-08-24T02:26:21.854+0000] {logging_mixin.py:188} INFO - [2025-08-24T02:26:21.853+0000] {dag.py:3823} INFO - Setting next_dagrun for day7_customer_churn_pipeline to None, run_after=None
[2025-08-24T02:26:21.895+0000] {processor.py:183} INFO - Processing /opt/airflow/dags/customer_churn_pipeline.py took 1.159 seconds
[2025-08-24T02:26:52.602+0000] {processor.py:161} INFO - Started process (PID=236) to work on /opt/airflow/dags/customer_churn_pipeline.py
[2025-08-24T02:26:52.604+0000] {processor.py:830} INFO - Processing file /opt/airflow/dags/customer_churn_pipeline.py for tasks to queue
[2025-08-24T02:26:52.609+0000] {logging_mixin.py:188} INFO - [2025-08-24T02:26:52.607+0000] {dagbag.py:538} INFO - Filling up the DagBag from /opt/airflow/dags/customer_churn_pipeline.py
[2025-08-24T02:26:53.722+0000] {processor.py:840} INFO - DAG(s) 'day7_customer_churn_pipeline' retrieved from /opt/airflow/dags/customer_churn_pipeline.py
[2025-08-24T02:26:53.743+0000] {logging_mixin.py:188} INFO - [2025-08-24T02:26:53.743+0000] {dag.py:3036} INFO - Sync 1 DAGs
[2025-08-24T02:26:53.757+0000] {logging_mixin.py:188} INFO - [2025-08-24T02:26:53.757+0000] {dag.py:3823} INFO - Setting next_dagrun for day7_customer_churn_pipeline to None, run_after=None
[2025-08-24T02:26:53.789+0000] {processor.py:183} INFO - Processing /opt/airflow/dags/customer_churn_pipeline.py took 1.193 seconds
[2025-08-24T02:27:24.196+0000] {processor.py:161} INFO - Started process (PID=255) to work on /opt/airflow/dags/customer_churn_pipeline.py
[2025-08-24T02:27:24.198+0000] {processor.py:830} INFO - Processing file /opt/airflow/dags/customer_churn_pipeline.py for tasks to queue
[2025-08-24T02:27:24.202+0000] {logging_mixin.py:188} INFO - [2025-08-24T02:27:24.202+0000] {dagbag.py:538} INFO - Filling up the DagBag from /opt/airflow/dags/customer_churn_pipeline.py
[2025-08-24T02:27:25.191+0000] {processor.py:840} INFO - DAG(s) 'day7_customer_churn_pipeline' retrieved from /opt/airflow/dags/customer_churn_pipeline.py
[2025-08-24T02:27:25.212+0000] {logging_mixin.py:188} INFO - [2025-08-24T02:27:25.212+0000] {dag.py:3036} INFO - Sync 1 DAGs
[2025-08-24T02:27:25.220+0000] {logging_mixin.py:188} INFO - [2025-08-24T02:27:25.220+0000] {dag.py:3823} INFO - Setting next_dagrun for day7_customer_churn_pipeline to None, run_after=None
[2025-08-24T02:27:25.247+0000] {processor.py:183} INFO - Processing /opt/airflow/dags/customer_churn_pipeline.py took 1.057 seconds
[2025-08-24T02:27:55.864+0000] {processor.py:161} INFO - Started process (PID=274) to work on /opt/airflow/dags/customer_churn_pipeline.py
[2025-08-24T02:27:55.865+0000] {processor.py:830} INFO - Processing file /opt/airflow/dags/customer_churn_pipeline.py for tasks to queue
[2025-08-24T02:27:55.870+0000] {logging_mixin.py:188} INFO - [2025-08-24T02:27:55.869+0000] {dagbag.py:538} INFO - Filling up the DagBag from /opt/airflow/dags/customer_churn_pipeline.py
[2025-08-24T02:27:56.817+0000] {processor.py:840} INFO - DAG(s) 'day7_customer_churn_pipeline' retrieved from /opt/airflow/dags/customer_churn_pipeline.py
[2025-08-24T02:27:56.846+0000] {logging_mixin.py:188} INFO - [2025-08-24T02:27:56.846+0000] {dag.py:3036} INFO - Sync 1 DAGs
[2025-08-24T02:27:56.857+0000] {logging_mixin.py:188} INFO - [2025-08-24T02:27:56.857+0000] {dag.py:3823} INFO - Setting next_dagrun for day7_customer_churn_pipeline to None, run_after=None
[2025-08-24T02:27:56.885+0000] {processor.py:183} INFO - Processing /opt/airflow/dags/customer_churn_pipeline.py took 1.025 seconds
[2025-08-24T02:28:27.400+0000] {processor.py:161} INFO - Started process (PID=293) to work on /opt/airflow/dags/customer_churn_pipeline.py
[2025-08-24T02:28:27.401+0000] {processor.py:830} INFO - Processing file /opt/airflow/dags/customer_churn_pipeline.py for tasks to queue
[2025-08-24T02:28:27.404+0000] {logging_mixin.py:188} INFO - [2025-08-24T02:28:27.403+0000] {dagbag.py:538} INFO - Filling up the DagBag from /opt/airflow/dags/customer_churn_pipeline.py
[2025-08-24T02:28:28.224+0000] {processor.py:840} INFO - DAG(s) 'day7_customer_churn_pipeline' retrieved from /opt/airflow/dags/customer_churn_pipeline.py
[2025-08-24T02:28:28.266+0000] {logging_mixin.py:188} INFO - [2025-08-24T02:28:28.266+0000] {dag.py:3036} INFO - Sync 1 DAGs
[2025-08-24T02:28:28.277+0000] {logging_mixin.py:188} INFO - [2025-08-24T02:28:28.277+0000] {dag.py:3823} INFO - Setting next_dagrun for day7_customer_churn_pipeline to None, run_after=None
[2025-08-24T02:28:28.310+0000] {processor.py:183} INFO - Processing /opt/airflow/dags/customer_churn_pipeline.py took 0.914 seconds
[2025-08-24T02:28:58.762+0000] {processor.py:161} INFO - Started process (PID=312) to work on /opt/airflow/dags/customer_churn_pipeline.py
[2025-08-24T02:28:58.763+0000] {processor.py:830} INFO - Processing file /opt/airflow/dags/customer_churn_pipeline.py for tasks to queue
[2025-08-24T02:28:58.765+0000] {logging_mixin.py:188} INFO - [2025-08-24T02:28:58.764+0000] {dagbag.py:538} INFO - Filling up the DagBag from /opt/airflow/dags/customer_churn_pipeline.py
[2025-08-24T02:28:59.846+0000] {processor.py:840} INFO - DAG(s) 'day7_customer_churn_pipeline' retrieved from /opt/airflow/dags/customer_churn_pipeline.py
[2025-08-24T02:28:59.884+0000] {logging_mixin.py:188} INFO - [2025-08-24T02:28:59.884+0000] {dag.py:3036} INFO - Sync 1 DAGs
[2025-08-24T02:28:59.897+0000] {logging_mixin.py:188} INFO - [2025-08-24T02:28:59.896+0000] {dag.py:3823} INFO - Setting next_dagrun for day7_customer_churn_pipeline to None, run_after=None
[2025-08-24T02:28:59.913+0000] {processor.py:183} INFO - Processing /opt/airflow/dags/customer_churn_pipeline.py took 1.153 seconds
[2025-08-24T02:29:30.381+0000] {processor.py:161} INFO - Started process (PID=331) to work on /opt/airflow/dags/customer_churn_pipeline.py
[2025-08-24T02:29:30.383+0000] {processor.py:830} INFO - Processing file /opt/airflow/dags/customer_churn_pipeline.py for tasks to queue
[2025-08-24T02:29:30.385+0000] {logging_mixin.py:188} INFO - [2025-08-24T02:29:30.385+0000] {dagbag.py:538} INFO - Filling up the DagBag from /opt/airflow/dags/customer_churn_pipeline.py
[2025-08-24T02:29:31.320+0000] {processor.py:840} INFO - DAG(s) 'day7_customer_churn_pipeline' retrieved from /opt/airflow/dags/customer_churn_pipeline.py
[2025-08-24T02:29:31.365+0000] {logging_mixin.py:188} INFO - [2025-08-24T02:29:31.363+0000] {dag.py:3036} INFO - Sync 1 DAGs
[2025-08-24T02:29:31.376+0000] {logging_mixin.py:188} INFO - [2025-08-24T02:29:31.375+0000] {dag.py:3823} INFO - Setting next_dagrun for day7_customer_churn_pipeline to None, run_after=None
[2025-08-24T02:29:31.408+0000] {processor.py:183} INFO - Processing /opt/airflow/dags/customer_churn_pipeline.py took 1.031 seconds
[2025-08-24T02:30:02.234+0000] {processor.py:161} INFO - Started process (PID=350) to work on /opt/airflow/dags/customer_churn_pipeline.py
[2025-08-24T02:30:02.236+0000] {processor.py:830} INFO - Processing file /opt/airflow/dags/customer_churn_pipeline.py for tasks to queue
[2025-08-24T02:30:02.238+0000] {logging_mixin.py:188} INFO - [2025-08-24T02:30:02.238+0000] {dagbag.py:538} INFO - Filling up the DagBag from /opt/airflow/dags/customer_churn_pipeline.py
[2025-08-24T02:30:03.125+0000] {processor.py:840} INFO - DAG(s) 'day7_customer_churn_pipeline' retrieved from /opt/airflow/dags/customer_churn_pipeline.py
[2025-08-24T02:30:03.156+0000] {logging_mixin.py:188} INFO - [2025-08-24T02:30:03.150+0000] {dag.py:3036} INFO - Sync 1 DAGs
[2025-08-24T02:30:03.172+0000] {logging_mixin.py:188} INFO - [2025-08-24T02:30:03.172+0000] {dag.py:3823} INFO - Setting next_dagrun for day7_customer_churn_pipeline to None, run_after=None
[2025-08-24T02:30:03.210+0000] {processor.py:183} INFO - Processing /opt/airflow/dags/customer_churn_pipeline.py took 0.981 seconds
[2025-08-24T02:30:33.564+0000] {processor.py:161} INFO - Started process (PID=369) to work on /opt/airflow/dags/customer_churn_pipeline.py
[2025-08-24T02:30:33.565+0000] {processor.py:830} INFO - Processing file /opt/airflow/dags/customer_churn_pipeline.py for tasks to queue
[2025-08-24T02:30:33.567+0000] {logging_mixin.py:188} INFO - [2025-08-24T02:30:33.567+0000] {dagbag.py:538} INFO - Filling up the DagBag from /opt/airflow/dags/customer_churn_pipeline.py
[2025-08-24T02:30:34.809+0000] {processor.py:840} INFO - DAG(s) 'day7_customer_churn_pipeline' retrieved from /opt/airflow/dags/customer_churn_pipeline.py
[2025-08-24T02:30:34.835+0000] {logging_mixin.py:188} INFO - [2025-08-24T02:30:34.834+0000] {dag.py:3036} INFO - Sync 1 DAGs
[2025-08-24T02:30:34.844+0000] {logging_mixin.py:188} INFO - [2025-08-24T02:30:34.844+0000] {dag.py:3823} INFO - Setting next_dagrun for day7_customer_churn_pipeline to None, run_after=None
[2025-08-24T02:30:34.871+0000] {processor.py:183} INFO - Processing /opt/airflow/dags/customer_churn_pipeline.py took 1.311 seconds
[2025-08-24T02:31:05.034+0000] {processor.py:161} INFO - Started process (PID=388) to work on /opt/airflow/dags/customer_churn_pipeline.py
[2025-08-24T02:31:05.036+0000] {processor.py:830} INFO - Processing file /opt/airflow/dags/customer_churn_pipeline.py for tasks to queue
[2025-08-24T02:31:05.039+0000] {logging_mixin.py:188} INFO - [2025-08-24T02:31:05.038+0000] {dagbag.py:538} INFO - Filling up the DagBag from /opt/airflow/dags/customer_churn_pipeline.py
[2025-08-24T02:31:05.882+0000] {processor.py:840} INFO - DAG(s) 'day7_customer_churn_pipeline' retrieved from /opt/airflow/dags/customer_churn_pipeline.py
[2025-08-24T02:31:05.905+0000] {logging_mixin.py:188} INFO - [2025-08-24T02:31:05.905+0000] {dag.py:3036} INFO - Sync 1 DAGs
[2025-08-24T02:31:05.918+0000] {logging_mixin.py:188} INFO - [2025-08-24T02:31:05.918+0000] {dag.py:3823} INFO - Setting next_dagrun for day7_customer_churn_pipeline to None, run_after=None
[2025-08-24T02:31:05.944+0000] {processor.py:183} INFO - Processing /opt/airflow/dags/customer_churn_pipeline.py took 0.915 seconds
[2025-08-24T02:31:36.614+0000] {processor.py:161} INFO - Started process (PID=407) to work on /opt/airflow/dags/customer_churn_pipeline.py
[2025-08-24T02:31:36.616+0000] {processor.py:830} INFO - Processing file /opt/airflow/dags/customer_churn_pipeline.py for tasks to queue
[2025-08-24T02:31:36.618+0000] {logging_mixin.py:188} INFO - [2025-08-24T02:31:36.618+0000] {dagbag.py:538} INFO - Filling up the DagBag from /opt/airflow/dags/customer_churn_pipeline.py
[2025-08-24T02:31:37.599+0000] {processor.py:840} INFO - DAG(s) 'day7_customer_churn_pipeline' retrieved from /opt/airflow/dags/customer_churn_pipeline.py
[2025-08-24T02:31:37.632+0000] {logging_mixin.py:188} INFO - [2025-08-24T02:31:37.632+0000] {dag.py:3036} INFO - Sync 1 DAGs
[2025-08-24T02:31:37.642+0000] {logging_mixin.py:188} INFO - [2025-08-24T02:31:37.642+0000] {dag.py:3823} INFO - Setting next_dagrun for day7_customer_churn_pipeline to None, run_after=None
[2025-08-24T02:31:37.666+0000] {processor.py:183} INFO - Processing /opt/airflow/dags/customer_churn_pipeline.py took 1.057 seconds
[2025-08-24T02:32:09.010+0000] {processor.py:161} INFO - Started process (PID=426) to work on /opt/airflow/dags/customer_churn_pipeline.py
[2025-08-24T02:32:09.012+0000] {processor.py:830} INFO - Processing file /opt/airflow/dags/customer_churn_pipeline.py for tasks to queue
[2025-08-24T02:32:09.015+0000] {logging_mixin.py:188} INFO - [2025-08-24T02:32:09.015+0000] {dagbag.py:538} INFO - Filling up the DagBag from /opt/airflow/dags/customer_churn_pipeline.py
[2025-08-24T02:32:10.184+0000] {processor.py:840} INFO - DAG(s) 'day7_customer_churn_pipeline' retrieved from /opt/airflow/dags/customer_churn_pipeline.py
[2025-08-24T02:32:10.214+0000] {logging_mixin.py:188} INFO - [2025-08-24T02:32:10.213+0000] {dag.py:3036} INFO - Sync 1 DAGs
[2025-08-24T02:32:10.228+0000] {logging_mixin.py:188} INFO - [2025-08-24T02:32:10.228+0000] {dag.py:3823} INFO - Setting next_dagrun for day7_customer_churn_pipeline to None, run_after=None
[2025-08-24T02:32:10.263+0000] {processor.py:183} INFO - Processing /opt/airflow/dags/customer_churn_pipeline.py took 1.257 seconds
[2025-08-24T02:32:40.808+0000] {processor.py:161} INFO - Started process (PID=445) to work on /opt/airflow/dags/customer_churn_pipeline.py
[2025-08-24T02:32:40.814+0000] {processor.py:830} INFO - Processing file /opt/airflow/dags/customer_churn_pipeline.py for tasks to queue
[2025-08-24T02:32:40.817+0000] {logging_mixin.py:188} INFO - [2025-08-24T02:32:40.817+0000] {dagbag.py:538} INFO - Filling up the DagBag from /opt/airflow/dags/customer_churn_pipeline.py
[2025-08-24T02:32:41.769+0000] {processor.py:840} INFO - DAG(s) 'day7_customer_churn_pipeline' retrieved from /opt/airflow/dags/customer_churn_pipeline.py
[2025-08-24T02:32:41.800+0000] {logging_mixin.py:188} INFO - [2025-08-24T02:32:41.800+0000] {dag.py:3036} INFO - Sync 1 DAGs
[2025-08-24T02:32:41.818+0000] {logging_mixin.py:188} INFO - [2025-08-24T02:32:41.818+0000] {dag.py:3823} INFO - Setting next_dagrun for day7_customer_churn_pipeline to None, run_after=None
[2025-08-24T02:32:41.862+0000] {processor.py:183} INFO - Processing /opt/airflow/dags/customer_churn_pipeline.py took 1.061 seconds
[2025-08-24T02:33:12.434+0000] {processor.py:161} INFO - Started process (PID=464) to work on /opt/airflow/dags/customer_churn_pipeline.py
[2025-08-24T02:33:12.440+0000] {processor.py:830} INFO - Processing file /opt/airflow/dags/customer_churn_pipeline.py for tasks to queue
[2025-08-24T02:33:12.444+0000] {logging_mixin.py:188} INFO - [2025-08-24T02:33:12.444+0000] {dagbag.py:538} INFO - Filling up the DagBag from /opt/airflow/dags/customer_churn_pipeline.py
[2025-08-24T02:33:13.513+0000] {processor.py:840} INFO - DAG(s) 'day7_customer_churn_pipeline' retrieved from /opt/airflow/dags/customer_churn_pipeline.py
[2025-08-24T02:33:13.544+0000] {logging_mixin.py:188} INFO - [2025-08-24T02:33:13.543+0000] {dag.py:3036} INFO - Sync 1 DAGs
[2025-08-24T02:33:13.561+0000] {logging_mixin.py:188} INFO - [2025-08-24T02:33:13.561+0000] {dag.py:3823} INFO - Setting next_dagrun for day7_customer_churn_pipeline to None, run_after=None
[2025-08-24T02:33:13.618+0000] {processor.py:183} INFO - Processing /opt/airflow/dags/customer_churn_pipeline.py took 1.187 seconds
[2025-08-24T02:33:43.876+0000] {processor.py:161} INFO - Started process (PID=483) to work on /opt/airflow/dags/customer_churn_pipeline.py
[2025-08-24T02:33:43.879+0000] {processor.py:830} INFO - Processing file /opt/airflow/dags/customer_churn_pipeline.py for tasks to queue
[2025-08-24T02:33:43.885+0000] {logging_mixin.py:188} INFO - [2025-08-24T02:33:43.884+0000] {dagbag.py:538} INFO - Filling up the DagBag from /opt/airflow/dags/customer_churn_pipeline.py
[2025-08-24T02:33:45.047+0000] {processor.py:840} INFO - DAG(s) 'day7_customer_churn_pipeline' retrieved from /opt/airflow/dags/customer_churn_pipeline.py
[2025-08-24T02:33:45.070+0000] {logging_mixin.py:188} INFO - [2025-08-24T02:33:45.070+0000] {dag.py:3036} INFO - Sync 1 DAGs
[2025-08-24T02:33:45.081+0000] {logging_mixin.py:188} INFO - [2025-08-24T02:33:45.081+0000] {dag.py:3823} INFO - Setting next_dagrun for day7_customer_churn_pipeline to None, run_after=None
[2025-08-24T02:33:45.106+0000] {processor.py:183} INFO - Processing /opt/airflow/dags/customer_churn_pipeline.py took 1.235 seconds
[2025-08-24T02:34:15.331+0000] {processor.py:161} INFO - Started process (PID=502) to work on /opt/airflow/dags/customer_churn_pipeline.py
[2025-08-24T02:34:15.334+0000] {processor.py:830} INFO - Processing file /opt/airflow/dags/customer_churn_pipeline.py for tasks to queue
[2025-08-24T02:34:15.339+0000] {logging_mixin.py:188} INFO - [2025-08-24T02:34:15.338+0000] {dagbag.py:538} INFO - Filling up the DagBag from /opt/airflow/dags/customer_churn_pipeline.py
[2025-08-24T02:34:16.424+0000] {processor.py:840} INFO - DAG(s) 'day7_customer_churn_pipeline' retrieved from /opt/airflow/dags/customer_churn_pipeline.py
[2025-08-24T02:34:16.472+0000] {logging_mixin.py:188} INFO - [2025-08-24T02:34:16.472+0000] {dag.py:3036} INFO - Sync 1 DAGs
[2025-08-24T02:34:16.509+0000] {logging_mixin.py:188} INFO - [2025-08-24T02:34:16.509+0000] {dag.py:3823} INFO - Setting next_dagrun for day7_customer_churn_pipeline to None, run_after=None
[2025-08-24T02:34:16.548+0000] {processor.py:183} INFO - Processing /opt/airflow/dags/customer_churn_pipeline.py took 1.224 seconds
[2025-08-24T02:34:47.007+0000] {processor.py:161} INFO - Started process (PID=521) to work on /opt/airflow/dags/customer_churn_pipeline.py
[2025-08-24T02:34:47.009+0000] {processor.py:830} INFO - Processing file /opt/airflow/dags/customer_churn_pipeline.py for tasks to queue
[2025-08-24T02:34:47.012+0000] {logging_mixin.py:188} INFO - [2025-08-24T02:34:47.011+0000] {dagbag.py:538} INFO - Filling up the DagBag from /opt/airflow/dags/customer_churn_pipeline.py
[2025-08-24T02:34:48.051+0000] {processor.py:840} INFO - DAG(s) 'day7_customer_churn_pipeline' retrieved from /opt/airflow/dags/customer_churn_pipeline.py
[2025-08-24T02:34:48.075+0000] {logging_mixin.py:188} INFO - [2025-08-24T02:34:48.075+0000] {dag.py:3036} INFO - Sync 1 DAGs
[2025-08-24T02:34:48.090+0000] {logging_mixin.py:188} INFO - [2025-08-24T02:34:48.090+0000] {dag.py:3823} INFO - Setting next_dagrun for day7_customer_churn_pipeline to None, run_after=None
[2025-08-24T02:34:48.121+0000] {processor.py:183} INFO - Processing /opt/airflow/dags/customer_churn_pipeline.py took 1.119 seconds
[2025-08-24T02:35:18.696+0000] {processor.py:161} INFO - Started process (PID=540) to work on /opt/airflow/dags/customer_churn_pipeline.py
[2025-08-24T02:35:18.698+0000] {processor.py:830} INFO - Processing file /opt/airflow/dags/customer_churn_pipeline.py for tasks to queue
[2025-08-24T02:35:18.700+0000] {logging_mixin.py:188} INFO - [2025-08-24T02:35:18.699+0000] {dagbag.py:538} INFO - Filling up the DagBag from /opt/airflow/dags/customer_churn_pipeline.py
[2025-08-24T02:35:19.887+0000] {processor.py:840} INFO - DAG(s) 'day7_customer_churn_pipeline' retrieved from /opt/airflow/dags/customer_churn_pipeline.py
[2025-08-24T02:35:19.909+0000] {logging_mixin.py:188} INFO - [2025-08-24T02:35:19.908+0000] {dag.py:3036} INFO - Sync 1 DAGs
[2025-08-24T02:35:19.919+0000] {logging_mixin.py:188} INFO - [2025-08-24T02:35:19.918+0000] {dag.py:3823} INFO - Setting next_dagrun for day7_customer_churn_pipeline to None, run_after=None
[2025-08-24T02:35:19.952+0000] {processor.py:183} INFO - Processing /opt/airflow/dags/customer_churn_pipeline.py took 1.258 seconds
[2025-08-24T02:35:50.341+0000] {processor.py:161} INFO - Started process (PID=559) to work on /opt/airflow/dags/customer_churn_pipeline.py
[2025-08-24T02:35:50.347+0000] {processor.py:830} INFO - Processing file /opt/airflow/dags/customer_churn_pipeline.py for tasks to queue
[2025-08-24T02:35:50.353+0000] {logging_mixin.py:188} INFO - [2025-08-24T02:35:50.352+0000] {dagbag.py:538} INFO - Filling up the DagBag from /opt/airflow/dags/customer_churn_pipeline.py
[2025-08-24T02:35:51.369+0000] {processor.py:840} INFO - DAG(s) 'day7_customer_churn_pipeline' retrieved from /opt/airflow/dags/customer_churn_pipeline.py
[2025-08-24T02:35:51.399+0000] {logging_mixin.py:188} INFO - [2025-08-24T02:35:51.398+0000] {dag.py:3036} INFO - Sync 1 DAGs
[2025-08-24T02:35:51.411+0000] {logging_mixin.py:188} INFO - [2025-08-24T02:35:51.411+0000] {dag.py:3823} INFO - Setting next_dagrun for day7_customer_churn_pipeline to None, run_after=None
[2025-08-24T02:35:51.480+0000] {processor.py:183} INFO - Processing /opt/airflow/dags/customer_churn_pipeline.py took 1.158 seconds
[2025-08-24T02:36:21.926+0000] {processor.py:161} INFO - Started process (PID=578) to work on /opt/airflow/dags/customer_churn_pipeline.py
[2025-08-24T02:36:21.928+0000] {processor.py:830} INFO - Processing file /opt/airflow/dags/customer_churn_pipeline.py for tasks to queue
[2025-08-24T02:36:21.931+0000] {logging_mixin.py:188} INFO - [2025-08-24T02:36:21.931+0000] {dagbag.py:538} INFO - Filling up the DagBag from /opt/airflow/dags/customer_churn_pipeline.py
[2025-08-24T02:36:23.019+0000] {processor.py:840} INFO - DAG(s) 'day7_customer_churn_pipeline' retrieved from /opt/airflow/dags/customer_churn_pipeline.py
[2025-08-24T02:36:23.049+0000] {logging_mixin.py:188} INFO - [2025-08-24T02:36:23.048+0000] {dag.py:3036} INFO - Sync 1 DAGs
[2025-08-24T02:36:23.060+0000] {logging_mixin.py:188} INFO - [2025-08-24T02:36:23.060+0000] {dag.py:3823} INFO - Setting next_dagrun for day7_customer_churn_pipeline to None, run_after=None
[2025-08-24T02:36:23.083+0000] {processor.py:183} INFO - Processing /opt/airflow/dags/customer_churn_pipeline.py took 1.164 seconds
[2025-08-24T02:36:53.464+0000] {processor.py:161} INFO - Started process (PID=597) to work on /opt/airflow/dags/customer_churn_pipeline.py
[2025-08-24T02:36:53.466+0000] {processor.py:830} INFO - Processing file /opt/airflow/dags/customer_churn_pipeline.py for tasks to queue
[2025-08-24T02:36:53.472+0000] {logging_mixin.py:188} INFO - [2025-08-24T02:36:53.471+0000] {dagbag.py:538} INFO - Filling up the DagBag from /opt/airflow/dags/customer_churn_pipeline.py
[2025-08-24T02:36:54.882+0000] {processor.py:840} INFO - DAG(s) 'day7_customer_churn_pipeline' retrieved from /opt/airflow/dags/customer_churn_pipeline.py
[2025-08-24T02:36:54.979+0000] {logging_mixin.py:188} INFO - [2025-08-24T02:36:54.978+0000] {dag.py:3036} INFO - Sync 1 DAGs
[2025-08-24T02:36:54.997+0000] {logging_mixin.py:188} INFO - [2025-08-24T02:36:54.997+0000] {dag.py:3823} INFO - Setting next_dagrun for day7_customer_churn_pipeline to None, run_after=None
[2025-08-24T02:36:55.051+0000] {processor.py:183} INFO - Processing /opt/airflow/dags/customer_churn_pipeline.py took 1.592 seconds
[2025-08-24T02:37:25.885+0000] {processor.py:161} INFO - Started process (PID=616) to work on /opt/airflow/dags/customer_churn_pipeline.py
[2025-08-24T02:37:25.888+0000] {processor.py:830} INFO - Processing file /opt/airflow/dags/customer_churn_pipeline.py for tasks to queue
[2025-08-24T02:37:25.893+0000] {logging_mixin.py:188} INFO - [2025-08-24T02:37:25.893+0000] {dagbag.py:538} INFO - Filling up the DagBag from /opt/airflow/dags/customer_churn_pipeline.py
[2025-08-24T02:37:27.039+0000] {processor.py:840} INFO - DAG(s) 'day7_customer_churn_pipeline' retrieved from /opt/airflow/dags/customer_churn_pipeline.py
[2025-08-24T02:37:27.063+0000] {logging_mixin.py:188} INFO - [2025-08-24T02:37:27.062+0000] {dag.py:3036} INFO - Sync 1 DAGs
[2025-08-24T02:37:27.075+0000] {logging_mixin.py:188} INFO - [2025-08-24T02:37:27.074+0000] {dag.py:3823} INFO - Setting next_dagrun for day7_customer_churn_pipeline to None, run_after=None
[2025-08-24T02:37:27.104+0000] {processor.py:183} INFO - Processing /opt/airflow/dags/customer_churn_pipeline.py took 1.296 seconds
[2025-08-24T02:37:57.323+0000] {processor.py:161} INFO - Started process (PID=635) to work on /opt/airflow/dags/customer_churn_pipeline.py
[2025-08-24T02:37:57.324+0000] {processor.py:830} INFO - Processing file /opt/airflow/dags/customer_churn_pipeline.py for tasks to queue
[2025-08-24T02:37:57.327+0000] {logging_mixin.py:188} INFO - [2025-08-24T02:37:57.327+0000] {dagbag.py:538} INFO - Filling up the DagBag from /opt/airflow/dags/customer_churn_pipeline.py
[2025-08-24T02:37:58.305+0000] {processor.py:840} INFO - DAG(s) 'day7_customer_churn_pipeline' retrieved from /opt/airflow/dags/customer_churn_pipeline.py
[2025-08-24T02:37:58.345+0000] {logging_mixin.py:188} INFO - [2025-08-24T02:37:58.345+0000] {dag.py:3036} INFO - Sync 1 DAGs
[2025-08-24T02:37:58.359+0000] {logging_mixin.py:188} INFO - [2025-08-24T02:37:58.358+0000] {dag.py:3823} INFO - Setting next_dagrun for day7_customer_churn_pipeline to None, run_after=None
[2025-08-24T02:37:58.379+0000] {processor.py:183} INFO - Processing /opt/airflow/dags/customer_churn_pipeline.py took 1.060 seconds
[2025-08-24T02:38:28.930+0000] {processor.py:161} INFO - Started process (PID=654) to work on /opt/airflow/dags/customer_churn_pipeline.py
[2025-08-24T02:38:28.932+0000] {processor.py:830} INFO - Processing file /opt/airflow/dags/customer_churn_pipeline.py for tasks to queue
[2025-08-24T02:38:28.934+0000] {logging_mixin.py:188} INFO - [2025-08-24T02:38:28.934+0000] {dagbag.py:538} INFO - Filling up the DagBag from /opt/airflow/dags/customer_churn_pipeline.py
[2025-08-24T02:38:29.850+0000] {processor.py:840} INFO - DAG(s) 'day7_customer_churn_pipeline' retrieved from /opt/airflow/dags/customer_churn_pipeline.py
[2025-08-24T02:38:29.874+0000] {logging_mixin.py:188} INFO - [2025-08-24T02:38:29.873+0000] {dag.py:3036} INFO - Sync 1 DAGs
[2025-08-24T02:38:29.884+0000] {logging_mixin.py:188} INFO - [2025-08-24T02:38:29.883+0000] {dag.py:3823} INFO - Setting next_dagrun for day7_customer_churn_pipeline to None, run_after=None
[2025-08-24T02:38:29.904+0000] {processor.py:183} INFO - Processing /opt/airflow/dags/customer_churn_pipeline.py took 0.977 seconds
[2025-08-24T02:39:00.346+0000] {processor.py:161} INFO - Started process (PID=673) to work on /opt/airflow/dags/customer_churn_pipeline.py
[2025-08-24T02:39:00.347+0000] {processor.py:830} INFO - Processing file /opt/airflow/dags/customer_churn_pipeline.py for tasks to queue
[2025-08-24T02:39:00.350+0000] {logging_mixin.py:188} INFO - [2025-08-24T02:39:00.349+0000] {dagbag.py:538} INFO - Filling up the DagBag from /opt/airflow/dags/customer_churn_pipeline.py
[2025-08-24T02:39:01.428+0000] {processor.py:840} INFO - DAG(s) 'day7_customer_churn_pipeline' retrieved from /opt/airflow/dags/customer_churn_pipeline.py
[2025-08-24T02:39:01.450+0000] {logging_mixin.py:188} INFO - [2025-08-24T02:39:01.450+0000] {dag.py:3036} INFO - Sync 1 DAGs
[2025-08-24T02:39:01.464+0000] {logging_mixin.py:188} INFO - [2025-08-24T02:39:01.464+0000] {dag.py:3823} INFO - Setting next_dagrun for day7_customer_churn_pipeline to None, run_after=None
[2025-08-24T02:39:01.509+0000] {processor.py:183} INFO - Processing /opt/airflow/dags/customer_churn_pipeline.py took 1.167 seconds
[2025-08-24T02:39:31.831+0000] {processor.py:161} INFO - Started process (PID=692) to work on /opt/airflow/dags/customer_churn_pipeline.py
[2025-08-24T02:39:31.833+0000] {processor.py:830} INFO - Processing file /opt/airflow/dags/customer_churn_pipeline.py for tasks to queue
[2025-08-24T02:39:31.837+0000] {logging_mixin.py:188} INFO - [2025-08-24T02:39:31.837+0000] {dagbag.py:538} INFO - Filling up the DagBag from /opt/airflow/dags/customer_churn_pipeline.py
[2025-08-24T02:39:32.859+0000] {processor.py:840} INFO - DAG(s) 'day7_customer_churn_pipeline' retrieved from /opt/airflow/dags/customer_churn_pipeline.py
[2025-08-24T02:39:32.899+0000] {logging_mixin.py:188} INFO - [2025-08-24T02:39:32.899+0000] {dag.py:3036} INFO - Sync 1 DAGs
[2025-08-24T02:39:32.929+0000] {logging_mixin.py:188} INFO - [2025-08-24T02:39:32.928+0000] {dag.py:3823} INFO - Setting next_dagrun for day7_customer_churn_pipeline to None, run_after=None
[2025-08-24T02:39:32.971+0000] {processor.py:183} INFO - Processing /opt/airflow/dags/customer_churn_pipeline.py took 1.144 seconds
[2025-08-24T02:40:03.374+0000] {processor.py:161} INFO - Started process (PID=711) to work on /opt/airflow/dags/customer_churn_pipeline.py
[2025-08-24T02:40:03.376+0000] {processor.py:830} INFO - Processing file /opt/airflow/dags/customer_churn_pipeline.py for tasks to queue
[2025-08-24T02:40:03.380+0000] {logging_mixin.py:188} INFO - [2025-08-24T02:40:03.379+0000] {dagbag.py:538} INFO - Filling up the DagBag from /opt/airflow/dags/customer_churn_pipeline.py
[2025-08-24T02:40:04.267+0000] {processor.py:840} INFO - DAG(s) 'day7_customer_churn_pipeline' retrieved from /opt/airflow/dags/customer_churn_pipeline.py
[2025-08-24T02:40:04.291+0000] {logging_mixin.py:188} INFO - [2025-08-24T02:40:04.291+0000] {dag.py:3036} INFO - Sync 1 DAGs
[2025-08-24T02:40:04.303+0000] {logging_mixin.py:188} INFO - [2025-08-24T02:40:04.303+0000] {dag.py:3823} INFO - Setting next_dagrun for day7_customer_churn_pipeline to None, run_after=None
[2025-08-24T02:40:04.335+0000] {processor.py:183} INFO - Processing /opt/airflow/dags/customer_churn_pipeline.py took 0.966 seconds
[2025-08-24T02:40:34.778+0000] {processor.py:161} INFO - Started process (PID=730) to work on /opt/airflow/dags/customer_churn_pipeline.py
[2025-08-24T02:40:34.783+0000] {processor.py:830} INFO - Processing file /opt/airflow/dags/customer_churn_pipeline.py for tasks to queue
[2025-08-24T02:40:34.785+0000] {logging_mixin.py:188} INFO - [2025-08-24T02:40:34.785+0000] {dagbag.py:538} INFO - Filling up the DagBag from /opt/airflow/dags/customer_churn_pipeline.py
[2025-08-24T02:40:35.905+0000] {processor.py:840} INFO - DAG(s) 'day7_customer_churn_pipeline' retrieved from /opt/airflow/dags/customer_churn_pipeline.py
[2025-08-24T02:40:35.960+0000] {logging_mixin.py:188} INFO - [2025-08-24T02:40:35.960+0000] {dag.py:3036} INFO - Sync 1 DAGs
[2025-08-24T02:40:35.985+0000] {logging_mixin.py:188} INFO - [2025-08-24T02:40:35.985+0000] {dag.py:3823} INFO - Setting next_dagrun for day7_customer_churn_pipeline to None, run_after=None
[2025-08-24T02:40:36.006+0000] {processor.py:183} INFO - Processing /opt/airflow/dags/customer_churn_pipeline.py took 1.231 seconds
[2025-08-24T02:40:59.026+0000] {processor.py:161} INFO - Started process (PID=749) to work on /opt/airflow/dags/customer_churn_pipeline.py
[2025-08-24T02:40:59.029+0000] {processor.py:830} INFO - Processing file /opt/airflow/dags/customer_churn_pipeline.py for tasks to queue
[2025-08-24T02:40:59.033+0000] {logging_mixin.py:188} INFO - [2025-08-24T02:40:59.032+0000] {dagbag.py:538} INFO - Filling up the DagBag from /opt/airflow/dags/customer_churn_pipeline.py
[2025-08-24T02:41:00.434+0000] {processor.py:840} INFO - DAG(s) 'day7_customer_churn_pipeline' retrieved from /opt/airflow/dags/customer_churn_pipeline.py
[2025-08-24T02:41:00.461+0000] {logging_mixin.py:188} INFO - [2025-08-24T02:41:00.460+0000] {dag.py:3036} INFO - Sync 1 DAGs
[2025-08-24T02:41:00.474+0000] {logging_mixin.py:188} INFO - [2025-08-24T02:41:00.474+0000] {dag.py:3823} INFO - Setting next_dagrun for day7_customer_churn_pipeline to None, run_after=None
[2025-08-24T02:41:00.505+0000] {processor.py:183} INFO - Processing /opt/airflow/dags/customer_churn_pipeline.py took 1.486 seconds
[2025-08-24T02:41:30.829+0000] {processor.py:161} INFO - Started process (PID=768) to work on /opt/airflow/dags/customer_churn_pipeline.py
[2025-08-24T02:41:30.836+0000] {processor.py:830} INFO - Processing file /opt/airflow/dags/customer_churn_pipeline.py for tasks to queue
[2025-08-24T02:41:30.843+0000] {logging_mixin.py:188} INFO - [2025-08-24T02:41:30.843+0000] {dagbag.py:538} INFO - Filling up the DagBag from /opt/airflow/dags/customer_churn_pipeline.py
[2025-08-24T02:41:31.802+0000] {processor.py:840} INFO - DAG(s) 'day7_customer_churn_pipeline' retrieved from /opt/airflow/dags/customer_churn_pipeline.py
[2025-08-24T02:41:31.828+0000] {logging_mixin.py:188} INFO - [2025-08-24T02:41:31.828+0000] {dag.py:3036} INFO - Sync 1 DAGs
[2025-08-24T02:41:31.842+0000] {logging_mixin.py:188} INFO - [2025-08-24T02:41:31.842+0000] {dag.py:3823} INFO - Setting next_dagrun for day7_customer_churn_pipeline to None, run_after=None
[2025-08-24T02:41:31.870+0000] {processor.py:183} INFO - Processing /opt/airflow/dags/customer_churn_pipeline.py took 1.044 seconds
[2025-08-24T02:42:02.704+0000] {processor.py:161} INFO - Started process (PID=787) to work on /opt/airflow/dags/customer_churn_pipeline.py
[2025-08-24T02:42:02.705+0000] {processor.py:830} INFO - Processing file /opt/airflow/dags/customer_churn_pipeline.py for tasks to queue
[2025-08-24T02:42:02.712+0000] {logging_mixin.py:188} INFO - [2025-08-24T02:42:02.712+0000] {dagbag.py:538} INFO - Filling up the DagBag from /opt/airflow/dags/customer_churn_pipeline.py
[2025-08-24T02:42:03.895+0000] {processor.py:840} INFO - DAG(s) 'day7_customer_churn_pipeline' retrieved from /opt/airflow/dags/customer_churn_pipeline.py
[2025-08-24T02:42:03.926+0000] {logging_mixin.py:188} INFO - [2025-08-24T02:42:03.926+0000] {dag.py:3036} INFO - Sync 1 DAGs
[2025-08-24T02:42:03.940+0000] {logging_mixin.py:188} INFO - [2025-08-24T02:42:03.940+0000] {dag.py:3823} INFO - Setting next_dagrun for day7_customer_churn_pipeline to None, run_after=None
[2025-08-24T02:42:03.969+0000] {processor.py:183} INFO - Processing /opt/airflow/dags/customer_churn_pipeline.py took 1.271 seconds
[2025-08-24T02:42:34.730+0000] {processor.py:161} INFO - Started process (PID=806) to work on /opt/airflow/dags/customer_churn_pipeline.py
[2025-08-24T02:42:34.732+0000] {processor.py:830} INFO - Processing file /opt/airflow/dags/customer_churn_pipeline.py for tasks to queue
[2025-08-24T02:42:34.735+0000] {logging_mixin.py:188} INFO - [2025-08-24T02:42:34.734+0000] {dagbag.py:538} INFO - Filling up the DagBag from /opt/airflow/dags/customer_churn_pipeline.py
[2025-08-24T02:42:35.718+0000] {processor.py:840} INFO - DAG(s) 'day7_customer_churn_pipeline' retrieved from /opt/airflow/dags/customer_churn_pipeline.py
[2025-08-24T02:42:35.744+0000] {logging_mixin.py:188} INFO - [2025-08-24T02:42:35.744+0000] {dag.py:3036} INFO - Sync 1 DAGs
[2025-08-24T02:42:35.761+0000] {logging_mixin.py:188} INFO - [2025-08-24T02:42:35.761+0000] {dag.py:3823} INFO - Setting next_dagrun for day7_customer_churn_pipeline to None, run_after=None
[2025-08-24T02:42:35.823+0000] {processor.py:183} INFO - Processing /opt/airflow/dags/customer_churn_pipeline.py took 1.097 seconds
[2025-08-24T02:44:00.993+0000] {processor.py:161} INFO - Started process (PID=65) to work on /opt/airflow/dags/customer_churn_pipeline.py
[2025-08-24T02:44:00.995+0000] {processor.py:830} INFO - Processing file /opt/airflow/dags/customer_churn_pipeline.py for tasks to queue
[2025-08-24T02:44:00.999+0000] {logging_mixin.py:188} INFO - [2025-08-24T02:44:00.999+0000] {dagbag.py:538} INFO - Filling up the DagBag from /opt/airflow/dags/customer_churn_pipeline.py
[2025-08-24T02:44:03.192+0000] {processor.py:840} INFO - DAG(s) 'day7_customer_churn_pipeline' retrieved from /opt/airflow/dags/customer_churn_pipeline.py
[2025-08-24T02:44:03.462+0000] {logging_mixin.py:188} INFO - [2025-08-24T02:44:03.462+0000] {dag.py:3036} INFO - Sync 1 DAGs
[2025-08-24T02:44:03.481+0000] {logging_mixin.py:188} INFO - [2025-08-24T02:44:03.481+0000] {dag.py:3823} INFO - Setting next_dagrun for day7_customer_churn_pipeline to None, run_after=None
[2025-08-24T02:44:03.513+0000] {processor.py:183} INFO - Processing /opt/airflow/dags/customer_churn_pipeline.py took 2.524 seconds
[2025-08-24T02:44:34.385+0000] {processor.py:161} INFO - Started process (PID=84) to work on /opt/airflow/dags/customer_churn_pipeline.py
[2025-08-24T02:44:34.386+0000] {processor.py:830} INFO - Processing file /opt/airflow/dags/customer_churn_pipeline.py for tasks to queue
[2025-08-24T02:44:34.388+0000] {logging_mixin.py:188} INFO - [2025-08-24T02:44:34.388+0000] {dagbag.py:538} INFO - Filling up the DagBag from /opt/airflow/dags/customer_churn_pipeline.py
[2025-08-24T02:44:36.274+0000] {processor.py:840} INFO - DAG(s) 'day7_customer_churn_pipeline' retrieved from /opt/airflow/dags/customer_churn_pipeline.py
[2025-08-24T02:44:36.306+0000] {logging_mixin.py:188} INFO - [2025-08-24T02:44:36.306+0000] {dag.py:3036} INFO - Sync 1 DAGs
[2025-08-24T02:44:36.327+0000] {logging_mixin.py:188} INFO - [2025-08-24T02:44:36.327+0000] {dag.py:3823} INFO - Setting next_dagrun for day7_customer_churn_pipeline to None, run_after=None
[2025-08-24T02:44:36.365+0000] {processor.py:183} INFO - Processing /opt/airflow/dags/customer_churn_pipeline.py took 1.984 seconds
[2025-08-24T02:45:06.951+0000] {processor.py:161} INFO - Started process (PID=103) to work on /opt/airflow/dags/customer_churn_pipeline.py
[2025-08-24T02:45:06.953+0000] {processor.py:830} INFO - Processing file /opt/airflow/dags/customer_churn_pipeline.py for tasks to queue
[2025-08-24T02:45:06.958+0000] {logging_mixin.py:188} INFO - [2025-08-24T02:45:06.957+0000] {dagbag.py:538} INFO - Filling up the DagBag from /opt/airflow/dags/customer_churn_pipeline.py
[2025-08-24T02:45:08.192+0000] {processor.py:840} INFO - DAG(s) 'day7_customer_churn_pipeline' retrieved from /opt/airflow/dags/customer_churn_pipeline.py
[2025-08-24T02:45:08.220+0000] {logging_mixin.py:188} INFO - [2025-08-24T02:45:08.219+0000] {dag.py:3036} INFO - Sync 1 DAGs
[2025-08-24T02:45:08.239+0000] {logging_mixin.py:188} INFO - [2025-08-24T02:45:08.238+0000] {dag.py:3823} INFO - Setting next_dagrun for day7_customer_churn_pipeline to None, run_after=None
[2025-08-24T02:45:08.260+0000] {processor.py:183} INFO - Processing /opt/airflow/dags/customer_churn_pipeline.py took 1.315 seconds
[2025-08-24T02:45:38.446+0000] {processor.py:161} INFO - Started process (PID=122) to work on /opt/airflow/dags/customer_churn_pipeline.py
[2025-08-24T02:45:38.447+0000] {processor.py:830} INFO - Processing file /opt/airflow/dags/customer_churn_pipeline.py for tasks to queue
[2025-08-24T02:45:38.450+0000] {logging_mixin.py:188} INFO - [2025-08-24T02:45:38.450+0000] {dagbag.py:538} INFO - Filling up the DagBag from /opt/airflow/dags/customer_churn_pipeline.py
[2025-08-24T02:45:39.582+0000] {processor.py:840} INFO - DAG(s) 'day7_customer_churn_pipeline' retrieved from /opt/airflow/dags/customer_churn_pipeline.py
[2025-08-24T02:45:39.630+0000] {logging_mixin.py:188} INFO - [2025-08-24T02:45:39.630+0000] {dag.py:3036} INFO - Sync 1 DAGs
[2025-08-24T02:45:39.669+0000] {logging_mixin.py:188} INFO - [2025-08-24T02:45:39.669+0000] {dag.py:3823} INFO - Setting next_dagrun for day7_customer_churn_pipeline to None, run_after=None
[2025-08-24T02:45:39.697+0000] {processor.py:183} INFO - Processing /opt/airflow/dags/customer_churn_pipeline.py took 1.256 seconds
[2025-08-24T02:46:10.146+0000] {processor.py:161} INFO - Started process (PID=141) to work on /opt/airflow/dags/customer_churn_pipeline.py
[2025-08-24T02:46:10.147+0000] {processor.py:830} INFO - Processing file /opt/airflow/dags/customer_churn_pipeline.py for tasks to queue
[2025-08-24T02:46:10.149+0000] {logging_mixin.py:188} INFO - [2025-08-24T02:46:10.149+0000] {dagbag.py:538} INFO - Filling up the DagBag from /opt/airflow/dags/customer_churn_pipeline.py
[2025-08-24T02:46:11.573+0000] {processor.py:840} INFO - DAG(s) 'day7_customer_churn_pipeline' retrieved from /opt/airflow/dags/customer_churn_pipeline.py
[2025-08-24T02:46:11.595+0000] {logging_mixin.py:188} INFO - [2025-08-24T02:46:11.595+0000] {dag.py:3036} INFO - Sync 1 DAGs
[2025-08-24T02:46:11.614+0000] {logging_mixin.py:188} INFO - [2025-08-24T02:46:11.614+0000] {dag.py:3823} INFO - Setting next_dagrun for day7_customer_churn_pipeline to None, run_after=None
[2025-08-24T02:46:11.636+0000] {processor.py:183} INFO - Processing /opt/airflow/dags/customer_churn_pipeline.py took 1.493 seconds
[2025-08-24T02:46:42.267+0000] {processor.py:161} INFO - Started process (PID=160) to work on /opt/airflow/dags/customer_churn_pipeline.py
[2025-08-24T02:46:42.269+0000] {processor.py:830} INFO - Processing file /opt/airflow/dags/customer_churn_pipeline.py for tasks to queue
[2025-08-24T02:46:42.273+0000] {logging_mixin.py:188} INFO - [2025-08-24T02:46:42.272+0000] {dagbag.py:538} INFO - Filling up the DagBag from /opt/airflow/dags/customer_churn_pipeline.py
[2025-08-24T02:46:43.606+0000] {processor.py:840} INFO - DAG(s) 'day7_customer_churn_pipeline' retrieved from /opt/airflow/dags/customer_churn_pipeline.py
[2025-08-24T02:46:43.643+0000] {logging_mixin.py:188} INFO - [2025-08-24T02:46:43.642+0000] {dag.py:3036} INFO - Sync 1 DAGs
[2025-08-24T02:46:43.667+0000] {logging_mixin.py:188} INFO - [2025-08-24T02:46:43.667+0000] {dag.py:3823} INFO - Setting next_dagrun for day7_customer_churn_pipeline to None, run_after=None
[2025-08-24T02:46:43.704+0000] {processor.py:183} INFO - Processing /opt/airflow/dags/customer_churn_pipeline.py took 1.440 seconds
[2025-08-24T02:47:14.013+0000] {processor.py:161} INFO - Started process (PID=179) to work on /opt/airflow/dags/customer_churn_pipeline.py
[2025-08-24T02:47:14.016+0000] {processor.py:830} INFO - Processing file /opt/airflow/dags/customer_churn_pipeline.py for tasks to queue
[2025-08-24T02:47:14.020+0000] {logging_mixin.py:188} INFO - [2025-08-24T02:47:14.020+0000] {dagbag.py:538} INFO - Filling up the DagBag from /opt/airflow/dags/customer_churn_pipeline.py
[2025-08-24T02:47:14.980+0000] {processor.py:840} INFO - DAG(s) 'day7_customer_churn_pipeline' retrieved from /opt/airflow/dags/customer_churn_pipeline.py
[2025-08-24T02:47:15.002+0000] {logging_mixin.py:188} INFO - [2025-08-24T02:47:15.001+0000] {dag.py:3036} INFO - Sync 1 DAGs
[2025-08-24T02:47:15.010+0000] {logging_mixin.py:188} INFO - [2025-08-24T02:47:15.010+0000] {dag.py:3823} INFO - Setting next_dagrun for day7_customer_churn_pipeline to None, run_after=None
[2025-08-24T02:47:15.034+0000] {processor.py:183} INFO - Processing /opt/airflow/dags/customer_churn_pipeline.py took 1.028 seconds
[2025-08-24T02:47:46.063+0000] {processor.py:161} INFO - Started process (PID=198) to work on /opt/airflow/dags/customer_churn_pipeline.py
[2025-08-24T02:47:46.065+0000] {processor.py:830} INFO - Processing file /opt/airflow/dags/customer_churn_pipeline.py for tasks to queue
[2025-08-24T02:47:46.068+0000] {logging_mixin.py:188} INFO - [2025-08-24T02:47:46.068+0000] {dagbag.py:538} INFO - Filling up the DagBag from /opt/airflow/dags/customer_churn_pipeline.py
[2025-08-24T02:47:47.402+0000] {processor.py:840} INFO - DAG(s) 'day7_customer_churn_pipeline' retrieved from /opt/airflow/dags/customer_churn_pipeline.py
[2025-08-24T02:47:47.488+0000] {logging_mixin.py:188} INFO - [2025-08-24T02:47:47.481+0000] {dag.py:3036} INFO - Sync 1 DAGs
[2025-08-24T02:47:47.514+0000] {logging_mixin.py:188} INFO - [2025-08-24T02:47:47.514+0000] {dag.py:3823} INFO - Setting next_dagrun for day7_customer_churn_pipeline to None, run_after=None
[2025-08-24T02:47:47.596+0000] {processor.py:183} INFO - Processing /opt/airflow/dags/customer_churn_pipeline.py took 1.537 seconds
[2025-08-24T02:47:48.899+0000] {processor.py:161} INFO - Started process (PID=217) to work on /opt/airflow/dags/customer_churn_pipeline.py
[2025-08-24T02:47:48.904+0000] {processor.py:830} INFO - Processing file /opt/airflow/dags/customer_churn_pipeline.py for tasks to queue
[2025-08-24T02:47:48.917+0000] {logging_mixin.py:188} INFO - [2025-08-24T02:47:48.917+0000] {dagbag.py:538} INFO - Filling up the DagBag from /opt/airflow/dags/customer_churn_pipeline.py
[2025-08-24T02:47:50.064+0000] {processor.py:840} INFO - DAG(s) 'day7_customer_churn_pipeline' retrieved from /opt/airflow/dags/customer_churn_pipeline.py
[2025-08-24T02:47:50.091+0000] {logging_mixin.py:188} INFO - [2025-08-24T02:47:50.090+0000] {dag.py:3036} INFO - Sync 1 DAGs
[2025-08-24T02:47:50.108+0000] {logging_mixin.py:188} INFO - [2025-08-24T02:47:50.108+0000] {dag.py:3823} INFO - Setting next_dagrun for day7_customer_churn_pipeline to None, run_after=None
[2025-08-24T02:47:50.149+0000] {processor.py:183} INFO - Processing /opt/airflow/dags/customer_churn_pipeline.py took 1.253 seconds
[2025-08-24T02:48:20.320+0000] {processor.py:161} INFO - Started process (PID=236) to work on /opt/airflow/dags/customer_churn_pipeline.py
[2025-08-24T02:48:20.323+0000] {processor.py:830} INFO - Processing file /opt/airflow/dags/customer_churn_pipeline.py for tasks to queue
[2025-08-24T02:48:20.326+0000] {logging_mixin.py:188} INFO - [2025-08-24T02:48:20.326+0000] {dagbag.py:538} INFO - Filling up the DagBag from /opt/airflow/dags/customer_churn_pipeline.py
[2025-08-24T02:48:21.288+0000] {processor.py:840} INFO - DAG(s) 'day7_customer_churn_pipeline' retrieved from /opt/airflow/dags/customer_churn_pipeline.py
[2025-08-24T02:48:21.312+0000] {logging_mixin.py:188} INFO - [2025-08-24T02:48:21.312+0000] {dag.py:3036} INFO - Sync 1 DAGs
[2025-08-24T02:48:21.324+0000] {logging_mixin.py:188} INFO - [2025-08-24T02:48:21.323+0000] {dag.py:3823} INFO - Setting next_dagrun for day7_customer_churn_pipeline to None, run_after=None
[2025-08-24T02:48:21.342+0000] {processor.py:183} INFO - Processing /opt/airflow/dags/customer_churn_pipeline.py took 1.028 seconds
[2025-08-24T02:48:51.879+0000] {processor.py:161} INFO - Started process (PID=255) to work on /opt/airflow/dags/customer_churn_pipeline.py
[2025-08-24T02:48:51.881+0000] {processor.py:830} INFO - Processing file /opt/airflow/dags/customer_churn_pipeline.py for tasks to queue
[2025-08-24T02:48:51.884+0000] {logging_mixin.py:188} INFO - [2025-08-24T02:48:51.884+0000] {dagbag.py:538} INFO - Filling up the DagBag from /opt/airflow/dags/customer_churn_pipeline.py
[2025-08-24T02:48:52.985+0000] {processor.py:840} INFO - DAG(s) 'day7_customer_churn_pipeline' retrieved from /opt/airflow/dags/customer_churn_pipeline.py
[2025-08-24T02:48:53.010+0000] {logging_mixin.py:188} INFO - [2025-08-24T02:48:53.010+0000] {dag.py:3036} INFO - Sync 1 DAGs
[2025-08-24T02:48:53.020+0000] {logging_mixin.py:188} INFO - [2025-08-24T02:48:53.020+0000] {dag.py:3823} INFO - Setting next_dagrun for day7_customer_churn_pipeline to None, run_after=None
[2025-08-24T02:48:53.046+0000] {processor.py:183} INFO - Processing /opt/airflow/dags/customer_churn_pipeline.py took 1.173 seconds
[2025-08-24T02:49:23.674+0000] {processor.py:161} INFO - Started process (PID=274) to work on /opt/airflow/dags/customer_churn_pipeline.py
[2025-08-24T02:49:23.676+0000] {processor.py:830} INFO - Processing file /opt/airflow/dags/customer_churn_pipeline.py for tasks to queue
[2025-08-24T02:49:23.679+0000] {logging_mixin.py:188} INFO - [2025-08-24T02:49:23.678+0000] {dagbag.py:538} INFO - Filling up the DagBag from /opt/airflow/dags/customer_churn_pipeline.py
[2025-08-24T02:49:24.686+0000] {processor.py:840} INFO - DAG(s) 'day7_customer_churn_pipeline' retrieved from /opt/airflow/dags/customer_churn_pipeline.py
[2025-08-24T02:49:24.707+0000] {logging_mixin.py:188} INFO - [2025-08-24T02:49:24.707+0000] {dag.py:3036} INFO - Sync 1 DAGs
[2025-08-24T02:49:24.716+0000] {logging_mixin.py:188} INFO - [2025-08-24T02:49:24.716+0000] {dag.py:3823} INFO - Setting next_dagrun for day7_customer_churn_pipeline to None, run_after=None
[2025-08-24T02:49:24.735+0000] {processor.py:183} INFO - Processing /opt/airflow/dags/customer_churn_pipeline.py took 1.064 seconds
[2025-08-24T02:49:54.895+0000] {processor.py:161} INFO - Started process (PID=293) to work on /opt/airflow/dags/customer_churn_pipeline.py
[2025-08-24T02:49:54.897+0000] {processor.py:830} INFO - Processing file /opt/airflow/dags/customer_churn_pipeline.py for tasks to queue
[2025-08-24T02:49:54.900+0000] {logging_mixin.py:188} INFO - [2025-08-24T02:49:54.900+0000] {dagbag.py:538} INFO - Filling up the DagBag from /opt/airflow/dags/customer_churn_pipeline.py
[2025-08-24T02:49:55.949+0000] {processor.py:840} INFO - DAG(s) 'day7_customer_churn_pipeline' retrieved from /opt/airflow/dags/customer_churn_pipeline.py
[2025-08-24T02:49:55.987+0000] {logging_mixin.py:188} INFO - [2025-08-24T02:49:55.987+0000] {dag.py:3036} INFO - Sync 1 DAGs
[2025-08-24T02:49:56.005+0000] {logging_mixin.py:188} INFO - [2025-08-24T02:49:56.005+0000] {dag.py:3823} INFO - Setting next_dagrun for day7_customer_churn_pipeline to None, run_after=None
[2025-08-24T02:49:56.049+0000] {processor.py:183} INFO - Processing /opt/airflow/dags/customer_churn_pipeline.py took 1.163 seconds
[2025-08-24T02:50:26.371+0000] {processor.py:161} INFO - Started process (PID=312) to work on /opt/airflow/dags/customer_churn_pipeline.py
[2025-08-24T02:50:26.373+0000] {processor.py:830} INFO - Processing file /opt/airflow/dags/customer_churn_pipeline.py for tasks to queue
[2025-08-24T02:50:26.376+0000] {logging_mixin.py:188} INFO - [2025-08-24T02:50:26.376+0000] {dagbag.py:538} INFO - Filling up the DagBag from /opt/airflow/dags/customer_churn_pipeline.py
[2025-08-24T02:50:27.255+0000] {processor.py:840} INFO - DAG(s) 'day7_customer_churn_pipeline' retrieved from /opt/airflow/dags/customer_churn_pipeline.py
[2025-08-24T02:50:27.276+0000] {logging_mixin.py:188} INFO - [2025-08-24T02:50:27.275+0000] {dag.py:3036} INFO - Sync 1 DAGs
[2025-08-24T02:50:27.288+0000] {logging_mixin.py:188} INFO - [2025-08-24T02:50:27.288+0000] {dag.py:3823} INFO - Setting next_dagrun for day7_customer_churn_pipeline to None, run_after=None
[2025-08-24T02:50:27.315+0000] {processor.py:183} INFO - Processing /opt/airflow/dags/customer_churn_pipeline.py took 0.948 seconds
[2025-08-24T02:51:28.660+0000] {processor.py:161} INFO - Started process (PID=65) to work on /opt/airflow/dags/customer_churn_pipeline.py
[2025-08-24T02:51:28.666+0000] {processor.py:830} INFO - Processing file /opt/airflow/dags/customer_churn_pipeline.py for tasks to queue
[2025-08-24T02:51:28.675+0000] {logging_mixin.py:188} INFO - [2025-08-24T02:51:28.674+0000] {dagbag.py:538} INFO - Filling up the DagBag from /opt/airflow/dags/customer_churn_pipeline.py
[2025-08-24T02:51:31.742+0000] {processor.py:840} INFO - DAG(s) 'day7_customer_churn_pipeline' retrieved from /opt/airflow/dags/customer_churn_pipeline.py
[2025-08-24T02:51:32.104+0000] {logging_mixin.py:188} INFO - [2025-08-24T02:51:32.104+0000] {dag.py:3036} INFO - Sync 1 DAGs
[2025-08-24T02:51:32.137+0000] {logging_mixin.py:188} INFO - [2025-08-24T02:51:32.137+0000] {dag.py:3823} INFO - Setting next_dagrun for day7_customer_churn_pipeline to None, run_after=None
[2025-08-24T02:51:32.301+0000] {processor.py:183} INFO - Processing /opt/airflow/dags/customer_churn_pipeline.py took 3.649 seconds
[2025-08-24T02:52:03.020+0000] {processor.py:161} INFO - Started process (PID=84) to work on /opt/airflow/dags/customer_churn_pipeline.py
[2025-08-24T02:52:03.022+0000] {processor.py:830} INFO - Processing file /opt/airflow/dags/customer_churn_pipeline.py for tasks to queue
[2025-08-24T02:52:03.025+0000] {logging_mixin.py:188} INFO - [2025-08-24T02:52:03.025+0000] {dagbag.py:538} INFO - Filling up the DagBag from /opt/airflow/dags/customer_churn_pipeline.py
[2025-08-24T02:52:04.215+0000] {processor.py:840} INFO - DAG(s) 'day7_customer_churn_pipeline' retrieved from /opt/airflow/dags/customer_churn_pipeline.py
[2025-08-24T02:52:04.238+0000] {logging_mixin.py:188} INFO - [2025-08-24T02:52:04.238+0000] {dag.py:3036} INFO - Sync 1 DAGs
[2025-08-24T02:52:04.253+0000] {logging_mixin.py:188} INFO - [2025-08-24T02:52:04.252+0000] {dag.py:3823} INFO - Setting next_dagrun for day7_customer_churn_pipeline to None, run_after=None
[2025-08-24T02:52:04.287+0000] {processor.py:183} INFO - Processing /opt/airflow/dags/customer_churn_pipeline.py took 1.274 seconds
[2025-08-24T02:52:34.531+0000] {processor.py:161} INFO - Started process (PID=103) to work on /opt/airflow/dags/customer_churn_pipeline.py
[2025-08-24T02:52:34.533+0000] {processor.py:830} INFO - Processing file /opt/airflow/dags/customer_churn_pipeline.py for tasks to queue
[2025-08-24T02:52:34.537+0000] {logging_mixin.py:188} INFO - [2025-08-24T02:52:34.536+0000] {dagbag.py:538} INFO - Filling up the DagBag from /opt/airflow/dags/customer_churn_pipeline.py
[2025-08-24T02:52:35.502+0000] {processor.py:840} INFO - DAG(s) 'day7_customer_churn_pipeline' retrieved from /opt/airflow/dags/customer_churn_pipeline.py
[2025-08-24T02:52:35.527+0000] {logging_mixin.py:188} INFO - [2025-08-24T02:52:35.527+0000] {dag.py:3036} INFO - Sync 1 DAGs
[2025-08-24T02:52:35.554+0000] {logging_mixin.py:188} INFO - [2025-08-24T02:52:35.554+0000] {dag.py:3823} INFO - Setting next_dagrun for day7_customer_churn_pipeline to None, run_after=None
[2025-08-24T02:52:35.604+0000] {processor.py:183} INFO - Processing /opt/airflow/dags/customer_churn_pipeline.py took 1.079 seconds
[2025-08-24T02:53:06.070+0000] {processor.py:161} INFO - Started process (PID=122) to work on /opt/airflow/dags/customer_churn_pipeline.py
[2025-08-24T02:53:06.072+0000] {processor.py:830} INFO - Processing file /opt/airflow/dags/customer_churn_pipeline.py for tasks to queue
[2025-08-24T02:53:06.074+0000] {logging_mixin.py:188} INFO - [2025-08-24T02:53:06.074+0000] {dagbag.py:538} INFO - Filling up the DagBag from /opt/airflow/dags/customer_churn_pipeline.py
[2025-08-24T02:53:07.366+0000] {processor.py:840} INFO - DAG(s) 'day7_customer_churn_pipeline' retrieved from /opt/airflow/dags/customer_churn_pipeline.py
[2025-08-24T02:53:07.394+0000] {logging_mixin.py:188} INFO - [2025-08-24T02:53:07.394+0000] {dag.py:3036} INFO - Sync 1 DAGs
[2025-08-24T02:53:07.404+0000] {logging_mixin.py:188} INFO - [2025-08-24T02:53:07.404+0000] {dag.py:3823} INFO - Setting next_dagrun for day7_customer_churn_pipeline to None, run_after=None
[2025-08-24T02:53:07.430+0000] {processor.py:183} INFO - Processing /opt/airflow/dags/customer_churn_pipeline.py took 1.365 seconds
[2025-08-24T02:53:37.894+0000] {processor.py:161} INFO - Started process (PID=141) to work on /opt/airflow/dags/customer_churn_pipeline.py
[2025-08-24T02:53:37.899+0000] {processor.py:830} INFO - Processing file /opt/airflow/dags/customer_churn_pipeline.py for tasks to queue
[2025-08-24T02:53:37.907+0000] {logging_mixin.py:188} INFO - [2025-08-24T02:53:37.906+0000] {dagbag.py:538} INFO - Filling up the DagBag from /opt/airflow/dags/customer_churn_pipeline.py
[2025-08-24T02:53:39.098+0000] {processor.py:840} INFO - DAG(s) 'day7_customer_churn_pipeline' retrieved from /opt/airflow/dags/customer_churn_pipeline.py
[2025-08-24T02:53:39.129+0000] {logging_mixin.py:188} INFO - [2025-08-24T02:53:39.129+0000] {dag.py:3036} INFO - Sync 1 DAGs
[2025-08-24T02:53:39.152+0000] {logging_mixin.py:188} INFO - [2025-08-24T02:53:39.152+0000] {dag.py:3823} INFO - Setting next_dagrun for day7_customer_churn_pipeline to None, run_after=None
[2025-08-24T02:53:39.181+0000] {processor.py:183} INFO - Processing /opt/airflow/dags/customer_churn_pipeline.py took 1.294 seconds
[2025-08-24T02:54:09.347+0000] {processor.py:161} INFO - Started process (PID=160) to work on /opt/airflow/dags/customer_churn_pipeline.py
[2025-08-24T02:54:09.349+0000] {processor.py:830} INFO - Processing file /opt/airflow/dags/customer_churn_pipeline.py for tasks to queue
[2025-08-24T02:54:09.353+0000] {logging_mixin.py:188} INFO - [2025-08-24T02:54:09.352+0000] {dagbag.py:538} INFO - Filling up the DagBag from /opt/airflow/dags/customer_churn_pipeline.py
[2025-08-24T02:54:10.234+0000] {processor.py:840} INFO - DAG(s) 'day7_customer_churn_pipeline' retrieved from /opt/airflow/dags/customer_churn_pipeline.py
[2025-08-24T02:54:10.263+0000] {logging_mixin.py:188} INFO - [2025-08-24T02:54:10.262+0000] {dag.py:3036} INFO - Sync 1 DAGs
[2025-08-24T02:54:10.275+0000] {logging_mixin.py:188} INFO - [2025-08-24T02:54:10.274+0000] {dag.py:3823} INFO - Setting next_dagrun for day7_customer_churn_pipeline to None, run_after=None
[2025-08-24T02:54:10.301+0000] {processor.py:183} INFO - Processing /opt/airflow/dags/customer_churn_pipeline.py took 0.961 seconds
[2025-08-24T02:54:40.977+0000] {processor.py:161} INFO - Started process (PID=179) to work on /opt/airflow/dags/customer_churn_pipeline.py
[2025-08-24T02:54:40.979+0000] {processor.py:830} INFO - Processing file /opt/airflow/dags/customer_churn_pipeline.py for tasks to queue
[2025-08-24T02:54:40.987+0000] {logging_mixin.py:188} INFO - [2025-08-24T02:54:40.986+0000] {dagbag.py:538} INFO - Filling up the DagBag from /opt/airflow/dags/customer_churn_pipeline.py
[2025-08-24T02:54:42.099+0000] {processor.py:840} INFO - DAG(s) 'day7_customer_churn_pipeline' retrieved from /opt/airflow/dags/customer_churn_pipeline.py
[2025-08-24T02:54:42.125+0000] {logging_mixin.py:188} INFO - [2025-08-24T02:54:42.124+0000] {dag.py:3036} INFO - Sync 1 DAGs
[2025-08-24T02:54:42.134+0000] {logging_mixin.py:188} INFO - [2025-08-24T02:54:42.134+0000] {dag.py:3823} INFO - Setting next_dagrun for day7_customer_churn_pipeline to None, run_after=None
[2025-08-24T02:54:42.154+0000] {processor.py:183} INFO - Processing /opt/airflow/dags/customer_churn_pipeline.py took 1.181 seconds
[2025-08-24T02:54:45.112+0000] {processor.py:161} INFO - Started process (PID=198) to work on /opt/airflow/dags/customer_churn_pipeline.py
[2025-08-24T02:54:45.114+0000] {processor.py:830} INFO - Processing file /opt/airflow/dags/customer_churn_pipeline.py for tasks to queue
[2025-08-24T02:54:45.117+0000] {logging_mixin.py:188} INFO - [2025-08-24T02:54:45.117+0000] {dagbag.py:538} INFO - Filling up the DagBag from /opt/airflow/dags/customer_churn_pipeline.py
[2025-08-24T02:54:46.066+0000] {processor.py:840} INFO - DAG(s) 'day7_customer_churn_pipeline' retrieved from /opt/airflow/dags/customer_churn_pipeline.py
[2025-08-24T02:54:46.096+0000] {logging_mixin.py:188} INFO - [2025-08-24T02:54:46.096+0000] {dag.py:3036} INFO - Sync 1 DAGs
[2025-08-24T02:54:46.106+0000] {logging_mixin.py:188} INFO - [2025-08-24T02:54:46.106+0000] {dag.py:3823} INFO - Setting next_dagrun for day7_customer_churn_pipeline to None, run_after=None
[2025-08-24T02:54:46.140+0000] {processor.py:183} INFO - Processing /opt/airflow/dags/customer_churn_pipeline.py took 1.033 seconds
