[2025-08-27T10:13:58.323+0000] {processor.py:161} INFO - Started process (PID=65) to work on /opt/airflow/dags/customer_churn_pipeline.py
[2025-08-27T10:13:58.326+0000] {processor.py:830} INFO - Processing file /opt/airflow/dags/customer_churn_pipeline.py for tasks to queue
[2025-08-27T10:13:58.329+0000] {logging_mixin.py:188} INFO - [2025-08-27T10:13:58.329+0000] {dagbag.py:538} INFO - Filling up the DagBag from /opt/airflow/dags/customer_churn_pipeline.py
[2025-08-27T10:14:01.721+0000] {processor.py:840} INFO - DAG(s) 'day7_customer_churn_pipeline' retrieved from /opt/airflow/dags/customer_churn_pipeline.py
[2025-08-27T10:14:02.087+0000] {logging_mixin.py:188} INFO - [2025-08-27T10:14:02.086+0000] {dag.py:3036} INFO - Sync 1 DAGs
[2025-08-27T10:14:02.104+0000] {logging_mixin.py:188} INFO - [2025-08-27T10:14:02.103+0000] {dag.py:3823} INFO - Setting next_dagrun for day7_customer_churn_pipeline to None, run_after=None
[2025-08-27T10:14:02.138+0000] {processor.py:183} INFO - Processing /opt/airflow/dags/customer_churn_pipeline.py took 3.831 seconds
[2025-08-27T10:14:32.430+0000] {processor.py:161} INFO - Started process (PID=84) to work on /opt/airflow/dags/customer_churn_pipeline.py
[2025-08-27T10:14:32.432+0000] {processor.py:830} INFO - Processing file /opt/airflow/dags/customer_churn_pipeline.py for tasks to queue
[2025-08-27T10:14:32.433+0000] {logging_mixin.py:188} INFO - [2025-08-27T10:14:32.433+0000] {dagbag.py:538} INFO - Filling up the DagBag from /opt/airflow/dags/customer_churn_pipeline.py
[2025-08-27T10:14:33.147+0000] {processor.py:840} INFO - DAG(s) 'day7_customer_churn_pipeline' retrieved from /opt/airflow/dags/customer_churn_pipeline.py
[2025-08-27T10:14:33.168+0000] {logging_mixin.py:188} INFO - [2025-08-27T10:14:33.167+0000] {dag.py:3036} INFO - Sync 1 DAGs
[2025-08-27T10:14:33.177+0000] {logging_mixin.py:188} INFO - [2025-08-27T10:14:33.177+0000] {dag.py:3823} INFO - Setting next_dagrun for day7_customer_churn_pipeline to None, run_after=None
[2025-08-27T10:14:33.197+0000] {processor.py:183} INFO - Processing /opt/airflow/dags/customer_churn_pipeline.py took 0.769 seconds
[2025-08-27T10:15:03.485+0000] {processor.py:161} INFO - Started process (PID=103) to work on /opt/airflow/dags/customer_churn_pipeline.py
[2025-08-27T10:15:03.486+0000] {processor.py:830} INFO - Processing file /opt/airflow/dags/customer_churn_pipeline.py for tasks to queue
[2025-08-27T10:15:03.488+0000] {logging_mixin.py:188} INFO - [2025-08-27T10:15:03.488+0000] {dagbag.py:538} INFO - Filling up the DagBag from /opt/airflow/dags/customer_churn_pipeline.py
[2025-08-27T10:15:04.199+0000] {processor.py:840} INFO - DAG(s) 'day7_customer_churn_pipeline' retrieved from /opt/airflow/dags/customer_churn_pipeline.py
[2025-08-27T10:15:04.220+0000] {logging_mixin.py:188} INFO - [2025-08-27T10:15:04.220+0000] {dag.py:3036} INFO - Sync 1 DAGs
[2025-08-27T10:15:04.232+0000] {logging_mixin.py:188} INFO - [2025-08-27T10:15:04.232+0000] {dag.py:3823} INFO - Setting next_dagrun for day7_customer_churn_pipeline to None, run_after=None
[2025-08-27T10:15:04.258+0000] {processor.py:183} INFO - Processing /opt/airflow/dags/customer_churn_pipeline.py took 0.776 seconds
[2025-08-27T10:15:34.611+0000] {processor.py:161} INFO - Started process (PID=122) to work on /opt/airflow/dags/customer_churn_pipeline.py
[2025-08-27T10:15:34.612+0000] {processor.py:830} INFO - Processing file /opt/airflow/dags/customer_churn_pipeline.py for tasks to queue
[2025-08-27T10:15:34.614+0000] {logging_mixin.py:188} INFO - [2025-08-27T10:15:34.613+0000] {dagbag.py:538} INFO - Filling up the DagBag from /opt/airflow/dags/customer_churn_pipeline.py
[2025-08-27T10:15:35.358+0000] {processor.py:840} INFO - DAG(s) 'day7_customer_churn_pipeline' retrieved from /opt/airflow/dags/customer_churn_pipeline.py
[2025-08-27T10:15:35.385+0000] {logging_mixin.py:188} INFO - [2025-08-27T10:15:35.384+0000] {dag.py:3036} INFO - Sync 1 DAGs
[2025-08-27T10:15:35.395+0000] {logging_mixin.py:188} INFO - [2025-08-27T10:15:35.395+0000] {dag.py:3823} INFO - Setting next_dagrun for day7_customer_churn_pipeline to None, run_after=None
[2025-08-27T10:15:35.414+0000] {processor.py:183} INFO - Processing /opt/airflow/dags/customer_churn_pipeline.py took 0.806 seconds
[2025-08-27T10:16:05.493+0000] {processor.py:161} INFO - Started process (PID=141) to work on /opt/airflow/dags/customer_churn_pipeline.py
[2025-08-27T10:16:05.494+0000] {processor.py:830} INFO - Processing file /opt/airflow/dags/customer_churn_pipeline.py for tasks to queue
[2025-08-27T10:16:05.497+0000] {logging_mixin.py:188} INFO - [2025-08-27T10:16:05.496+0000] {dagbag.py:538} INFO - Filling up the DagBag from /opt/airflow/dags/customer_churn_pipeline.py
[2025-08-27T10:16:06.407+0000] {processor.py:840} INFO - DAG(s) 'day7_customer_churn_pipeline' retrieved from /opt/airflow/dags/customer_churn_pipeline.py
[2025-08-27T10:16:06.431+0000] {logging_mixin.py:188} INFO - [2025-08-27T10:16:06.431+0000] {dag.py:3036} INFO - Sync 1 DAGs
[2025-08-27T10:16:06.440+0000] {logging_mixin.py:188} INFO - [2025-08-27T10:16:06.440+0000] {dag.py:3823} INFO - Setting next_dagrun for day7_customer_churn_pipeline to None, run_after=None
[2025-08-27T10:16:06.466+0000] {processor.py:183} INFO - Processing /opt/airflow/dags/customer_churn_pipeline.py took 0.975 seconds
[2025-08-27T10:16:36.726+0000] {processor.py:161} INFO - Started process (PID=160) to work on /opt/airflow/dags/customer_churn_pipeline.py
[2025-08-27T10:16:36.727+0000] {processor.py:830} INFO - Processing file /opt/airflow/dags/customer_churn_pipeline.py for tasks to queue
[2025-08-27T10:16:36.729+0000] {logging_mixin.py:188} INFO - [2025-08-27T10:16:36.729+0000] {dagbag.py:538} INFO - Filling up the DagBag from /opt/airflow/dags/customer_churn_pipeline.py
[2025-08-27T10:16:37.489+0000] {processor.py:840} INFO - DAG(s) 'day7_customer_churn_pipeline' retrieved from /opt/airflow/dags/customer_churn_pipeline.py
[2025-08-27T10:16:37.515+0000] {logging_mixin.py:188} INFO - [2025-08-27T10:16:37.514+0000] {dag.py:3036} INFO - Sync 1 DAGs
[2025-08-27T10:16:37.525+0000] {logging_mixin.py:188} INFO - [2025-08-27T10:16:37.525+0000] {dag.py:3823} INFO - Setting next_dagrun for day7_customer_churn_pipeline to None, run_after=None
[2025-08-27T10:16:37.544+0000] {processor.py:183} INFO - Processing /opt/airflow/dags/customer_churn_pipeline.py took 0.821 seconds
[2025-08-27T10:17:07.945+0000] {processor.py:161} INFO - Started process (PID=179) to work on /opt/airflow/dags/customer_churn_pipeline.py
[2025-08-27T10:17:07.947+0000] {processor.py:830} INFO - Processing file /opt/airflow/dags/customer_churn_pipeline.py for tasks to queue
[2025-08-27T10:17:07.949+0000] {logging_mixin.py:188} INFO - [2025-08-27T10:17:07.948+0000] {dagbag.py:538} INFO - Filling up the DagBag from /opt/airflow/dags/customer_churn_pipeline.py
[2025-08-27T10:17:08.690+0000] {processor.py:840} INFO - DAG(s) 'day7_customer_churn_pipeline' retrieved from /opt/airflow/dags/customer_churn_pipeline.py
[2025-08-27T10:17:08.712+0000] {logging_mixin.py:188} INFO - [2025-08-27T10:17:08.711+0000] {dag.py:3036} INFO - Sync 1 DAGs
[2025-08-27T10:17:08.723+0000] {logging_mixin.py:188} INFO - [2025-08-27T10:17:08.722+0000] {dag.py:3823} INFO - Setting next_dagrun for day7_customer_churn_pipeline to None, run_after=None
[2025-08-27T10:17:08.745+0000] {processor.py:183} INFO - Processing /opt/airflow/dags/customer_churn_pipeline.py took 0.802 seconds
[2025-08-27T10:17:39.043+0000] {processor.py:161} INFO - Started process (PID=198) to work on /opt/airflow/dags/customer_churn_pipeline.py
[2025-08-27T10:17:39.045+0000] {processor.py:830} INFO - Processing file /opt/airflow/dags/customer_churn_pipeline.py for tasks to queue
[2025-08-27T10:17:39.050+0000] {logging_mixin.py:188} INFO - [2025-08-27T10:17:39.050+0000] {dagbag.py:538} INFO - Filling up the DagBag from /opt/airflow/dags/customer_churn_pipeline.py
[2025-08-27T10:17:39.792+0000] {processor.py:840} INFO - DAG(s) 'day7_customer_churn_pipeline' retrieved from /opt/airflow/dags/customer_churn_pipeline.py
[2025-08-27T10:17:39.813+0000] {logging_mixin.py:188} INFO - [2025-08-27T10:17:39.813+0000] {dag.py:3036} INFO - Sync 1 DAGs
[2025-08-27T10:17:39.823+0000] {logging_mixin.py:188} INFO - [2025-08-27T10:17:39.823+0000] {dag.py:3823} INFO - Setting next_dagrun for day7_customer_churn_pipeline to None, run_after=None
[2025-08-27T10:17:39.842+0000] {processor.py:183} INFO - Processing /opt/airflow/dags/customer_churn_pipeline.py took 0.801 seconds
[2025-08-27T10:18:10.116+0000] {processor.py:161} INFO - Started process (PID=217) to work on /opt/airflow/dags/customer_churn_pipeline.py
[2025-08-27T10:18:10.118+0000] {processor.py:830} INFO - Processing file /opt/airflow/dags/customer_churn_pipeline.py for tasks to queue
[2025-08-27T10:18:10.120+0000] {logging_mixin.py:188} INFO - [2025-08-27T10:18:10.120+0000] {dagbag.py:538} INFO - Filling up the DagBag from /opt/airflow/dags/customer_churn_pipeline.py
[2025-08-27T10:18:11.038+0000] {processor.py:840} INFO - DAG(s) 'day7_customer_churn_pipeline' retrieved from /opt/airflow/dags/customer_churn_pipeline.py
[2025-08-27T10:18:11.069+0000] {logging_mixin.py:188} INFO - [2025-08-27T10:18:11.068+0000] {dag.py:3036} INFO - Sync 1 DAGs
[2025-08-27T10:18:11.084+0000] {logging_mixin.py:188} INFO - [2025-08-27T10:18:11.084+0000] {dag.py:3823} INFO - Setting next_dagrun for day7_customer_churn_pipeline to None, run_after=None
[2025-08-27T10:18:11.112+0000] {processor.py:183} INFO - Processing /opt/airflow/dags/customer_churn_pipeline.py took 0.999 seconds
[2025-08-27T10:18:41.317+0000] {processor.py:161} INFO - Started process (PID=236) to work on /opt/airflow/dags/customer_churn_pipeline.py
[2025-08-27T10:18:41.319+0000] {processor.py:830} INFO - Processing file /opt/airflow/dags/customer_churn_pipeline.py for tasks to queue
[2025-08-27T10:18:41.322+0000] {logging_mixin.py:188} INFO - [2025-08-27T10:18:41.322+0000] {dagbag.py:538} INFO - Filling up the DagBag from /opt/airflow/dags/customer_churn_pipeline.py
[2025-08-27T10:18:42.694+0000] {processor.py:840} INFO - DAG(s) 'day7_customer_churn_pipeline' retrieved from /opt/airflow/dags/customer_churn_pipeline.py
[2025-08-27T10:18:42.721+0000] {logging_mixin.py:188} INFO - [2025-08-27T10:18:42.720+0000] {dag.py:3036} INFO - Sync 1 DAGs
[2025-08-27T10:18:42.743+0000] {logging_mixin.py:188} INFO - [2025-08-27T10:18:42.742+0000] {dag.py:3823} INFO - Setting next_dagrun for day7_customer_churn_pipeline to None, run_after=None
[2025-08-27T10:18:42.762+0000] {processor.py:183} INFO - Processing /opt/airflow/dags/customer_churn_pipeline.py took 1.449 seconds
[2025-08-27T10:19:13.035+0000] {processor.py:161} INFO - Started process (PID=255) to work on /opt/airflow/dags/customer_churn_pipeline.py
[2025-08-27T10:19:13.037+0000] {processor.py:830} INFO - Processing file /opt/airflow/dags/customer_churn_pipeline.py for tasks to queue
[2025-08-27T10:19:13.040+0000] {logging_mixin.py:188} INFO - [2025-08-27T10:19:13.039+0000] {dagbag.py:538} INFO - Filling up the DagBag from /opt/airflow/dags/customer_churn_pipeline.py
[2025-08-27T10:19:14.347+0000] {processor.py:840} INFO - DAG(s) 'day7_customer_churn_pipeline' retrieved from /opt/airflow/dags/customer_churn_pipeline.py
[2025-08-27T10:19:14.411+0000] {logging_mixin.py:188} INFO - [2025-08-27T10:19:14.410+0000] {dag.py:3036} INFO - Sync 1 DAGs
[2025-08-27T10:19:14.426+0000] {logging_mixin.py:188} INFO - [2025-08-27T10:19:14.426+0000] {dag.py:3823} INFO - Setting next_dagrun for day7_customer_churn_pipeline to None, run_after=None
[2025-08-27T10:19:14.480+0000] {processor.py:183} INFO - Processing /opt/airflow/dags/customer_churn_pipeline.py took 1.449 seconds
[2025-08-27T10:19:44.756+0000] {processor.py:161} INFO - Started process (PID=274) to work on /opt/airflow/dags/customer_churn_pipeline.py
[2025-08-27T10:19:44.757+0000] {processor.py:830} INFO - Processing file /opt/airflow/dags/customer_churn_pipeline.py for tasks to queue
[2025-08-27T10:19:44.759+0000] {logging_mixin.py:188} INFO - [2025-08-27T10:19:44.758+0000] {dagbag.py:538} INFO - Filling up the DagBag from /opt/airflow/dags/customer_churn_pipeline.py
[2025-08-27T10:19:45.846+0000] {processor.py:840} INFO - DAG(s) 'day7_customer_churn_pipeline' retrieved from /opt/airflow/dags/customer_churn_pipeline.py
[2025-08-27T10:19:45.879+0000] {logging_mixin.py:188} INFO - [2025-08-27T10:19:45.879+0000] {dag.py:3036} INFO - Sync 1 DAGs
[2025-08-27T10:19:45.908+0000] {logging_mixin.py:188} INFO - [2025-08-27T10:19:45.908+0000] {dag.py:3823} INFO - Setting next_dagrun for day7_customer_churn_pipeline to None, run_after=None
[2025-08-27T10:19:45.929+0000] {processor.py:183} INFO - Processing /opt/airflow/dags/customer_churn_pipeline.py took 1.176 seconds
[2025-08-27T10:20:16.085+0000] {processor.py:161} INFO - Started process (PID=293) to work on /opt/airflow/dags/customer_churn_pipeline.py
[2025-08-27T10:20:16.086+0000] {processor.py:830} INFO - Processing file /opt/airflow/dags/customer_churn_pipeline.py for tasks to queue
[2025-08-27T10:20:16.088+0000] {logging_mixin.py:188} INFO - [2025-08-27T10:20:16.088+0000] {dagbag.py:538} INFO - Filling up the DagBag from /opt/airflow/dags/customer_churn_pipeline.py
[2025-08-27T10:20:17.159+0000] {processor.py:840} INFO - DAG(s) 'day7_customer_churn_pipeline' retrieved from /opt/airflow/dags/customer_churn_pipeline.py
[2025-08-27T10:20:17.188+0000] {logging_mixin.py:188} INFO - [2025-08-27T10:20:17.187+0000] {dag.py:3036} INFO - Sync 1 DAGs
[2025-08-27T10:20:17.200+0000] {logging_mixin.py:188} INFO - [2025-08-27T10:20:17.199+0000] {dag.py:3823} INFO - Setting next_dagrun for day7_customer_churn_pipeline to None, run_after=None
[2025-08-27T10:20:17.219+0000] {processor.py:183} INFO - Processing /opt/airflow/dags/customer_churn_pipeline.py took 1.138 seconds
[2025-08-27T10:20:47.478+0000] {processor.py:161} INFO - Started process (PID=312) to work on /opt/airflow/dags/customer_churn_pipeline.py
[2025-08-27T10:20:47.480+0000] {processor.py:830} INFO - Processing file /opt/airflow/dags/customer_churn_pipeline.py for tasks to queue
[2025-08-27T10:20:47.484+0000] {logging_mixin.py:188} INFO - [2025-08-27T10:20:47.483+0000] {dagbag.py:538} INFO - Filling up the DagBag from /opt/airflow/dags/customer_churn_pipeline.py
[2025-08-27T10:20:48.549+0000] {processor.py:840} INFO - DAG(s) 'day7_customer_churn_pipeline' retrieved from /opt/airflow/dags/customer_churn_pipeline.py
[2025-08-27T10:20:48.573+0000] {logging_mixin.py:188} INFO - [2025-08-27T10:20:48.572+0000] {dag.py:3036} INFO - Sync 1 DAGs
[2025-08-27T10:20:48.585+0000] {logging_mixin.py:188} INFO - [2025-08-27T10:20:48.585+0000] {dag.py:3823} INFO - Setting next_dagrun for day7_customer_churn_pipeline to None, run_after=None
[2025-08-27T10:20:48.608+0000] {processor.py:183} INFO - Processing /opt/airflow/dags/customer_churn_pipeline.py took 1.132 seconds
[2025-08-27T10:21:18.716+0000] {processor.py:161} INFO - Started process (PID=331) to work on /opt/airflow/dags/customer_churn_pipeline.py
[2025-08-27T10:21:18.718+0000] {processor.py:830} INFO - Processing file /opt/airflow/dags/customer_churn_pipeline.py for tasks to queue
[2025-08-27T10:21:18.721+0000] {logging_mixin.py:188} INFO - [2025-08-27T10:21:18.721+0000] {dagbag.py:538} INFO - Filling up the DagBag from /opt/airflow/dags/customer_churn_pipeline.py
[2025-08-27T10:21:19.680+0000] {processor.py:840} INFO - DAG(s) 'day7_customer_churn_pipeline' retrieved from /opt/airflow/dags/customer_churn_pipeline.py
[2025-08-27T10:21:19.719+0000] {logging_mixin.py:188} INFO - [2025-08-27T10:21:19.719+0000] {dag.py:3036} INFO - Sync 1 DAGs
[2025-08-27T10:21:19.740+0000] {logging_mixin.py:188} INFO - [2025-08-27T10:21:19.740+0000] {dag.py:3823} INFO - Setting next_dagrun for day7_customer_churn_pipeline to None, run_after=None
[2025-08-27T10:21:19.779+0000] {processor.py:183} INFO - Processing /opt/airflow/dags/customer_churn_pipeline.py took 1.065 seconds
[2025-08-27T10:21:49.962+0000] {processor.py:161} INFO - Started process (PID=350) to work on /opt/airflow/dags/customer_churn_pipeline.py
[2025-08-27T10:21:49.963+0000] {processor.py:830} INFO - Processing file /opt/airflow/dags/customer_churn_pipeline.py for tasks to queue
[2025-08-27T10:21:49.965+0000] {logging_mixin.py:188} INFO - [2025-08-27T10:21:49.964+0000] {dagbag.py:538} INFO - Filling up the DagBag from /opt/airflow/dags/customer_churn_pipeline.py
[2025-08-27T10:21:50.913+0000] {processor.py:840} INFO - DAG(s) 'day7_customer_churn_pipeline' retrieved from /opt/airflow/dags/customer_churn_pipeline.py
[2025-08-27T10:21:50.940+0000] {logging_mixin.py:188} INFO - [2025-08-27T10:21:50.940+0000] {dag.py:3036} INFO - Sync 1 DAGs
[2025-08-27T10:21:50.952+0000] {logging_mixin.py:188} INFO - [2025-08-27T10:21:50.952+0000] {dag.py:3823} INFO - Setting next_dagrun for day7_customer_churn_pipeline to None, run_after=None
[2025-08-27T10:21:50.970+0000] {processor.py:183} INFO - Processing /opt/airflow/dags/customer_churn_pipeline.py took 1.010 seconds
[2025-08-27T10:22:21.195+0000] {processor.py:161} INFO - Started process (PID=369) to work on /opt/airflow/dags/customer_churn_pipeline.py
[2025-08-27T10:22:21.196+0000] {processor.py:830} INFO - Processing file /opt/airflow/dags/customer_churn_pipeline.py for tasks to queue
[2025-08-27T10:22:21.198+0000] {logging_mixin.py:188} INFO - [2025-08-27T10:22:21.198+0000] {dagbag.py:538} INFO - Filling up the DagBag from /opt/airflow/dags/customer_churn_pipeline.py
[2025-08-27T10:22:22.048+0000] {processor.py:840} INFO - DAG(s) 'day7_customer_churn_pipeline' retrieved from /opt/airflow/dags/customer_churn_pipeline.py
[2025-08-27T10:22:22.072+0000] {logging_mixin.py:188} INFO - [2025-08-27T10:22:22.071+0000] {dag.py:3036} INFO - Sync 1 DAGs
[2025-08-27T10:22:22.084+0000] {logging_mixin.py:188} INFO - [2025-08-27T10:22:22.083+0000] {dag.py:3823} INFO - Setting next_dagrun for day7_customer_churn_pipeline to None, run_after=None
[2025-08-27T10:22:22.105+0000] {processor.py:183} INFO - Processing /opt/airflow/dags/customer_churn_pipeline.py took 0.913 seconds
[2025-08-27T10:22:52.396+0000] {processor.py:161} INFO - Started process (PID=388) to work on /opt/airflow/dags/customer_churn_pipeline.py
[2025-08-27T10:22:52.401+0000] {processor.py:830} INFO - Processing file /opt/airflow/dags/customer_churn_pipeline.py for tasks to queue
[2025-08-27T10:22:52.404+0000] {logging_mixin.py:188} INFO - [2025-08-27T10:22:52.403+0000] {dagbag.py:538} INFO - Filling up the DagBag from /opt/airflow/dags/customer_churn_pipeline.py
[2025-08-27T10:22:53.334+0000] {processor.py:840} INFO - DAG(s) 'day7_customer_churn_pipeline' retrieved from /opt/airflow/dags/customer_churn_pipeline.py
[2025-08-27T10:22:53.358+0000] {logging_mixin.py:188} INFO - [2025-08-27T10:22:53.357+0000] {dag.py:3036} INFO - Sync 1 DAGs
[2025-08-27T10:22:53.369+0000] {logging_mixin.py:188} INFO - [2025-08-27T10:22:53.369+0000] {dag.py:3823} INFO - Setting next_dagrun for day7_customer_churn_pipeline to None, run_after=None
[2025-08-27T10:22:53.390+0000] {processor.py:183} INFO - Processing /opt/airflow/dags/customer_churn_pipeline.py took 0.997 seconds
[2025-08-27T10:23:23.734+0000] {processor.py:161} INFO - Started process (PID=407) to work on /opt/airflow/dags/customer_churn_pipeline.py
[2025-08-27T10:23:23.737+0000] {processor.py:830} INFO - Processing file /opt/airflow/dags/customer_churn_pipeline.py for tasks to queue
[2025-08-27T10:23:23.741+0000] {logging_mixin.py:188} INFO - [2025-08-27T10:23:23.740+0000] {dagbag.py:538} INFO - Filling up the DagBag from /opt/airflow/dags/customer_churn_pipeline.py
[2025-08-27T10:23:25.342+0000] {processor.py:840} INFO - DAG(s) 'day7_customer_churn_pipeline' retrieved from /opt/airflow/dags/customer_churn_pipeline.py
[2025-08-27T10:23:25.397+0000] {logging_mixin.py:188} INFO - [2025-08-27T10:23:25.397+0000] {dag.py:3036} INFO - Sync 1 DAGs
[2025-08-27T10:23:25.409+0000] {logging_mixin.py:188} INFO - [2025-08-27T10:23:25.409+0000] {dag.py:3823} INFO - Setting next_dagrun for day7_customer_churn_pipeline to None, run_after=None
[2025-08-27T10:23:25.463+0000] {processor.py:183} INFO - Processing /opt/airflow/dags/customer_churn_pipeline.py took 1.781 seconds
[2025-08-27T10:23:55.881+0000] {processor.py:161} INFO - Started process (PID=426) to work on /opt/airflow/dags/customer_churn_pipeline.py
[2025-08-27T10:23:55.884+0000] {processor.py:830} INFO - Processing file /opt/airflow/dags/customer_churn_pipeline.py for tasks to queue
[2025-08-27T10:23:55.891+0000] {logging_mixin.py:188} INFO - [2025-08-27T10:23:55.891+0000] {dagbag.py:538} INFO - Filling up the DagBag from /opt/airflow/dags/customer_churn_pipeline.py
[2025-08-27T10:23:59.238+0000] {processor.py:840} INFO - DAG(s) 'day7_customer_churn_pipeline' retrieved from /opt/airflow/dags/customer_churn_pipeline.py
[2025-08-27T10:23:59.260+0000] {logging_mixin.py:188} INFO - [2025-08-27T10:23:59.259+0000] {dag.py:3036} INFO - Sync 1 DAGs
[2025-08-27T10:23:59.324+0000] {logging_mixin.py:188} INFO - [2025-08-27T10:23:59.324+0000] {dag.py:3823} INFO - Setting next_dagrun for day7_customer_churn_pipeline to None, run_after=None
[2025-08-27T10:23:59.355+0000] {processor.py:183} INFO - Processing /opt/airflow/dags/customer_churn_pipeline.py took 3.478 seconds
[2025-08-27T10:24:29.688+0000] {processor.py:161} INFO - Started process (PID=445) to work on /opt/airflow/dags/customer_churn_pipeline.py
[2025-08-27T10:24:29.689+0000] {processor.py:830} INFO - Processing file /opt/airflow/dags/customer_churn_pipeline.py for tasks to queue
[2025-08-27T10:24:29.691+0000] {logging_mixin.py:188} INFO - [2025-08-27T10:24:29.691+0000] {dagbag.py:538} INFO - Filling up the DagBag from /opt/airflow/dags/customer_churn_pipeline.py
[2025-08-27T10:24:31.089+0000] {processor.py:840} INFO - DAG(s) 'day7_customer_churn_pipeline' retrieved from /opt/airflow/dags/customer_churn_pipeline.py
[2025-08-27T10:24:31.168+0000] {logging_mixin.py:188} INFO - [2025-08-27T10:24:31.167+0000] {dag.py:3036} INFO - Sync 1 DAGs
[2025-08-27T10:24:31.179+0000] {logging_mixin.py:188} INFO - [2025-08-27T10:24:31.179+0000] {dag.py:3823} INFO - Setting next_dagrun for day7_customer_churn_pipeline to None, run_after=None
[2025-08-27T10:24:31.244+0000] {processor.py:183} INFO - Processing /opt/airflow/dags/customer_churn_pipeline.py took 1.559 seconds
[2025-08-27T10:25:01.845+0000] {processor.py:161} INFO - Started process (PID=464) to work on /opt/airflow/dags/customer_churn_pipeline.py
[2025-08-27T10:25:01.852+0000] {processor.py:830} INFO - Processing file /opt/airflow/dags/customer_churn_pipeline.py for tasks to queue
[2025-08-27T10:25:01.855+0000] {logging_mixin.py:188} INFO - [2025-08-27T10:25:01.855+0000] {dagbag.py:538} INFO - Filling up the DagBag from /opt/airflow/dags/customer_churn_pipeline.py
[2025-08-27T10:25:05.142+0000] {processor.py:840} INFO - DAG(s) 'day7_customer_churn_pipeline' retrieved from /opt/airflow/dags/customer_churn_pipeline.py
[2025-08-27T10:25:05.307+0000] {logging_mixin.py:188} INFO - [2025-08-27T10:25:05.306+0000] {dag.py:3036} INFO - Sync 1 DAGs
[2025-08-27T10:25:05.320+0000] {logging_mixin.py:188} INFO - [2025-08-27T10:25:05.320+0000] {dag.py:3823} INFO - Setting next_dagrun for day7_customer_churn_pipeline to None, run_after=None
[2025-08-27T10:25:05.409+0000] {processor.py:183} INFO - Processing /opt/airflow/dags/customer_churn_pipeline.py took 3.569 seconds
[2025-08-27T10:25:36.453+0000] {processor.py:161} INFO - Started process (PID=483) to work on /opt/airflow/dags/customer_churn_pipeline.py
[2025-08-27T10:25:36.472+0000] {processor.py:830} INFO - Processing file /opt/airflow/dags/customer_churn_pipeline.py for tasks to queue
[2025-08-27T10:25:36.490+0000] {logging_mixin.py:188} INFO - [2025-08-27T10:25:36.487+0000] {dagbag.py:538} INFO - Filling up the DagBag from /opt/airflow/dags/customer_churn_pipeline.py
[2025-08-27T10:25:40.979+0000] {processor.py:840} INFO - DAG(s) 'day7_customer_churn_pipeline' retrieved from /opt/airflow/dags/customer_churn_pipeline.py
[2025-08-27T10:25:41.220+0000] {logging_mixin.py:188} INFO - [2025-08-27T10:25:41.216+0000] {dag.py:3036} INFO - Sync 1 DAGs
[2025-08-27T10:25:41.354+0000] {logging_mixin.py:188} INFO - [2025-08-27T10:25:41.352+0000] {dag.py:3823} INFO - Setting next_dagrun for day7_customer_churn_pipeline to None, run_after=None
[2025-08-27T10:25:41.542+0000] {processor.py:183} INFO - Processing /opt/airflow/dags/customer_churn_pipeline.py took 5.115 seconds
[2025-08-27T10:26:11.902+0000] {processor.py:161} INFO - Started process (PID=502) to work on /opt/airflow/dags/customer_churn_pipeline.py
[2025-08-27T10:26:11.913+0000] {processor.py:830} INFO - Processing file /opt/airflow/dags/customer_churn_pipeline.py for tasks to queue
[2025-08-27T10:26:11.949+0000] {logging_mixin.py:188} INFO - [2025-08-27T10:26:11.940+0000] {dagbag.py:538} INFO - Filling up the DagBag from /opt/airflow/dags/customer_churn_pipeline.py
[2025-08-27T10:26:17.517+0000] {processor.py:840} INFO - DAG(s) 'day7_customer_churn_pipeline' retrieved from /opt/airflow/dags/customer_churn_pipeline.py
[2025-08-27T10:26:17.688+0000] {logging_mixin.py:188} INFO - [2025-08-27T10:26:17.685+0000] {dag.py:3036} INFO - Sync 1 DAGs
[2025-08-27T10:26:17.789+0000] {logging_mixin.py:188} INFO - [2025-08-27T10:26:17.788+0000] {dag.py:3823} INFO - Setting next_dagrun for day7_customer_churn_pipeline to None, run_after=None
[2025-08-27T10:26:17.943+0000] {processor.py:183} INFO - Processing /opt/airflow/dags/customer_churn_pipeline.py took 6.071 seconds
[2025-08-27T10:26:48.242+0000] {processor.py:161} INFO - Started process (PID=521) to work on /opt/airflow/dags/customer_churn_pipeline.py
[2025-08-27T10:26:48.255+0000] {processor.py:830} INFO - Processing file /opt/airflow/dags/customer_churn_pipeline.py for tasks to queue
[2025-08-27T10:26:48.279+0000] {logging_mixin.py:188} INFO - [2025-08-27T10:26:48.277+0000] {dagbag.py:538} INFO - Filling up the DagBag from /opt/airflow/dags/customer_churn_pipeline.py
[2025-08-27T10:26:52.008+0000] {processor.py:840} INFO - DAG(s) 'day7_customer_churn_pipeline' retrieved from /opt/airflow/dags/customer_churn_pipeline.py
[2025-08-27T10:26:52.236+0000] {logging_mixin.py:188} INFO - [2025-08-27T10:26:52.234+0000] {dag.py:3036} INFO - Sync 1 DAGs
[2025-08-27T10:26:52.347+0000] {logging_mixin.py:188} INFO - [2025-08-27T10:26:52.345+0000] {dag.py:3823} INFO - Setting next_dagrun for day7_customer_churn_pipeline to None, run_after=None
[2025-08-27T10:26:52.560+0000] {processor.py:183} INFO - Processing /opt/airflow/dags/customer_churn_pipeline.py took 4.359 seconds
[2025-08-27T10:27:23.804+0000] {processor.py:161} INFO - Started process (PID=540) to work on /opt/airflow/dags/customer_churn_pipeline.py
[2025-08-27T10:27:23.818+0000] {processor.py:830} INFO - Processing file /opt/airflow/dags/customer_churn_pipeline.py for tasks to queue
[2025-08-27T10:27:23.838+0000] {logging_mixin.py:188} INFO - [2025-08-27T10:27:23.835+0000] {dagbag.py:538} INFO - Filling up the DagBag from /opt/airflow/dags/customer_churn_pipeline.py
[2025-08-27T10:27:32.068+0000] {processor.py:840} INFO - DAG(s) 'day7_customer_churn_pipeline' retrieved from /opt/airflow/dags/customer_churn_pipeline.py
[2025-08-27T10:27:32.301+0000] {logging_mixin.py:188} INFO - [2025-08-27T10:27:32.298+0000] {dag.py:3036} INFO - Sync 1 DAGs
[2025-08-27T10:27:32.411+0000] {logging_mixin.py:188} INFO - [2025-08-27T10:27:32.409+0000] {dag.py:3823} INFO - Setting next_dagrun for day7_customer_churn_pipeline to None, run_after=None
[2025-08-27T10:27:32.510+0000] {processor.py:183} INFO - Processing /opt/airflow/dags/customer_churn_pipeline.py took 8.742 seconds
[2025-08-27T10:28:03.195+0000] {processor.py:161} INFO - Started process (PID=559) to work on /opt/airflow/dags/customer_churn_pipeline.py
[2025-08-27T10:28:03.212+0000] {processor.py:830} INFO - Processing file /opt/airflow/dags/customer_churn_pipeline.py for tasks to queue
[2025-08-27T10:28:03.233+0000] {logging_mixin.py:188} INFO - [2025-08-27T10:28:03.230+0000] {dagbag.py:538} INFO - Filling up the DagBag from /opt/airflow/dags/customer_churn_pipeline.py
[2025-08-27T10:28:10.205+0000] {processor.py:840} INFO - DAG(s) 'day7_customer_churn_pipeline' retrieved from /opt/airflow/dags/customer_churn_pipeline.py
[2025-08-27T10:28:10.462+0000] {logging_mixin.py:188} INFO - [2025-08-27T10:28:10.457+0000] {dag.py:3036} INFO - Sync 1 DAGs
[2025-08-27T10:28:10.587+0000] {logging_mixin.py:188} INFO - [2025-08-27T10:28:10.585+0000] {dag.py:3823} INFO - Setting next_dagrun for day7_customer_churn_pipeline to None, run_after=None
[2025-08-27T10:28:10.778+0000] {processor.py:183} INFO - Processing /opt/airflow/dags/customer_churn_pipeline.py took 7.614 seconds
[2025-08-27T10:28:41.143+0000] {processor.py:161} INFO - Started process (PID=578) to work on /opt/airflow/dags/customer_churn_pipeline.py
[2025-08-27T10:28:41.152+0000] {processor.py:830} INFO - Processing file /opt/airflow/dags/customer_churn_pipeline.py for tasks to queue
[2025-08-27T10:28:41.157+0000] {logging_mixin.py:188} INFO - [2025-08-27T10:28:41.157+0000] {dagbag.py:538} INFO - Filling up the DagBag from /opt/airflow/dags/customer_churn_pipeline.py
[2025-08-27T10:28:44.295+0000] {processor.py:840} INFO - DAG(s) 'day7_customer_churn_pipeline' retrieved from /opt/airflow/dags/customer_churn_pipeline.py
[2025-08-27T10:28:44.374+0000] {logging_mixin.py:188} INFO - [2025-08-27T10:28:44.374+0000] {dag.py:3036} INFO - Sync 1 DAGs
[2025-08-27T10:28:44.410+0000] {logging_mixin.py:188} INFO - [2025-08-27T10:28:44.409+0000] {dag.py:3823} INFO - Setting next_dagrun for day7_customer_churn_pipeline to None, run_after=None
[2025-08-27T10:28:44.595+0000] {processor.py:183} INFO - Processing /opt/airflow/dags/customer_churn_pipeline.py took 3.477 seconds
[2025-08-27T10:29:15.674+0000] {processor.py:161} INFO - Started process (PID=597) to work on /opt/airflow/dags/customer_churn_pipeline.py
[2025-08-27T10:29:15.694+0000] {processor.py:830} INFO - Processing file /opt/airflow/dags/customer_churn_pipeline.py for tasks to queue
[2025-08-27T10:29:15.714+0000] {logging_mixin.py:188} INFO - [2025-08-27T10:29:15.710+0000] {dagbag.py:538} INFO - Filling up the DagBag from /opt/airflow/dags/customer_churn_pipeline.py
[2025-08-27T10:29:24.717+0000] {processor.py:840} INFO - DAG(s) 'day7_customer_churn_pipeline' retrieved from /opt/airflow/dags/customer_churn_pipeline.py
[2025-08-27T10:29:25.009+0000] {logging_mixin.py:188} INFO - [2025-08-27T10:29:25.006+0000] {dag.py:3036} INFO - Sync 1 DAGs
[2025-08-27T10:29:25.134+0000] {logging_mixin.py:188} INFO - [2025-08-27T10:29:25.133+0000] {dag.py:3823} INFO - Setting next_dagrun for day7_customer_churn_pipeline to None, run_after=None
[2025-08-27T10:29:25.370+0000] {processor.py:183} INFO - Processing /opt/airflow/dags/customer_churn_pipeline.py took 9.761 seconds
[2025-08-27T10:29:55.830+0000] {processor.py:161} INFO - Started process (PID=616) to work on /opt/airflow/dags/customer_churn_pipeline.py
[2025-08-27T10:29:55.849+0000] {processor.py:830} INFO - Processing file /opt/airflow/dags/customer_churn_pipeline.py for tasks to queue
[2025-08-27T10:29:55.879+0000] {logging_mixin.py:188} INFO - [2025-08-27T10:29:55.876+0000] {dagbag.py:538} INFO - Filling up the DagBag from /opt/airflow/dags/customer_churn_pipeline.py
[2025-08-27T10:30:02.656+0000] {processor.py:840} INFO - DAG(s) 'day7_customer_churn_pipeline' retrieved from /opt/airflow/dags/customer_churn_pipeline.py
[2025-08-27T10:30:02.782+0000] {logging_mixin.py:188} INFO - [2025-08-27T10:30:02.779+0000] {dag.py:3036} INFO - Sync 1 DAGs
[2025-08-27T10:30:02.869+0000] {logging_mixin.py:188} INFO - [2025-08-27T10:30:02.868+0000] {dag.py:3823} INFO - Setting next_dagrun for day7_customer_churn_pipeline to None, run_after=None
[2025-08-27T10:30:03.033+0000] {processor.py:183} INFO - Processing /opt/airflow/dags/customer_churn_pipeline.py took 7.262 seconds
[2025-08-27T10:30:34.416+0000] {processor.py:161} INFO - Started process (PID=635) to work on /opt/airflow/dags/customer_churn_pipeline.py
[2025-08-27T10:30:34.425+0000] {processor.py:830} INFO - Processing file /opt/airflow/dags/customer_churn_pipeline.py for tasks to queue
[2025-08-27T10:30:34.441+0000] {logging_mixin.py:188} INFO - [2025-08-27T10:30:34.439+0000] {dagbag.py:538} INFO - Filling up the DagBag from /opt/airflow/dags/customer_churn_pipeline.py
[2025-08-27T10:30:41.266+0000] {processor.py:840} INFO - DAG(s) 'day7_customer_churn_pipeline' retrieved from /opt/airflow/dags/customer_churn_pipeline.py
[2025-08-27T10:30:41.461+0000] {logging_mixin.py:188} INFO - [2025-08-27T10:30:41.458+0000] {dag.py:3036} INFO - Sync 1 DAGs
[2025-08-27T10:30:41.550+0000] {logging_mixin.py:188} INFO - [2025-08-27T10:30:41.548+0000] {dag.py:3823} INFO - Setting next_dagrun for day7_customer_churn_pipeline to None, run_after=None
[2025-08-27T10:30:41.716+0000] {processor.py:183} INFO - Processing /opt/airflow/dags/customer_churn_pipeline.py took 7.358 seconds
[2025-08-27T10:31:12.906+0000] {processor.py:161} INFO - Started process (PID=654) to work on /opt/airflow/dags/customer_churn_pipeline.py
[2025-08-27T10:31:12.916+0000] {processor.py:830} INFO - Processing file /opt/airflow/dags/customer_churn_pipeline.py for tasks to queue
[2025-08-27T10:31:12.931+0000] {logging_mixin.py:188} INFO - [2025-08-27T10:31:12.929+0000] {dagbag.py:538} INFO - Filling up the DagBag from /opt/airflow/dags/customer_churn_pipeline.py
[2025-08-27T10:31:19.063+0000] {processor.py:840} INFO - DAG(s) 'day7_customer_churn_pipeline' retrieved from /opt/airflow/dags/customer_churn_pipeline.py
[2025-08-27T10:31:19.313+0000] {logging_mixin.py:188} INFO - [2025-08-27T10:31:19.310+0000] {dag.py:3036} INFO - Sync 1 DAGs
[2025-08-27T10:31:19.432+0000] {logging_mixin.py:188} INFO - [2025-08-27T10:31:19.431+0000] {dag.py:3823} INFO - Setting next_dagrun for day7_customer_churn_pipeline to None, run_after=None
[2025-08-27T10:31:19.618+0000] {processor.py:183} INFO - Processing /opt/airflow/dags/customer_churn_pipeline.py took 6.736 seconds
[2025-08-27T10:31:50.336+0000] {processor.py:161} INFO - Started process (PID=673) to work on /opt/airflow/dags/customer_churn_pipeline.py
[2025-08-27T10:31:50.354+0000] {processor.py:830} INFO - Processing file /opt/airflow/dags/customer_churn_pipeline.py for tasks to queue
[2025-08-27T10:31:50.380+0000] {logging_mixin.py:188} INFO - [2025-08-27T10:31:50.377+0000] {dagbag.py:538} INFO - Filling up the DagBag from /opt/airflow/dags/customer_churn_pipeline.py
[2025-08-27T10:31:54.663+0000] {processor.py:840} INFO - DAG(s) 'day7_customer_churn_pipeline' retrieved from /opt/airflow/dags/customer_churn_pipeline.py
[2025-08-27T10:31:54.704+0000] {logging_mixin.py:188} INFO - [2025-08-27T10:31:54.703+0000] {dag.py:3036} INFO - Sync 1 DAGs
[2025-08-27T10:31:54.726+0000] {logging_mixin.py:188} INFO - [2025-08-27T10:31:54.724+0000] {dag.py:3823} INFO - Setting next_dagrun for day7_customer_churn_pipeline to None, run_after=None
[2025-08-27T10:31:54.810+0000] {processor.py:183} INFO - Processing /opt/airflow/dags/customer_churn_pipeline.py took 4.541 seconds
[2025-08-27T10:32:25.539+0000] {processor.py:161} INFO - Started process (PID=692) to work on /opt/airflow/dags/customer_churn_pipeline.py
[2025-08-27T10:32:25.541+0000] {processor.py:830} INFO - Processing file /opt/airflow/dags/customer_churn_pipeline.py for tasks to queue
[2025-08-27T10:32:25.545+0000] {logging_mixin.py:188} INFO - [2025-08-27T10:32:25.545+0000] {dagbag.py:538} INFO - Filling up the DagBag from /opt/airflow/dags/customer_churn_pipeline.py
[2025-08-27T10:32:26.910+0000] {processor.py:840} INFO - DAG(s) 'day7_customer_churn_pipeline' retrieved from /opt/airflow/dags/customer_churn_pipeline.py
[2025-08-27T10:32:26.953+0000] {logging_mixin.py:188} INFO - [2025-08-27T10:32:26.953+0000] {dag.py:3036} INFO - Sync 1 DAGs
[2025-08-27T10:32:26.982+0000] {logging_mixin.py:188} INFO - [2025-08-27T10:32:26.982+0000] {dag.py:3823} INFO - Setting next_dagrun for day7_customer_churn_pipeline to None, run_after=None
[2025-08-27T10:32:27.010+0000] {processor.py:183} INFO - Processing /opt/airflow/dags/customer_churn_pipeline.py took 1.476 seconds
[2025-08-27T10:32:57.330+0000] {processor.py:161} INFO - Started process (PID=711) to work on /opt/airflow/dags/customer_churn_pipeline.py
[2025-08-27T10:32:57.331+0000] {processor.py:830} INFO - Processing file /opt/airflow/dags/customer_churn_pipeline.py for tasks to queue
[2025-08-27T10:32:57.333+0000] {logging_mixin.py:188} INFO - [2025-08-27T10:32:57.333+0000] {dagbag.py:538} INFO - Filling up the DagBag from /opt/airflow/dags/customer_churn_pipeline.py
[2025-08-27T10:32:58.301+0000] {processor.py:840} INFO - DAG(s) 'day7_customer_churn_pipeline' retrieved from /opt/airflow/dags/customer_churn_pipeline.py
[2025-08-27T10:32:58.331+0000] {logging_mixin.py:188} INFO - [2025-08-27T10:32:58.330+0000] {dag.py:3036} INFO - Sync 1 DAGs
[2025-08-27T10:32:58.347+0000] {logging_mixin.py:188} INFO - [2025-08-27T10:32:58.347+0000] {dag.py:3823} INFO - Setting next_dagrun for day7_customer_churn_pipeline to None, run_after=None
[2025-08-27T10:32:58.369+0000] {processor.py:183} INFO - Processing /opt/airflow/dags/customer_churn_pipeline.py took 1.042 seconds
[2025-08-27T10:33:28.774+0000] {processor.py:161} INFO - Started process (PID=730) to work on /opt/airflow/dags/customer_churn_pipeline.py
[2025-08-27T10:33:28.775+0000] {processor.py:830} INFO - Processing file /opt/airflow/dags/customer_churn_pipeline.py for tasks to queue
[2025-08-27T10:33:28.778+0000] {logging_mixin.py:188} INFO - [2025-08-27T10:33:28.777+0000] {dagbag.py:538} INFO - Filling up the DagBag from /opt/airflow/dags/customer_churn_pipeline.py
[2025-08-27T10:33:29.634+0000] {processor.py:840} INFO - DAG(s) 'day7_customer_churn_pipeline' retrieved from /opt/airflow/dags/customer_churn_pipeline.py
[2025-08-27T10:33:29.659+0000] {logging_mixin.py:188} INFO - [2025-08-27T10:33:29.659+0000] {dag.py:3036} INFO - Sync 1 DAGs
[2025-08-27T10:33:29.671+0000] {logging_mixin.py:188} INFO - [2025-08-27T10:33:29.671+0000] {dag.py:3823} INFO - Setting next_dagrun for day7_customer_churn_pipeline to None, run_after=None
[2025-08-27T10:33:29.690+0000] {processor.py:183} INFO - Processing /opt/airflow/dags/customer_churn_pipeline.py took 0.921 seconds
[2025-08-27T10:34:00.068+0000] {processor.py:161} INFO - Started process (PID=749) to work on /opt/airflow/dags/customer_churn_pipeline.py
[2025-08-27T10:34:00.070+0000] {processor.py:830} INFO - Processing file /opt/airflow/dags/customer_churn_pipeline.py for tasks to queue
[2025-08-27T10:34:00.072+0000] {logging_mixin.py:188} INFO - [2025-08-27T10:34:00.072+0000] {dagbag.py:538} INFO - Filling up the DagBag from /opt/airflow/dags/customer_churn_pipeline.py
[2025-08-27T10:34:00.882+0000] {processor.py:840} INFO - DAG(s) 'day7_customer_churn_pipeline' retrieved from /opt/airflow/dags/customer_churn_pipeline.py
[2025-08-27T10:34:00.906+0000] {logging_mixin.py:188} INFO - [2025-08-27T10:34:00.905+0000] {dag.py:3036} INFO - Sync 1 DAGs
[2025-08-27T10:34:00.916+0000] {logging_mixin.py:188} INFO - [2025-08-27T10:34:00.915+0000] {dag.py:3823} INFO - Setting next_dagrun for day7_customer_churn_pipeline to None, run_after=None
[2025-08-27T10:34:00.930+0000] {processor.py:183} INFO - Processing /opt/airflow/dags/customer_churn_pipeline.py took 0.867 seconds
[2025-08-27T10:34:31.193+0000] {processor.py:161} INFO - Started process (PID=768) to work on /opt/airflow/dags/customer_churn_pipeline.py
[2025-08-27T10:34:31.194+0000] {processor.py:830} INFO - Processing file /opt/airflow/dags/customer_churn_pipeline.py for tasks to queue
[2025-08-27T10:34:31.195+0000] {logging_mixin.py:188} INFO - [2025-08-27T10:34:31.195+0000] {dagbag.py:538} INFO - Filling up the DagBag from /opt/airflow/dags/customer_churn_pipeline.py
[2025-08-27T10:34:32.004+0000] {processor.py:840} INFO - DAG(s) 'day7_customer_churn_pipeline' retrieved from /opt/airflow/dags/customer_churn_pipeline.py
[2025-08-27T10:34:32.024+0000] {logging_mixin.py:188} INFO - [2025-08-27T10:34:32.024+0000] {dag.py:3036} INFO - Sync 1 DAGs
[2025-08-27T10:34:32.037+0000] {logging_mixin.py:188} INFO - [2025-08-27T10:34:32.037+0000] {dag.py:3823} INFO - Setting next_dagrun for day7_customer_churn_pipeline to None, run_after=None
[2025-08-27T10:34:32.051+0000] {processor.py:183} INFO - Processing /opt/airflow/dags/customer_churn_pipeline.py took 0.861 seconds
[2025-08-27T10:35:02.384+0000] {processor.py:161} INFO - Started process (PID=787) to work on /opt/airflow/dags/customer_churn_pipeline.py
[2025-08-27T10:35:02.385+0000] {processor.py:830} INFO - Processing file /opt/airflow/dags/customer_churn_pipeline.py for tasks to queue
[2025-08-27T10:35:02.388+0000] {logging_mixin.py:188} INFO - [2025-08-27T10:35:02.388+0000] {dagbag.py:538} INFO - Filling up the DagBag from /opt/airflow/dags/customer_churn_pipeline.py
[2025-08-27T10:35:03.108+0000] {processor.py:840} INFO - DAG(s) 'day7_customer_churn_pipeline' retrieved from /opt/airflow/dags/customer_churn_pipeline.py
[2025-08-27T10:35:03.130+0000] {logging_mixin.py:188} INFO - [2025-08-27T10:35:03.130+0000] {dag.py:3036} INFO - Sync 1 DAGs
[2025-08-27T10:35:03.140+0000] {logging_mixin.py:188} INFO - [2025-08-27T10:35:03.140+0000] {dag.py:3823} INFO - Setting next_dagrun for day7_customer_churn_pipeline to None, run_after=None
[2025-08-27T10:35:03.161+0000] {processor.py:183} INFO - Processing /opt/airflow/dags/customer_churn_pipeline.py took 0.779 seconds
[2025-08-27T10:35:33.650+0000] {processor.py:161} INFO - Started process (PID=806) to work on /opt/airflow/dags/customer_churn_pipeline.py
[2025-08-27T10:35:33.652+0000] {processor.py:830} INFO - Processing file /opt/airflow/dags/customer_churn_pipeline.py for tasks to queue
[2025-08-27T10:35:33.656+0000] {logging_mixin.py:188} INFO - [2025-08-27T10:35:33.656+0000] {dagbag.py:538} INFO - Filling up the DagBag from /opt/airflow/dags/customer_churn_pipeline.py
[2025-08-27T10:35:34.468+0000] {processor.py:840} INFO - DAG(s) 'day7_customer_churn_pipeline' retrieved from /opt/airflow/dags/customer_churn_pipeline.py
[2025-08-27T10:35:34.489+0000] {logging_mixin.py:188} INFO - [2025-08-27T10:35:34.489+0000] {dag.py:3036} INFO - Sync 1 DAGs
[2025-08-27T10:35:34.498+0000] {logging_mixin.py:188} INFO - [2025-08-27T10:35:34.498+0000] {dag.py:3823} INFO - Setting next_dagrun for day7_customer_churn_pipeline to None, run_after=None
[2025-08-27T10:35:34.515+0000] {processor.py:183} INFO - Processing /opt/airflow/dags/customer_churn_pipeline.py took 0.870 seconds
[2025-08-27T10:36:04.806+0000] {processor.py:161} INFO - Started process (PID=825) to work on /opt/airflow/dags/customer_churn_pipeline.py
[2025-08-27T10:36:04.807+0000] {processor.py:830} INFO - Processing file /opt/airflow/dags/customer_churn_pipeline.py for tasks to queue
[2025-08-27T10:36:04.808+0000] {logging_mixin.py:188} INFO - [2025-08-27T10:36:04.808+0000] {dagbag.py:538} INFO - Filling up the DagBag from /opt/airflow/dags/customer_churn_pipeline.py
[2025-08-27T10:36:05.598+0000] {processor.py:840} INFO - DAG(s) 'day7_customer_churn_pipeline' retrieved from /opt/airflow/dags/customer_churn_pipeline.py
[2025-08-27T10:36:05.619+0000] {logging_mixin.py:188} INFO - [2025-08-27T10:36:05.618+0000] {dag.py:3036} INFO - Sync 1 DAGs
[2025-08-27T10:36:05.629+0000] {logging_mixin.py:188} INFO - [2025-08-27T10:36:05.629+0000] {dag.py:3823} INFO - Setting next_dagrun for day7_customer_churn_pipeline to None, run_after=None
[2025-08-27T10:36:05.646+0000] {processor.py:183} INFO - Processing /opt/airflow/dags/customer_churn_pipeline.py took 0.844 seconds
[2025-08-27T10:36:35.934+0000] {processor.py:161} INFO - Started process (PID=844) to work on /opt/airflow/dags/customer_churn_pipeline.py
[2025-08-27T10:36:35.936+0000] {processor.py:830} INFO - Processing file /opt/airflow/dags/customer_churn_pipeline.py for tasks to queue
[2025-08-27T10:36:35.938+0000] {logging_mixin.py:188} INFO - [2025-08-27T10:36:35.938+0000] {dagbag.py:538} INFO - Filling up the DagBag from /opt/airflow/dags/customer_churn_pipeline.py
[2025-08-27T10:36:36.772+0000] {processor.py:840} INFO - DAG(s) 'day7_customer_churn_pipeline' retrieved from /opt/airflow/dags/customer_churn_pipeline.py
[2025-08-27T10:36:36.796+0000] {logging_mixin.py:188} INFO - [2025-08-27T10:36:36.795+0000] {dag.py:3036} INFO - Sync 1 DAGs
[2025-08-27T10:36:36.806+0000] {logging_mixin.py:188} INFO - [2025-08-27T10:36:36.806+0000] {dag.py:3823} INFO - Setting next_dagrun for day7_customer_churn_pipeline to None, run_after=None
[2025-08-27T10:36:36.825+0000] {processor.py:183} INFO - Processing /opt/airflow/dags/customer_churn_pipeline.py took 0.894 seconds
[2025-08-27T10:37:07.172+0000] {processor.py:161} INFO - Started process (PID=863) to work on /opt/airflow/dags/customer_churn_pipeline.py
[2025-08-27T10:37:07.175+0000] {processor.py:830} INFO - Processing file /opt/airflow/dags/customer_churn_pipeline.py for tasks to queue
[2025-08-27T10:37:07.178+0000] {logging_mixin.py:188} INFO - [2025-08-27T10:37:07.178+0000] {dagbag.py:538} INFO - Filling up the DagBag from /opt/airflow/dags/customer_churn_pipeline.py
[2025-08-27T10:37:08.082+0000] {processor.py:840} INFO - DAG(s) 'day7_customer_churn_pipeline' retrieved from /opt/airflow/dags/customer_churn_pipeline.py
[2025-08-27T10:37:08.107+0000] {logging_mixin.py:188} INFO - [2025-08-27T10:37:08.106+0000] {dag.py:3036} INFO - Sync 1 DAGs
[2025-08-27T10:37:08.117+0000] {logging_mixin.py:188} INFO - [2025-08-27T10:37:08.117+0000] {dag.py:3823} INFO - Setting next_dagrun for day7_customer_churn_pipeline to None, run_after=None
[2025-08-27T10:37:08.137+0000] {processor.py:183} INFO - Processing /opt/airflow/dags/customer_churn_pipeline.py took 0.969 seconds
[2025-08-27T10:37:38.399+0000] {processor.py:161} INFO - Started process (PID=882) to work on /opt/airflow/dags/customer_churn_pipeline.py
[2025-08-27T10:37:38.401+0000] {processor.py:830} INFO - Processing file /opt/airflow/dags/customer_churn_pipeline.py for tasks to queue
[2025-08-27T10:37:38.405+0000] {logging_mixin.py:188} INFO - [2025-08-27T10:37:38.405+0000] {dagbag.py:538} INFO - Filling up the DagBag from /opt/airflow/dags/customer_churn_pipeline.py
[2025-08-27T10:37:39.169+0000] {processor.py:840} INFO - DAG(s) 'day7_customer_churn_pipeline' retrieved from /opt/airflow/dags/customer_churn_pipeline.py
[2025-08-27T10:37:39.190+0000] {logging_mixin.py:188} INFO - [2025-08-27T10:37:39.189+0000] {dag.py:3036} INFO - Sync 1 DAGs
[2025-08-27T10:37:39.200+0000] {logging_mixin.py:188} INFO - [2025-08-27T10:37:39.200+0000] {dag.py:3823} INFO - Setting next_dagrun for day7_customer_churn_pipeline to None, run_after=None
[2025-08-27T10:37:39.216+0000] {processor.py:183} INFO - Processing /opt/airflow/dags/customer_churn_pipeline.py took 0.819 seconds
[2025-08-27T10:38:09.496+0000] {processor.py:161} INFO - Started process (PID=901) to work on /opt/airflow/dags/customer_churn_pipeline.py
[2025-08-27T10:38:09.497+0000] {processor.py:830} INFO - Processing file /opt/airflow/dags/customer_churn_pipeline.py for tasks to queue
[2025-08-27T10:38:09.501+0000] {logging_mixin.py:188} INFO - [2025-08-27T10:38:09.501+0000] {dagbag.py:538} INFO - Filling up the DagBag from /opt/airflow/dags/customer_churn_pipeline.py
[2025-08-27T10:38:10.328+0000] {processor.py:840} INFO - DAG(s) 'day7_customer_churn_pipeline' retrieved from /opt/airflow/dags/customer_churn_pipeline.py
[2025-08-27T10:38:10.352+0000] {logging_mixin.py:188} INFO - [2025-08-27T10:38:10.352+0000] {dag.py:3036} INFO - Sync 1 DAGs
[2025-08-27T10:38:10.365+0000] {logging_mixin.py:188} INFO - [2025-08-27T10:38:10.365+0000] {dag.py:3823} INFO - Setting next_dagrun for day7_customer_churn_pipeline to None, run_after=None
[2025-08-27T10:38:10.385+0000] {processor.py:183} INFO - Processing /opt/airflow/dags/customer_churn_pipeline.py took 0.892 seconds
[2025-08-27T10:38:40.628+0000] {processor.py:161} INFO - Started process (PID=920) to work on /opt/airflow/dags/customer_churn_pipeline.py
[2025-08-27T10:38:40.628+0000] {processor.py:830} INFO - Processing file /opt/airflow/dags/customer_churn_pipeline.py for tasks to queue
[2025-08-27T10:38:40.630+0000] {logging_mixin.py:188} INFO - [2025-08-27T10:38:40.630+0000] {dagbag.py:538} INFO - Filling up the DagBag from /opt/airflow/dags/customer_churn_pipeline.py
[2025-08-27T10:38:41.422+0000] {processor.py:840} INFO - DAG(s) 'day7_customer_churn_pipeline' retrieved from /opt/airflow/dags/customer_churn_pipeline.py
[2025-08-27T10:38:41.446+0000] {logging_mixin.py:188} INFO - [2025-08-27T10:38:41.445+0000] {dag.py:3036} INFO - Sync 1 DAGs
[2025-08-27T10:38:41.456+0000] {logging_mixin.py:188} INFO - [2025-08-27T10:38:41.456+0000] {dag.py:3823} INFO - Setting next_dagrun for day7_customer_churn_pipeline to None, run_after=None
[2025-08-27T10:38:41.476+0000] {processor.py:183} INFO - Processing /opt/airflow/dags/customer_churn_pipeline.py took 0.851 seconds
[2025-08-27T10:39:11.929+0000] {processor.py:161} INFO - Started process (PID=939) to work on /opt/airflow/dags/customer_churn_pipeline.py
[2025-08-27T10:39:11.931+0000] {processor.py:830} INFO - Processing file /opt/airflow/dags/customer_churn_pipeline.py for tasks to queue
[2025-08-27T10:39:11.934+0000] {logging_mixin.py:188} INFO - [2025-08-27T10:39:11.933+0000] {dagbag.py:538} INFO - Filling up the DagBag from /opt/airflow/dags/customer_churn_pipeline.py
[2025-08-27T10:39:12.816+0000] {processor.py:840} INFO - DAG(s) 'day7_customer_churn_pipeline' retrieved from /opt/airflow/dags/customer_churn_pipeline.py
[2025-08-27T10:39:12.839+0000] {logging_mixin.py:188} INFO - [2025-08-27T10:39:12.839+0000] {dag.py:3036} INFO - Sync 1 DAGs
[2025-08-27T10:39:12.848+0000] {logging_mixin.py:188} INFO - [2025-08-27T10:39:12.848+0000] {dag.py:3823} INFO - Setting next_dagrun for day7_customer_churn_pipeline to None, run_after=None
[2025-08-27T10:39:12.866+0000] {processor.py:183} INFO - Processing /opt/airflow/dags/customer_churn_pipeline.py took 0.942 seconds
[2025-08-27T10:39:43.119+0000] {processor.py:161} INFO - Started process (PID=958) to work on /opt/airflow/dags/customer_churn_pipeline.py
[2025-08-27T10:39:43.121+0000] {processor.py:830} INFO - Processing file /opt/airflow/dags/customer_churn_pipeline.py for tasks to queue
[2025-08-27T10:39:43.123+0000] {logging_mixin.py:188} INFO - [2025-08-27T10:39:43.123+0000] {dagbag.py:538} INFO - Filling up the DagBag from /opt/airflow/dags/customer_churn_pipeline.py
[2025-08-27T10:39:43.865+0000] {processor.py:840} INFO - DAG(s) 'day7_customer_churn_pipeline' retrieved from /opt/airflow/dags/customer_churn_pipeline.py
[2025-08-27T10:39:43.886+0000] {logging_mixin.py:188} INFO - [2025-08-27T10:39:43.886+0000] {dag.py:3036} INFO - Sync 1 DAGs
[2025-08-27T10:39:43.897+0000] {logging_mixin.py:188} INFO - [2025-08-27T10:39:43.897+0000] {dag.py:3823} INFO - Setting next_dagrun for day7_customer_churn_pipeline to None, run_after=None
[2025-08-27T10:39:43.920+0000] {processor.py:183} INFO - Processing /opt/airflow/dags/customer_churn_pipeline.py took 0.805 seconds
[2025-08-27T10:40:14.381+0000] {processor.py:161} INFO - Started process (PID=977) to work on /opt/airflow/dags/customer_churn_pipeline.py
[2025-08-27T10:40:14.385+0000] {processor.py:830} INFO - Processing file /opt/airflow/dags/customer_churn_pipeline.py for tasks to queue
[2025-08-27T10:40:14.389+0000] {logging_mixin.py:188} INFO - [2025-08-27T10:40:14.389+0000] {dagbag.py:538} INFO - Filling up the DagBag from /opt/airflow/dags/customer_churn_pipeline.py
[2025-08-27T10:40:15.290+0000] {processor.py:840} INFO - DAG(s) 'day7_customer_churn_pipeline' retrieved from /opt/airflow/dags/customer_churn_pipeline.py
[2025-08-27T10:40:15.313+0000] {logging_mixin.py:188} INFO - [2025-08-27T10:40:15.312+0000] {dag.py:3036} INFO - Sync 1 DAGs
[2025-08-27T10:40:15.325+0000] {logging_mixin.py:188} INFO - [2025-08-27T10:40:15.324+0000] {dag.py:3823} INFO - Setting next_dagrun for day7_customer_churn_pipeline to None, run_after=None
[2025-08-27T10:40:15.347+0000] {processor.py:183} INFO - Processing /opt/airflow/dags/customer_churn_pipeline.py took 0.968 seconds
[2025-08-27T10:40:45.593+0000] {processor.py:161} INFO - Started process (PID=996) to work on /opt/airflow/dags/customer_churn_pipeline.py
[2025-08-27T10:40:45.595+0000] {processor.py:830} INFO - Processing file /opt/airflow/dags/customer_churn_pipeline.py for tasks to queue
[2025-08-27T10:40:45.598+0000] {logging_mixin.py:188} INFO - [2025-08-27T10:40:45.597+0000] {dagbag.py:538} INFO - Filling up the DagBag from /opt/airflow/dags/customer_churn_pipeline.py
[2025-08-27T10:40:46.551+0000] {processor.py:840} INFO - DAG(s) 'day7_customer_churn_pipeline' retrieved from /opt/airflow/dags/customer_churn_pipeline.py
[2025-08-27T10:40:46.579+0000] {logging_mixin.py:188} INFO - [2025-08-27T10:40:46.578+0000] {dag.py:3036} INFO - Sync 1 DAGs
[2025-08-27T10:40:46.591+0000] {logging_mixin.py:188} INFO - [2025-08-27T10:40:46.591+0000] {dag.py:3823} INFO - Setting next_dagrun for day7_customer_churn_pipeline to None, run_after=None
[2025-08-27T10:40:46.615+0000] {processor.py:183} INFO - Processing /opt/airflow/dags/customer_churn_pipeline.py took 1.027 seconds
[2025-08-27T10:41:16.817+0000] {processor.py:161} INFO - Started process (PID=1015) to work on /opt/airflow/dags/customer_churn_pipeline.py
[2025-08-27T10:41:16.818+0000] {processor.py:830} INFO - Processing file /opt/airflow/dags/customer_churn_pipeline.py for tasks to queue
[2025-08-27T10:41:16.820+0000] {logging_mixin.py:188} INFO - [2025-08-27T10:41:16.820+0000] {dagbag.py:538} INFO - Filling up the DagBag from /opt/airflow/dags/customer_churn_pipeline.py
[2025-08-27T10:41:17.687+0000] {processor.py:840} INFO - DAG(s) 'day7_customer_churn_pipeline' retrieved from /opt/airflow/dags/customer_churn_pipeline.py
[2025-08-27T10:41:17.708+0000] {logging_mixin.py:188} INFO - [2025-08-27T10:41:17.708+0000] {dag.py:3036} INFO - Sync 1 DAGs
[2025-08-27T10:41:17.720+0000] {logging_mixin.py:188} INFO - [2025-08-27T10:41:17.720+0000] {dag.py:3823} INFO - Setting next_dagrun for day7_customer_churn_pipeline to None, run_after=None
[2025-08-27T10:41:17.745+0000] {processor.py:183} INFO - Processing /opt/airflow/dags/customer_churn_pipeline.py took 0.931 seconds
[2025-08-27T10:41:48.099+0000] {processor.py:161} INFO - Started process (PID=1034) to work on /opt/airflow/dags/customer_churn_pipeline.py
[2025-08-27T10:41:48.101+0000] {processor.py:830} INFO - Processing file /opt/airflow/dags/customer_churn_pipeline.py for tasks to queue
[2025-08-27T10:41:48.103+0000] {logging_mixin.py:188} INFO - [2025-08-27T10:41:48.103+0000] {dagbag.py:538} INFO - Filling up the DagBag from /opt/airflow/dags/customer_churn_pipeline.py
[2025-08-27T10:41:48.953+0000] {processor.py:840} INFO - DAG(s) 'day7_customer_churn_pipeline' retrieved from /opt/airflow/dags/customer_churn_pipeline.py
[2025-08-27T10:41:48.979+0000] {logging_mixin.py:188} INFO - [2025-08-27T10:41:48.979+0000] {dag.py:3036} INFO - Sync 1 DAGs
[2025-08-27T10:41:48.989+0000] {logging_mixin.py:188} INFO - [2025-08-27T10:41:48.988+0000] {dag.py:3823} INFO - Setting next_dagrun for day7_customer_churn_pipeline to None, run_after=None
[2025-08-27T10:41:49.004+0000] {processor.py:183} INFO - Processing /opt/airflow/dags/customer_churn_pipeline.py took 0.909 seconds
[2025-08-27T10:42:19.281+0000] {processor.py:161} INFO - Started process (PID=1053) to work on /opt/airflow/dags/customer_churn_pipeline.py
[2025-08-27T10:42:19.282+0000] {processor.py:830} INFO - Processing file /opt/airflow/dags/customer_churn_pipeline.py for tasks to queue
[2025-08-27T10:42:19.284+0000] {logging_mixin.py:188} INFO - [2025-08-27T10:42:19.283+0000] {dagbag.py:538} INFO - Filling up the DagBag from /opt/airflow/dags/customer_churn_pipeline.py
[2025-08-27T10:42:20.035+0000] {processor.py:840} INFO - DAG(s) 'day7_customer_churn_pipeline' retrieved from /opt/airflow/dags/customer_churn_pipeline.py
[2025-08-27T10:42:20.055+0000] {logging_mixin.py:188} INFO - [2025-08-27T10:42:20.055+0000] {dag.py:3036} INFO - Sync 1 DAGs
[2025-08-27T10:42:20.067+0000] {logging_mixin.py:188} INFO - [2025-08-27T10:42:20.067+0000] {dag.py:3823} INFO - Setting next_dagrun for day7_customer_churn_pipeline to None, run_after=None
[2025-08-27T10:42:20.084+0000] {processor.py:183} INFO - Processing /opt/airflow/dags/customer_churn_pipeline.py took 0.806 seconds
[2025-08-27T10:42:50.364+0000] {processor.py:161} INFO - Started process (PID=1072) to work on /opt/airflow/dags/customer_churn_pipeline.py
[2025-08-27T10:42:50.366+0000] {processor.py:830} INFO - Processing file /opt/airflow/dags/customer_churn_pipeline.py for tasks to queue
[2025-08-27T10:42:50.370+0000] {logging_mixin.py:188} INFO - [2025-08-27T10:42:50.370+0000] {dagbag.py:538} INFO - Filling up the DagBag from /opt/airflow/dags/customer_churn_pipeline.py
[2025-08-27T10:42:51.185+0000] {processor.py:840} INFO - DAG(s) 'day7_customer_churn_pipeline' retrieved from /opt/airflow/dags/customer_churn_pipeline.py
[2025-08-27T10:42:51.211+0000] {logging_mixin.py:188} INFO - [2025-08-27T10:42:51.210+0000] {dag.py:3036} INFO - Sync 1 DAGs
[2025-08-27T10:42:51.227+0000] {logging_mixin.py:188} INFO - [2025-08-27T10:42:51.226+0000] {dag.py:3823} INFO - Setting next_dagrun for day7_customer_churn_pipeline to None, run_after=None
[2025-08-27T10:42:51.244+0000] {processor.py:183} INFO - Processing /opt/airflow/dags/customer_churn_pipeline.py took 0.885 seconds
[2025-08-27T10:43:21.529+0000] {processor.py:161} INFO - Started process (PID=1091) to work on /opt/airflow/dags/customer_churn_pipeline.py
[2025-08-27T10:43:21.530+0000] {processor.py:830} INFO - Processing file /opt/airflow/dags/customer_churn_pipeline.py for tasks to queue
[2025-08-27T10:43:21.532+0000] {logging_mixin.py:188} INFO - [2025-08-27T10:43:21.532+0000] {dagbag.py:538} INFO - Filling up the DagBag from /opt/airflow/dags/customer_churn_pipeline.py
[2025-08-27T10:43:22.435+0000] {processor.py:840} INFO - DAG(s) 'day7_customer_churn_pipeline' retrieved from /opt/airflow/dags/customer_churn_pipeline.py
[2025-08-27T10:43:22.457+0000] {logging_mixin.py:188} INFO - [2025-08-27T10:43:22.457+0000] {dag.py:3036} INFO - Sync 1 DAGs
[2025-08-27T10:43:22.467+0000] {logging_mixin.py:188} INFO - [2025-08-27T10:43:22.466+0000] {dag.py:3823} INFO - Setting next_dagrun for day7_customer_churn_pipeline to None, run_after=None
[2025-08-27T10:43:22.482+0000] {processor.py:183} INFO - Processing /opt/airflow/dags/customer_churn_pipeline.py took 0.959 seconds
[2025-08-27T10:43:52.819+0000] {processor.py:161} INFO - Started process (PID=1110) to work on /opt/airflow/dags/customer_churn_pipeline.py
[2025-08-27T10:43:52.822+0000] {processor.py:830} INFO - Processing file /opt/airflow/dags/customer_churn_pipeline.py for tasks to queue
[2025-08-27T10:43:52.824+0000] {logging_mixin.py:188} INFO - [2025-08-27T10:43:52.824+0000] {dagbag.py:538} INFO - Filling up the DagBag from /opt/airflow/dags/customer_churn_pipeline.py
[2025-08-27T10:43:53.608+0000] {processor.py:840} INFO - DAG(s) 'day7_customer_churn_pipeline' retrieved from /opt/airflow/dags/customer_churn_pipeline.py
[2025-08-27T10:43:53.632+0000] {logging_mixin.py:188} INFO - [2025-08-27T10:43:53.632+0000] {dag.py:3036} INFO - Sync 1 DAGs
[2025-08-27T10:43:53.643+0000] {logging_mixin.py:188} INFO - [2025-08-27T10:43:53.642+0000] {dag.py:3823} INFO - Setting next_dagrun for day7_customer_churn_pipeline to None, run_after=None
[2025-08-27T10:43:53.660+0000] {processor.py:183} INFO - Processing /opt/airflow/dags/customer_churn_pipeline.py took 0.869 seconds
[2025-08-27T10:44:23.992+0000] {processor.py:161} INFO - Started process (PID=1129) to work on /opt/airflow/dags/customer_churn_pipeline.py
[2025-08-27T10:44:23.993+0000] {processor.py:830} INFO - Processing file /opt/airflow/dags/customer_churn_pipeline.py for tasks to queue
[2025-08-27T10:44:23.995+0000] {logging_mixin.py:188} INFO - [2025-08-27T10:44:23.995+0000] {dagbag.py:538} INFO - Filling up the DagBag from /opt/airflow/dags/customer_churn_pipeline.py
[2025-08-27T10:44:24.742+0000] {processor.py:840} INFO - DAG(s) 'day7_customer_churn_pipeline' retrieved from /opt/airflow/dags/customer_churn_pipeline.py
[2025-08-27T10:44:24.764+0000] {logging_mixin.py:188} INFO - [2025-08-27T10:44:24.763+0000] {dag.py:3036} INFO - Sync 1 DAGs
[2025-08-27T10:44:24.778+0000] {logging_mixin.py:188} INFO - [2025-08-27T10:44:24.777+0000] {dag.py:3823} INFO - Setting next_dagrun for day7_customer_churn_pipeline to None, run_after=None
[2025-08-27T10:44:24.793+0000] {processor.py:183} INFO - Processing /opt/airflow/dags/customer_churn_pipeline.py took 0.804 seconds
[2025-08-27T10:44:55.102+0000] {processor.py:161} INFO - Started process (PID=1148) to work on /opt/airflow/dags/customer_churn_pipeline.py
[2025-08-27T10:44:55.104+0000] {processor.py:830} INFO - Processing file /opt/airflow/dags/customer_churn_pipeline.py for tasks to queue
[2025-08-27T10:44:55.107+0000] {logging_mixin.py:188} INFO - [2025-08-27T10:44:55.107+0000] {dagbag.py:538} INFO - Filling up the DagBag from /opt/airflow/dags/customer_churn_pipeline.py
[2025-08-27T10:44:55.868+0000] {processor.py:840} INFO - DAG(s) 'day7_customer_churn_pipeline' retrieved from /opt/airflow/dags/customer_churn_pipeline.py
[2025-08-27T10:44:55.888+0000] {logging_mixin.py:188} INFO - [2025-08-27T10:44:55.888+0000] {dag.py:3036} INFO - Sync 1 DAGs
[2025-08-27T10:44:55.900+0000] {logging_mixin.py:188} INFO - [2025-08-27T10:44:55.900+0000] {dag.py:3823} INFO - Setting next_dagrun for day7_customer_churn_pipeline to None, run_after=None
[2025-08-27T10:44:55.920+0000] {processor.py:183} INFO - Processing /opt/airflow/dags/customer_churn_pipeline.py took 0.822 seconds
[2025-08-27T10:45:26.271+0000] {processor.py:161} INFO - Started process (PID=1167) to work on /opt/airflow/dags/customer_churn_pipeline.py
[2025-08-27T10:45:26.273+0000] {processor.py:830} INFO - Processing file /opt/airflow/dags/customer_churn_pipeline.py for tasks to queue
[2025-08-27T10:45:26.276+0000] {logging_mixin.py:188} INFO - [2025-08-27T10:45:26.276+0000] {dagbag.py:538} INFO - Filling up the DagBag from /opt/airflow/dags/customer_churn_pipeline.py
[2025-08-27T10:45:26.970+0000] {processor.py:840} INFO - DAG(s) 'day7_customer_churn_pipeline' retrieved from /opt/airflow/dags/customer_churn_pipeline.py
[2025-08-27T10:45:26.994+0000] {logging_mixin.py:188} INFO - [2025-08-27T10:45:26.993+0000] {dag.py:3036} INFO - Sync 1 DAGs
[2025-08-27T10:45:27.003+0000] {logging_mixin.py:188} INFO - [2025-08-27T10:45:27.002+0000] {dag.py:3823} INFO - Setting next_dagrun for day7_customer_churn_pipeline to None, run_after=None
[2025-08-27T10:45:27.023+0000] {processor.py:183} INFO - Processing /opt/airflow/dags/customer_churn_pipeline.py took 0.756 seconds
[2025-08-27T10:45:57.273+0000] {processor.py:161} INFO - Started process (PID=1186) to work on /opt/airflow/dags/customer_churn_pipeline.py
[2025-08-27T10:45:57.275+0000] {processor.py:830} INFO - Processing file /opt/airflow/dags/customer_churn_pipeline.py for tasks to queue
[2025-08-27T10:45:57.276+0000] {logging_mixin.py:188} INFO - [2025-08-27T10:45:57.276+0000] {dagbag.py:538} INFO - Filling up the DagBag from /opt/airflow/dags/customer_churn_pipeline.py
[2025-08-27T10:45:58.064+0000] {processor.py:840} INFO - DAG(s) 'day7_customer_churn_pipeline' retrieved from /opt/airflow/dags/customer_churn_pipeline.py
[2025-08-27T10:45:58.085+0000] {logging_mixin.py:188} INFO - [2025-08-27T10:45:58.085+0000] {dag.py:3036} INFO - Sync 1 DAGs
[2025-08-27T10:45:58.096+0000] {logging_mixin.py:188} INFO - [2025-08-27T10:45:58.096+0000] {dag.py:3823} INFO - Setting next_dagrun for day7_customer_churn_pipeline to None, run_after=None
[2025-08-27T10:45:58.114+0000] {processor.py:183} INFO - Processing /opt/airflow/dags/customer_churn_pipeline.py took 0.844 seconds
[2025-08-27T10:46:28.418+0000] {processor.py:161} INFO - Started process (PID=1205) to work on /opt/airflow/dags/customer_churn_pipeline.py
[2025-08-27T10:46:28.421+0000] {processor.py:830} INFO - Processing file /opt/airflow/dags/customer_churn_pipeline.py for tasks to queue
[2025-08-27T10:46:28.425+0000] {logging_mixin.py:188} INFO - [2025-08-27T10:46:28.424+0000] {dagbag.py:538} INFO - Filling up the DagBag from /opt/airflow/dags/customer_churn_pipeline.py
[2025-08-27T10:46:29.237+0000] {processor.py:840} INFO - DAG(s) 'day7_customer_churn_pipeline' retrieved from /opt/airflow/dags/customer_churn_pipeline.py
[2025-08-27T10:46:29.261+0000] {logging_mixin.py:188} INFO - [2025-08-27T10:46:29.261+0000] {dag.py:3036} INFO - Sync 1 DAGs
[2025-08-27T10:46:29.273+0000] {logging_mixin.py:188} INFO - [2025-08-27T10:46:29.273+0000] {dag.py:3823} INFO - Setting next_dagrun for day7_customer_churn_pipeline to None, run_after=None
[2025-08-27T10:46:29.297+0000] {processor.py:183} INFO - Processing /opt/airflow/dags/customer_churn_pipeline.py took 0.886 seconds
[2025-08-27T10:46:59.614+0000] {processor.py:161} INFO - Started process (PID=1224) to work on /opt/airflow/dags/customer_churn_pipeline.py
[2025-08-27T10:46:59.615+0000] {processor.py:830} INFO - Processing file /opt/airflow/dags/customer_churn_pipeline.py for tasks to queue
[2025-08-27T10:46:59.618+0000] {logging_mixin.py:188} INFO - [2025-08-27T10:46:59.618+0000] {dagbag.py:538} INFO - Filling up the DagBag from /opt/airflow/dags/customer_churn_pipeline.py
[2025-08-27T10:47:00.379+0000] {processor.py:840} INFO - DAG(s) 'day7_customer_churn_pipeline' retrieved from /opt/airflow/dags/customer_churn_pipeline.py
[2025-08-27T10:47:00.397+0000] {logging_mixin.py:188} INFO - [2025-08-27T10:47:00.396+0000] {dag.py:3036} INFO - Sync 1 DAGs
[2025-08-27T10:47:00.407+0000] {logging_mixin.py:188} INFO - [2025-08-27T10:47:00.406+0000] {dag.py:3823} INFO - Setting next_dagrun for day7_customer_churn_pipeline to None, run_after=None
[2025-08-27T10:47:00.425+0000] {processor.py:183} INFO - Processing /opt/airflow/dags/customer_churn_pipeline.py took 0.816 seconds
[2025-08-27T10:47:30.538+0000] {processor.py:161} INFO - Started process (PID=1243) to work on /opt/airflow/dags/customer_churn_pipeline.py
[2025-08-27T10:47:30.540+0000] {processor.py:830} INFO - Processing file /opt/airflow/dags/customer_churn_pipeline.py for tasks to queue
[2025-08-27T10:47:30.543+0000] {logging_mixin.py:188} INFO - [2025-08-27T10:47:30.543+0000] {dagbag.py:538} INFO - Filling up the DagBag from /opt/airflow/dags/customer_churn_pipeline.py
[2025-08-27T10:47:31.346+0000] {processor.py:840} INFO - DAG(s) 'day7_customer_churn_pipeline' retrieved from /opt/airflow/dags/customer_churn_pipeline.py
[2025-08-27T10:47:31.373+0000] {logging_mixin.py:188} INFO - [2025-08-27T10:47:31.373+0000] {dag.py:3036} INFO - Sync 1 DAGs
[2025-08-27T10:47:31.384+0000] {logging_mixin.py:188} INFO - [2025-08-27T10:47:31.384+0000] {dag.py:3823} INFO - Setting next_dagrun for day7_customer_churn_pipeline to None, run_after=None
[2025-08-27T10:47:31.402+0000] {processor.py:183} INFO - Processing /opt/airflow/dags/customer_churn_pipeline.py took 0.867 seconds
[2025-08-27T10:48:01.722+0000] {processor.py:161} INFO - Started process (PID=1262) to work on /opt/airflow/dags/customer_churn_pipeline.py
[2025-08-27T10:48:01.724+0000] {processor.py:830} INFO - Processing file /opt/airflow/dags/customer_churn_pipeline.py for tasks to queue
[2025-08-27T10:48:01.726+0000] {logging_mixin.py:188} INFO - [2025-08-27T10:48:01.726+0000] {dagbag.py:538} INFO - Filling up the DagBag from /opt/airflow/dags/customer_churn_pipeline.py
[2025-08-27T10:48:02.521+0000] {processor.py:840} INFO - DAG(s) 'day7_customer_churn_pipeline' retrieved from /opt/airflow/dags/customer_churn_pipeline.py
[2025-08-27T10:48:02.549+0000] {logging_mixin.py:188} INFO - [2025-08-27T10:48:02.549+0000] {dag.py:3036} INFO - Sync 1 DAGs
[2025-08-27T10:48:02.560+0000] {logging_mixin.py:188} INFO - [2025-08-27T10:48:02.560+0000] {dag.py:3823} INFO - Setting next_dagrun for day7_customer_churn_pipeline to None, run_after=None
[2025-08-27T10:48:02.585+0000] {processor.py:183} INFO - Processing /opt/airflow/dags/customer_churn_pipeline.py took 0.868 seconds
[2025-08-27T10:48:32.909+0000] {processor.py:161} INFO - Started process (PID=1281) to work on /opt/airflow/dags/customer_churn_pipeline.py
[2025-08-27T10:48:32.913+0000] {processor.py:830} INFO - Processing file /opt/airflow/dags/customer_churn_pipeline.py for tasks to queue
[2025-08-27T10:48:32.917+0000] {logging_mixin.py:188} INFO - [2025-08-27T10:48:32.917+0000] {dagbag.py:538} INFO - Filling up the DagBag from /opt/airflow/dags/customer_churn_pipeline.py
[2025-08-27T10:48:33.735+0000] {processor.py:840} INFO - DAG(s) 'day7_customer_churn_pipeline' retrieved from /opt/airflow/dags/customer_churn_pipeline.py
[2025-08-27T10:48:33.757+0000] {logging_mixin.py:188} INFO - [2025-08-27T10:48:33.757+0000] {dag.py:3036} INFO - Sync 1 DAGs
[2025-08-27T10:48:33.770+0000] {logging_mixin.py:188} INFO - [2025-08-27T10:48:33.769+0000] {dag.py:3823} INFO - Setting next_dagrun for day7_customer_churn_pipeline to None, run_after=None
[2025-08-27T10:48:33.791+0000] {processor.py:183} INFO - Processing /opt/airflow/dags/customer_churn_pipeline.py took 0.886 seconds
[2025-08-27T10:49:04.107+0000] {processor.py:161} INFO - Started process (PID=1300) to work on /opt/airflow/dags/customer_churn_pipeline.py
[2025-08-27T10:49:04.109+0000] {processor.py:830} INFO - Processing file /opt/airflow/dags/customer_churn_pipeline.py for tasks to queue
[2025-08-27T10:49:04.110+0000] {logging_mixin.py:188} INFO - [2025-08-27T10:49:04.110+0000] {dagbag.py:538} INFO - Filling up the DagBag from /opt/airflow/dags/customer_churn_pipeline.py
[2025-08-27T10:49:04.864+0000] {processor.py:840} INFO - DAG(s) 'day7_customer_churn_pipeline' retrieved from /opt/airflow/dags/customer_churn_pipeline.py
[2025-08-27T10:49:04.884+0000] {logging_mixin.py:188} INFO - [2025-08-27T10:49:04.884+0000] {dag.py:3036} INFO - Sync 1 DAGs
[2025-08-27T10:49:04.896+0000] {logging_mixin.py:188} INFO - [2025-08-27T10:49:04.896+0000] {dag.py:3823} INFO - Setting next_dagrun for day7_customer_churn_pipeline to None, run_after=None
[2025-08-27T10:49:04.916+0000] {processor.py:183} INFO - Processing /opt/airflow/dags/customer_churn_pipeline.py took 0.811 seconds
[2025-08-27T10:49:35.203+0000] {processor.py:161} INFO - Started process (PID=1319) to work on /opt/airflow/dags/customer_churn_pipeline.py
[2025-08-27T10:49:35.206+0000] {processor.py:830} INFO - Processing file /opt/airflow/dags/customer_churn_pipeline.py for tasks to queue
[2025-08-27T10:49:35.209+0000] {logging_mixin.py:188} INFO - [2025-08-27T10:49:35.209+0000] {dagbag.py:538} INFO - Filling up the DagBag from /opt/airflow/dags/customer_churn_pipeline.py
[2025-08-27T10:49:36.044+0000] {processor.py:840} INFO - DAG(s) 'day7_customer_churn_pipeline' retrieved from /opt/airflow/dags/customer_churn_pipeline.py
[2025-08-27T10:49:36.069+0000] {logging_mixin.py:188} INFO - [2025-08-27T10:49:36.069+0000] {dag.py:3036} INFO - Sync 1 DAGs
[2025-08-27T10:49:36.081+0000] {logging_mixin.py:188} INFO - [2025-08-27T10:49:36.081+0000] {dag.py:3823} INFO - Setting next_dagrun for day7_customer_churn_pipeline to None, run_after=None
[2025-08-27T10:49:36.100+0000] {processor.py:183} INFO - Processing /opt/airflow/dags/customer_churn_pipeline.py took 0.900 seconds
[2025-08-27T10:50:06.410+0000] {processor.py:161} INFO - Started process (PID=1338) to work on /opt/airflow/dags/customer_churn_pipeline.py
[2025-08-27T10:50:06.412+0000] {processor.py:830} INFO - Processing file /opt/airflow/dags/customer_churn_pipeline.py for tasks to queue
[2025-08-27T10:50:06.414+0000] {logging_mixin.py:188} INFO - [2025-08-27T10:50:06.413+0000] {dagbag.py:538} INFO - Filling up the DagBag from /opt/airflow/dags/customer_churn_pipeline.py
[2025-08-27T10:50:07.188+0000] {processor.py:840} INFO - DAG(s) 'day7_customer_churn_pipeline' retrieved from /opt/airflow/dags/customer_churn_pipeline.py
[2025-08-27T10:50:07.219+0000] {logging_mixin.py:188} INFO - [2025-08-27T10:50:07.218+0000] {dag.py:3036} INFO - Sync 1 DAGs
[2025-08-27T10:50:07.232+0000] {logging_mixin.py:188} INFO - [2025-08-27T10:50:07.232+0000] {dag.py:3823} INFO - Setting next_dagrun for day7_customer_churn_pipeline to None, run_after=None
[2025-08-27T10:50:07.255+0000] {processor.py:183} INFO - Processing /opt/airflow/dags/customer_churn_pipeline.py took 0.849 seconds
[2025-08-27T10:50:37.593+0000] {processor.py:161} INFO - Started process (PID=1357) to work on /opt/airflow/dags/customer_churn_pipeline.py
[2025-08-27T10:50:37.597+0000] {processor.py:830} INFO - Processing file /opt/airflow/dags/customer_churn_pipeline.py for tasks to queue
[2025-08-27T10:50:37.602+0000] {logging_mixin.py:188} INFO - [2025-08-27T10:50:37.601+0000] {dagbag.py:538} INFO - Filling up the DagBag from /opt/airflow/dags/customer_churn_pipeline.py
[2025-08-27T10:50:38.463+0000] {processor.py:840} INFO - DAG(s) 'day7_customer_churn_pipeline' retrieved from /opt/airflow/dags/customer_churn_pipeline.py
[2025-08-27T10:50:38.492+0000] {logging_mixin.py:188} INFO - [2025-08-27T10:50:38.491+0000] {dag.py:3036} INFO - Sync 1 DAGs
[2025-08-27T10:50:38.504+0000] {logging_mixin.py:188} INFO - [2025-08-27T10:50:38.503+0000] {dag.py:3823} INFO - Setting next_dagrun for day7_customer_churn_pipeline to None, run_after=None
[2025-08-27T10:50:38.525+0000] {processor.py:183} INFO - Processing /opt/airflow/dags/customer_churn_pipeline.py took 0.937 seconds
[2025-08-27T10:51:08.778+0000] {processor.py:161} INFO - Started process (PID=1376) to work on /opt/airflow/dags/customer_churn_pipeline.py
[2025-08-27T10:51:08.780+0000] {processor.py:830} INFO - Processing file /opt/airflow/dags/customer_churn_pipeline.py for tasks to queue
[2025-08-27T10:51:08.783+0000] {logging_mixin.py:188} INFO - [2025-08-27T10:51:08.783+0000] {dagbag.py:538} INFO - Filling up the DagBag from /opt/airflow/dags/customer_churn_pipeline.py
[2025-08-27T10:51:09.617+0000] {processor.py:840} INFO - DAG(s) 'day7_customer_churn_pipeline' retrieved from /opt/airflow/dags/customer_churn_pipeline.py
[2025-08-27T10:51:09.645+0000] {logging_mixin.py:188} INFO - [2025-08-27T10:51:09.645+0000] {dag.py:3036} INFO - Sync 1 DAGs
[2025-08-27T10:51:09.657+0000] {logging_mixin.py:188} INFO - [2025-08-27T10:51:09.656+0000] {dag.py:3823} INFO - Setting next_dagrun for day7_customer_churn_pipeline to None, run_after=None
[2025-08-27T10:51:09.682+0000] {processor.py:183} INFO - Processing /opt/airflow/dags/customer_churn_pipeline.py took 0.909 seconds
[2025-08-27T10:51:39.961+0000] {processor.py:161} INFO - Started process (PID=1395) to work on /opt/airflow/dags/customer_churn_pipeline.py
[2025-08-27T10:51:39.962+0000] {processor.py:830} INFO - Processing file /opt/airflow/dags/customer_churn_pipeline.py for tasks to queue
[2025-08-27T10:51:39.965+0000] {logging_mixin.py:188} INFO - [2025-08-27T10:51:39.964+0000] {dagbag.py:538} INFO - Filling up the DagBag from /opt/airflow/dags/customer_churn_pipeline.py
[2025-08-27T10:51:40.811+0000] {processor.py:840} INFO - DAG(s) 'day7_customer_churn_pipeline' retrieved from /opt/airflow/dags/customer_churn_pipeline.py
[2025-08-27T10:51:40.834+0000] {logging_mixin.py:188} INFO - [2025-08-27T10:51:40.834+0000] {dag.py:3036} INFO - Sync 1 DAGs
[2025-08-27T10:51:40.846+0000] {logging_mixin.py:188} INFO - [2025-08-27T10:51:40.846+0000] {dag.py:3823} INFO - Setting next_dagrun for day7_customer_churn_pipeline to None, run_after=None
[2025-08-27T10:51:40.863+0000] {processor.py:183} INFO - Processing /opt/airflow/dags/customer_churn_pipeline.py took 0.905 seconds
[2025-08-27T10:52:11.126+0000] {processor.py:161} INFO - Started process (PID=1414) to work on /opt/airflow/dags/customer_churn_pipeline.py
[2025-08-27T10:52:11.127+0000] {processor.py:830} INFO - Processing file /opt/airflow/dags/customer_churn_pipeline.py for tasks to queue
[2025-08-27T10:52:11.129+0000] {logging_mixin.py:188} INFO - [2025-08-27T10:52:11.128+0000] {dagbag.py:538} INFO - Filling up the DagBag from /opt/airflow/dags/customer_churn_pipeline.py
[2025-08-27T10:52:12.040+0000] {processor.py:840} INFO - DAG(s) 'day7_customer_churn_pipeline' retrieved from /opt/airflow/dags/customer_churn_pipeline.py
[2025-08-27T10:52:12.063+0000] {logging_mixin.py:188} INFO - [2025-08-27T10:52:12.063+0000] {dag.py:3036} INFO - Sync 1 DAGs
[2025-08-27T10:52:12.075+0000] {logging_mixin.py:188} INFO - [2025-08-27T10:52:12.075+0000] {dag.py:3823} INFO - Setting next_dagrun for day7_customer_churn_pipeline to None, run_after=None
[2025-08-27T10:52:12.095+0000] {processor.py:183} INFO - Processing /opt/airflow/dags/customer_churn_pipeline.py took 0.972 seconds
[2025-08-27T10:52:42.432+0000] {processor.py:161} INFO - Started process (PID=1433) to work on /opt/airflow/dags/customer_churn_pipeline.py
[2025-08-27T10:52:42.433+0000] {processor.py:830} INFO - Processing file /opt/airflow/dags/customer_churn_pipeline.py for tasks to queue
[2025-08-27T10:52:42.435+0000] {logging_mixin.py:188} INFO - [2025-08-27T10:52:42.435+0000] {dagbag.py:538} INFO - Filling up the DagBag from /opt/airflow/dags/customer_churn_pipeline.py
[2025-08-27T10:52:43.288+0000] {processor.py:840} INFO - DAG(s) 'day7_customer_churn_pipeline' retrieved from /opt/airflow/dags/customer_churn_pipeline.py
[2025-08-27T10:52:43.312+0000] {logging_mixin.py:188} INFO - [2025-08-27T10:52:43.311+0000] {dag.py:3036} INFO - Sync 1 DAGs
[2025-08-27T10:52:43.325+0000] {logging_mixin.py:188} INFO - [2025-08-27T10:52:43.324+0000] {dag.py:3823} INFO - Setting next_dagrun for day7_customer_churn_pipeline to None, run_after=None
[2025-08-27T10:52:43.344+0000] {processor.py:183} INFO - Processing /opt/airflow/dags/customer_churn_pipeline.py took 0.915 seconds
[2025-08-27T10:53:13.696+0000] {processor.py:161} INFO - Started process (PID=1452) to work on /opt/airflow/dags/customer_churn_pipeline.py
[2025-08-27T10:53:13.697+0000] {processor.py:830} INFO - Processing file /opt/airflow/dags/customer_churn_pipeline.py for tasks to queue
[2025-08-27T10:53:13.700+0000] {logging_mixin.py:188} INFO - [2025-08-27T10:53:13.699+0000] {dagbag.py:538} INFO - Filling up the DagBag from /opt/airflow/dags/customer_churn_pipeline.py
[2025-08-27T10:53:14.522+0000] {processor.py:840} INFO - DAG(s) 'day7_customer_churn_pipeline' retrieved from /opt/airflow/dags/customer_churn_pipeline.py
[2025-08-27T10:53:14.546+0000] {logging_mixin.py:188} INFO - [2025-08-27T10:53:14.545+0000] {dag.py:3036} INFO - Sync 1 DAGs
[2025-08-27T10:53:14.555+0000] {logging_mixin.py:188} INFO - [2025-08-27T10:53:14.555+0000] {dag.py:3823} INFO - Setting next_dagrun for day7_customer_churn_pipeline to None, run_after=None
[2025-08-27T10:53:14.570+0000] {processor.py:183} INFO - Processing /opt/airflow/dags/customer_churn_pipeline.py took 0.877 seconds
[2025-08-27T10:53:44.960+0000] {processor.py:161} INFO - Started process (PID=1471) to work on /opt/airflow/dags/customer_churn_pipeline.py
[2025-08-27T10:53:44.961+0000] {processor.py:830} INFO - Processing file /opt/airflow/dags/customer_churn_pipeline.py for tasks to queue
[2025-08-27T10:53:44.963+0000] {logging_mixin.py:188} INFO - [2025-08-27T10:53:44.963+0000] {dagbag.py:538} INFO - Filling up the DagBag from /opt/airflow/dags/customer_churn_pipeline.py
[2025-08-27T10:53:45.828+0000] {processor.py:840} INFO - DAG(s) 'day7_customer_churn_pipeline' retrieved from /opt/airflow/dags/customer_churn_pipeline.py
[2025-08-27T10:53:45.851+0000] {logging_mixin.py:188} INFO - [2025-08-27T10:53:45.851+0000] {dag.py:3036} INFO - Sync 1 DAGs
[2025-08-27T10:53:45.862+0000] {logging_mixin.py:188} INFO - [2025-08-27T10:53:45.862+0000] {dag.py:3823} INFO - Setting next_dagrun for day7_customer_churn_pipeline to None, run_after=None
[2025-08-27T10:53:45.881+0000] {processor.py:183} INFO - Processing /opt/airflow/dags/customer_churn_pipeline.py took 0.927 seconds
[2025-08-27T11:44:25.785+0000] {processor.py:161} INFO - Started process (PID=1490) to work on /opt/airflow/dags/customer_churn_pipeline.py
[2025-08-27T11:44:25.789+0000] {processor.py:830} INFO - Processing file /opt/airflow/dags/customer_churn_pipeline.py for tasks to queue
[2025-08-27T11:44:25.794+0000] {logging_mixin.py:188} INFO - [2025-08-27T11:44:25.793+0000] {dagbag.py:538} INFO - Filling up the DagBag from /opt/airflow/dags/customer_churn_pipeline.py
[2025-08-27T11:44:26.858+0000] {processor.py:840} INFO - DAG(s) 'day7_customer_churn_pipeline' retrieved from /opt/airflow/dags/customer_churn_pipeline.py
[2025-08-27T11:44:26.884+0000] {logging_mixin.py:188} INFO - [2025-08-27T11:44:26.883+0000] {dag.py:3036} INFO - Sync 1 DAGs
[2025-08-27T11:44:26.896+0000] {logging_mixin.py:188} INFO - [2025-08-27T11:44:26.896+0000] {dag.py:3823} INFO - Setting next_dagrun for day7_customer_churn_pipeline to None, run_after=None
[2025-08-27T11:44:26.919+0000] {processor.py:183} INFO - Processing /opt/airflow/dags/customer_churn_pipeline.py took 1.138 seconds
[2025-08-27T11:44:57.070+0000] {processor.py:161} INFO - Started process (PID=1509) to work on /opt/airflow/dags/customer_churn_pipeline.py
[2025-08-27T11:44:57.072+0000] {processor.py:830} INFO - Processing file /opt/airflow/dags/customer_churn_pipeline.py for tasks to queue
[2025-08-27T11:44:57.074+0000] {logging_mixin.py:188} INFO - [2025-08-27T11:44:57.074+0000] {dagbag.py:538} INFO - Filling up the DagBag from /opt/airflow/dags/customer_churn_pipeline.py
[2025-08-27T11:44:57.847+0000] {processor.py:840} INFO - DAG(s) 'day7_customer_churn_pipeline' retrieved from /opt/airflow/dags/customer_churn_pipeline.py
[2025-08-27T11:44:57.865+0000] {logging_mixin.py:188} INFO - [2025-08-27T11:44:57.865+0000] {dag.py:3036} INFO - Sync 1 DAGs
[2025-08-27T11:44:57.875+0000] {logging_mixin.py:188} INFO - [2025-08-27T11:44:57.875+0000] {dag.py:3823} INFO - Setting next_dagrun for day7_customer_churn_pipeline to None, run_after=None
[2025-08-27T11:44:57.892+0000] {processor.py:183} INFO - Processing /opt/airflow/dags/customer_churn_pipeline.py took 0.825 seconds
[2025-08-27T11:45:28.287+0000] {processor.py:161} INFO - Started process (PID=1528) to work on /opt/airflow/dags/customer_churn_pipeline.py
[2025-08-27T11:45:28.288+0000] {processor.py:830} INFO - Processing file /opt/airflow/dags/customer_churn_pipeline.py for tasks to queue
[2025-08-27T11:45:28.292+0000] {logging_mixin.py:188} INFO - [2025-08-27T11:45:28.291+0000] {dagbag.py:538} INFO - Filling up the DagBag from /opt/airflow/dags/customer_churn_pipeline.py
[2025-08-27T11:45:29.053+0000] {processor.py:840} INFO - DAG(s) 'day7_customer_churn_pipeline' retrieved from /opt/airflow/dags/customer_churn_pipeline.py
[2025-08-27T11:45:29.077+0000] {logging_mixin.py:188} INFO - [2025-08-27T11:45:29.076+0000] {dag.py:3036} INFO - Sync 1 DAGs
[2025-08-27T11:45:29.087+0000] {logging_mixin.py:188} INFO - [2025-08-27T11:45:29.087+0000] {dag.py:3823} INFO - Setting next_dagrun for day7_customer_churn_pipeline to None, run_after=None
[2025-08-27T11:45:29.112+0000] {processor.py:183} INFO - Processing /opt/airflow/dags/customer_churn_pipeline.py took 0.830 seconds
[2025-08-27T11:45:59.485+0000] {processor.py:161} INFO - Started process (PID=1547) to work on /opt/airflow/dags/customer_churn_pipeline.py
[2025-08-27T11:45:59.487+0000] {processor.py:830} INFO - Processing file /opt/airflow/dags/customer_churn_pipeline.py for tasks to queue
[2025-08-27T11:45:59.489+0000] {logging_mixin.py:188} INFO - [2025-08-27T11:45:59.489+0000] {dagbag.py:538} INFO - Filling up the DagBag from /opt/airflow/dags/customer_churn_pipeline.py
[2025-08-27T11:46:00.253+0000] {processor.py:840} INFO - DAG(s) 'day7_customer_churn_pipeline' retrieved from /opt/airflow/dags/customer_churn_pipeline.py
[2025-08-27T11:46:00.276+0000] {logging_mixin.py:188} INFO - [2025-08-27T11:46:00.276+0000] {dag.py:3036} INFO - Sync 1 DAGs
[2025-08-27T11:46:00.289+0000] {logging_mixin.py:188} INFO - [2025-08-27T11:46:00.289+0000] {dag.py:3823} INFO - Setting next_dagrun for day7_customer_churn_pipeline to None, run_after=None
[2025-08-27T11:46:00.309+0000] {processor.py:183} INFO - Processing /opt/airflow/dags/customer_churn_pipeline.py took 0.828 seconds
[2025-08-27T11:46:30.664+0000] {processor.py:161} INFO - Started process (PID=1566) to work on /opt/airflow/dags/customer_churn_pipeline.py
[2025-08-27T11:46:30.665+0000] {processor.py:830} INFO - Processing file /opt/airflow/dags/customer_churn_pipeline.py for tasks to queue
[2025-08-27T11:46:30.668+0000] {logging_mixin.py:188} INFO - [2025-08-27T11:46:30.668+0000] {dagbag.py:538} INFO - Filling up the DagBag from /opt/airflow/dags/customer_churn_pipeline.py
[2025-08-27T11:46:31.568+0000] {processor.py:840} INFO - DAG(s) 'day7_customer_churn_pipeline' retrieved from /opt/airflow/dags/customer_churn_pipeline.py
[2025-08-27T11:46:31.591+0000] {logging_mixin.py:188} INFO - [2025-08-27T11:46:31.590+0000] {dag.py:3036} INFO - Sync 1 DAGs
[2025-08-27T11:46:31.601+0000] {logging_mixin.py:188} INFO - [2025-08-27T11:46:31.601+0000] {dag.py:3823} INFO - Setting next_dagrun for day7_customer_churn_pipeline to None, run_after=None
[2025-08-27T11:46:31.620+0000] {processor.py:183} INFO - Processing /opt/airflow/dags/customer_churn_pipeline.py took 0.959 seconds
[2025-08-27T11:47:01.964+0000] {processor.py:161} INFO - Started process (PID=1585) to work on /opt/airflow/dags/customer_churn_pipeline.py
[2025-08-27T11:47:01.966+0000] {processor.py:830} INFO - Processing file /opt/airflow/dags/customer_churn_pipeline.py for tasks to queue
[2025-08-27T11:47:01.968+0000] {logging_mixin.py:188} INFO - [2025-08-27T11:47:01.967+0000] {dagbag.py:538} INFO - Filling up the DagBag from /opt/airflow/dags/customer_churn_pipeline.py
[2025-08-27T11:47:02.726+0000] {processor.py:840} INFO - DAG(s) 'day7_customer_churn_pipeline' retrieved from /opt/airflow/dags/customer_churn_pipeline.py
[2025-08-27T11:47:02.748+0000] {logging_mixin.py:188} INFO - [2025-08-27T11:47:02.747+0000] {dag.py:3036} INFO - Sync 1 DAGs
[2025-08-27T11:47:02.758+0000] {logging_mixin.py:188} INFO - [2025-08-27T11:47:02.757+0000] {dag.py:3823} INFO - Setting next_dagrun for day7_customer_churn_pipeline to None, run_after=None
[2025-08-27T11:47:02.774+0000] {processor.py:183} INFO - Processing /opt/airflow/dags/customer_churn_pipeline.py took 0.813 seconds
[2025-08-27T11:47:33.097+0000] {processor.py:161} INFO - Started process (PID=1604) to work on /opt/airflow/dags/customer_churn_pipeline.py
[2025-08-27T11:47:33.098+0000] {processor.py:830} INFO - Processing file /opt/airflow/dags/customer_churn_pipeline.py for tasks to queue
[2025-08-27T11:47:33.099+0000] {logging_mixin.py:188} INFO - [2025-08-27T11:47:33.099+0000] {dagbag.py:538} INFO - Filling up the DagBag from /opt/airflow/dags/customer_churn_pipeline.py
[2025-08-27T11:47:33.840+0000] {processor.py:840} INFO - DAG(s) 'day7_customer_churn_pipeline' retrieved from /opt/airflow/dags/customer_churn_pipeline.py
[2025-08-27T11:47:33.871+0000] {logging_mixin.py:188} INFO - [2025-08-27T11:47:33.871+0000] {dag.py:3036} INFO - Sync 1 DAGs
[2025-08-27T11:47:33.880+0000] {logging_mixin.py:188} INFO - [2025-08-27T11:47:33.880+0000] {dag.py:3823} INFO - Setting next_dagrun for day7_customer_churn_pipeline to None, run_after=None
[2025-08-27T11:47:33.901+0000] {processor.py:183} INFO - Processing /opt/airflow/dags/customer_churn_pipeline.py took 0.807 seconds
[2025-08-27T11:48:04.195+0000] {processor.py:161} INFO - Started process (PID=1623) to work on /opt/airflow/dags/customer_churn_pipeline.py
[2025-08-27T11:48:04.196+0000] {processor.py:830} INFO - Processing file /opt/airflow/dags/customer_churn_pipeline.py for tasks to queue
[2025-08-27T11:48:04.199+0000] {logging_mixin.py:188} INFO - [2025-08-27T11:48:04.198+0000] {dagbag.py:538} INFO - Filling up the DagBag from /opt/airflow/dags/customer_churn_pipeline.py
[2025-08-27T11:48:05.006+0000] {processor.py:840} INFO - DAG(s) 'day7_customer_churn_pipeline' retrieved from /opt/airflow/dags/customer_churn_pipeline.py
[2025-08-27T11:48:05.026+0000] {logging_mixin.py:188} INFO - [2025-08-27T11:48:05.026+0000] {dag.py:3036} INFO - Sync 1 DAGs
[2025-08-27T11:48:05.036+0000] {logging_mixin.py:188} INFO - [2025-08-27T11:48:05.036+0000] {dag.py:3823} INFO - Setting next_dagrun for day7_customer_churn_pipeline to None, run_after=None
[2025-08-27T11:48:05.054+0000] {processor.py:183} INFO - Processing /opt/airflow/dags/customer_churn_pipeline.py took 0.864 seconds
[2025-08-27T11:48:35.704+0000] {processor.py:161} INFO - Started process (PID=1642) to work on /opt/airflow/dags/customer_churn_pipeline.py
[2025-08-27T11:48:35.705+0000] {processor.py:830} INFO - Processing file /opt/airflow/dags/customer_churn_pipeline.py for tasks to queue
[2025-08-27T11:48:35.709+0000] {logging_mixin.py:188} INFO - [2025-08-27T11:48:35.708+0000] {dagbag.py:538} INFO - Filling up the DagBag from /opt/airflow/dags/customer_churn_pipeline.py
[2025-08-27T11:48:36.659+0000] {processor.py:840} INFO - DAG(s) 'day7_customer_churn_pipeline' retrieved from /opt/airflow/dags/customer_churn_pipeline.py
[2025-08-27T11:48:36.685+0000] {logging_mixin.py:188} INFO - [2025-08-27T11:48:36.685+0000] {dag.py:3036} INFO - Sync 1 DAGs
[2025-08-27T11:48:36.698+0000] {logging_mixin.py:188} INFO - [2025-08-27T11:48:36.698+0000] {dag.py:3823} INFO - Setting next_dagrun for day7_customer_churn_pipeline to None, run_after=None
[2025-08-27T11:48:36.721+0000] {processor.py:183} INFO - Processing /opt/airflow/dags/customer_churn_pipeline.py took 1.022 seconds
[2025-08-27T11:49:07.809+0000] {processor.py:161} INFO - Started process (PID=1661) to work on /opt/airflow/dags/customer_churn_pipeline.py
[2025-08-27T11:49:07.815+0000] {processor.py:830} INFO - Processing file /opt/airflow/dags/customer_churn_pipeline.py for tasks to queue
[2025-08-27T11:49:07.820+0000] {logging_mixin.py:188} INFO - [2025-08-27T11:49:07.820+0000] {dagbag.py:538} INFO - Filling up the DagBag from /opt/airflow/dags/customer_churn_pipeline.py
[2025-08-27T11:49:09.819+0000] {processor.py:840} INFO - DAG(s) 'day7_customer_churn_pipeline' retrieved from /opt/airflow/dags/customer_churn_pipeline.py
[2025-08-27T11:49:09.841+0000] {logging_mixin.py:188} INFO - [2025-08-27T11:49:09.840+0000] {dag.py:3036} INFO - Sync 1 DAGs
[2025-08-27T11:49:09.854+0000] {logging_mixin.py:188} INFO - [2025-08-27T11:49:09.854+0000] {dag.py:3823} INFO - Setting next_dagrun for day7_customer_churn_pipeline to None, run_after=None
[2025-08-27T11:49:09.885+0000] {processor.py:183} INFO - Processing /opt/airflow/dags/customer_churn_pipeline.py took 2.079 seconds
[2025-08-27T11:49:40.765+0000] {processor.py:161} INFO - Started process (PID=1680) to work on /opt/airflow/dags/customer_churn_pipeline.py
[2025-08-27T11:49:40.784+0000] {processor.py:830} INFO - Processing file /opt/airflow/dags/customer_churn_pipeline.py for tasks to queue
[2025-08-27T11:49:40.793+0000] {logging_mixin.py:188} INFO - [2025-08-27T11:49:40.793+0000] {dagbag.py:538} INFO - Filling up the DagBag from /opt/airflow/dags/customer_churn_pipeline.py
[2025-08-27T11:49:42.066+0000] {processor.py:840} INFO - DAG(s) 'day7_customer_churn_pipeline' retrieved from /opt/airflow/dags/customer_churn_pipeline.py
[2025-08-27T11:49:42.106+0000] {logging_mixin.py:188} INFO - [2025-08-27T11:49:42.106+0000] {dag.py:3036} INFO - Sync 1 DAGs
[2025-08-27T11:49:42.124+0000] {logging_mixin.py:188} INFO - [2025-08-27T11:49:42.123+0000] {dag.py:3823} INFO - Setting next_dagrun for day7_customer_churn_pipeline to None, run_after=None
[2025-08-27T11:49:42.164+0000] {processor.py:183} INFO - Processing /opt/airflow/dags/customer_churn_pipeline.py took 1.407 seconds
[2025-08-27T11:50:12.691+0000] {processor.py:161} INFO - Started process (PID=1699) to work on /opt/airflow/dags/customer_churn_pipeline.py
[2025-08-27T11:50:12.696+0000] {processor.py:830} INFO - Processing file /opt/airflow/dags/customer_churn_pipeline.py for tasks to queue
[2025-08-27T11:50:12.707+0000] {logging_mixin.py:188} INFO - [2025-08-27T11:50:12.706+0000] {dagbag.py:538} INFO - Filling up the DagBag from /opt/airflow/dags/customer_churn_pipeline.py
[2025-08-27T11:50:13.699+0000] {processor.py:840} INFO - DAG(s) 'day7_customer_churn_pipeline' retrieved from /opt/airflow/dags/customer_churn_pipeline.py
[2025-08-27T11:50:13.729+0000] {logging_mixin.py:188} INFO - [2025-08-27T11:50:13.728+0000] {dag.py:3036} INFO - Sync 1 DAGs
[2025-08-27T11:50:13.743+0000] {logging_mixin.py:188} INFO - [2025-08-27T11:50:13.743+0000] {dag.py:3823} INFO - Setting next_dagrun for day7_customer_churn_pipeline to None, run_after=None
[2025-08-27T11:50:13.792+0000] {processor.py:183} INFO - Processing /opt/airflow/dags/customer_churn_pipeline.py took 1.109 seconds
[2025-08-27T11:50:44.550+0000] {processor.py:161} INFO - Started process (PID=1718) to work on /opt/airflow/dags/customer_churn_pipeline.py
[2025-08-27T11:50:44.557+0000] {processor.py:830} INFO - Processing file /opt/airflow/dags/customer_churn_pipeline.py for tasks to queue
[2025-08-27T11:50:44.561+0000] {logging_mixin.py:188} INFO - [2025-08-27T11:50:44.560+0000] {dagbag.py:538} INFO - Filling up the DagBag from /opt/airflow/dags/customer_churn_pipeline.py
[2025-08-27T11:50:46.338+0000] {processor.py:840} INFO - DAG(s) 'day7_customer_churn_pipeline' retrieved from /opt/airflow/dags/customer_churn_pipeline.py
[2025-08-27T11:50:46.412+0000] {logging_mixin.py:188} INFO - [2025-08-27T11:50:46.412+0000] {dag.py:3036} INFO - Sync 1 DAGs
[2025-08-27T11:50:46.446+0000] {logging_mixin.py:188} INFO - [2025-08-27T11:50:46.446+0000] {dag.py:3823} INFO - Setting next_dagrun for day7_customer_churn_pipeline to None, run_after=None
[2025-08-27T11:50:46.482+0000] {processor.py:183} INFO - Processing /opt/airflow/dags/customer_churn_pipeline.py took 1.935 seconds
[2025-08-27T11:51:17.201+0000] {processor.py:161} INFO - Started process (PID=1737) to work on /opt/airflow/dags/customer_churn_pipeline.py
[2025-08-27T11:51:17.202+0000] {processor.py:830} INFO - Processing file /opt/airflow/dags/customer_churn_pipeline.py for tasks to queue
[2025-08-27T11:51:17.204+0000] {logging_mixin.py:188} INFO - [2025-08-27T11:51:17.204+0000] {dagbag.py:538} INFO - Filling up the DagBag from /opt/airflow/dags/customer_churn_pipeline.py
[2025-08-27T11:51:18.292+0000] {processor.py:840} INFO - DAG(s) 'day7_customer_churn_pipeline' retrieved from /opt/airflow/dags/customer_churn_pipeline.py
[2025-08-27T11:51:18.321+0000] {logging_mixin.py:188} INFO - [2025-08-27T11:51:18.320+0000] {dag.py:3036} INFO - Sync 1 DAGs
[2025-08-27T11:51:18.332+0000] {logging_mixin.py:188} INFO - [2025-08-27T11:51:18.331+0000] {dag.py:3823} INFO - Setting next_dagrun for day7_customer_churn_pipeline to None, run_after=None
[2025-08-27T11:51:18.359+0000] {processor.py:183} INFO - Processing /opt/airflow/dags/customer_churn_pipeline.py took 1.160 seconds
[2025-08-27T11:51:48.815+0000] {processor.py:161} INFO - Started process (PID=1756) to work on /opt/airflow/dags/customer_churn_pipeline.py
[2025-08-27T11:51:48.817+0000] {processor.py:830} INFO - Processing file /opt/airflow/dags/customer_churn_pipeline.py for tasks to queue
[2025-08-27T11:51:48.820+0000] {logging_mixin.py:188} INFO - [2025-08-27T11:51:48.820+0000] {dagbag.py:538} INFO - Filling up the DagBag from /opt/airflow/dags/customer_churn_pipeline.py
[2025-08-27T11:51:49.772+0000] {processor.py:840} INFO - DAG(s) 'day7_customer_churn_pipeline' retrieved from /opt/airflow/dags/customer_churn_pipeline.py
[2025-08-27T11:51:49.810+0000] {logging_mixin.py:188} INFO - [2025-08-27T11:51:49.809+0000] {dag.py:3036} INFO - Sync 1 DAGs
[2025-08-27T11:51:49.819+0000] {logging_mixin.py:188} INFO - [2025-08-27T11:51:49.819+0000] {dag.py:3823} INFO - Setting next_dagrun for day7_customer_churn_pipeline to None, run_after=None
[2025-08-27T11:51:49.844+0000] {processor.py:183} INFO - Processing /opt/airflow/dags/customer_churn_pipeline.py took 1.035 seconds
[2025-08-27T11:52:20.857+0000] {processor.py:161} INFO - Started process (PID=1775) to work on /opt/airflow/dags/customer_churn_pipeline.py
[2025-08-27T11:52:20.860+0000] {processor.py:830} INFO - Processing file /opt/airflow/dags/customer_churn_pipeline.py for tasks to queue
[2025-08-27T11:52:20.866+0000] {logging_mixin.py:188} INFO - [2025-08-27T11:52:20.865+0000] {dagbag.py:538} INFO - Filling up the DagBag from /opt/airflow/dags/customer_churn_pipeline.py
[2025-08-27T11:52:22.039+0000] {processor.py:840} INFO - DAG(s) 'day7_customer_churn_pipeline' retrieved from /opt/airflow/dags/customer_churn_pipeline.py
[2025-08-27T11:52:22.076+0000] {logging_mixin.py:188} INFO - [2025-08-27T11:52:22.075+0000] {dag.py:3036} INFO - Sync 1 DAGs
[2025-08-27T11:52:22.091+0000] {logging_mixin.py:188} INFO - [2025-08-27T11:52:22.091+0000] {dag.py:3823} INFO - Setting next_dagrun for day7_customer_churn_pipeline to None, run_after=None
[2025-08-27T11:52:22.132+0000] {processor.py:183} INFO - Processing /opt/airflow/dags/customer_churn_pipeline.py took 1.281 seconds
[2025-08-27T11:52:52.657+0000] {processor.py:161} INFO - Started process (PID=1794) to work on /opt/airflow/dags/customer_churn_pipeline.py
[2025-08-27T11:52:52.664+0000] {processor.py:830} INFO - Processing file /opt/airflow/dags/customer_churn_pipeline.py for tasks to queue
[2025-08-27T11:52:52.669+0000] {logging_mixin.py:188} INFO - [2025-08-27T11:52:52.668+0000] {dagbag.py:538} INFO - Filling up the DagBag from /opt/airflow/dags/customer_churn_pipeline.py
[2025-08-27T11:52:54.056+0000] {processor.py:840} INFO - DAG(s) 'day7_customer_churn_pipeline' retrieved from /opt/airflow/dags/customer_churn_pipeline.py
[2025-08-27T11:52:54.089+0000] {logging_mixin.py:188} INFO - [2025-08-27T11:52:54.088+0000] {dag.py:3036} INFO - Sync 1 DAGs
[2025-08-27T11:52:54.106+0000] {logging_mixin.py:188} INFO - [2025-08-27T11:52:54.106+0000] {dag.py:3823} INFO - Setting next_dagrun for day7_customer_churn_pipeline to None, run_after=None
[2025-08-27T11:52:54.138+0000] {processor.py:183} INFO - Processing /opt/airflow/dags/customer_churn_pipeline.py took 1.485 seconds
[2025-08-27T11:53:24.496+0000] {processor.py:161} INFO - Started process (PID=1813) to work on /opt/airflow/dags/customer_churn_pipeline.py
[2025-08-27T11:53:24.499+0000] {processor.py:830} INFO - Processing file /opt/airflow/dags/customer_churn_pipeline.py for tasks to queue
[2025-08-27T11:53:24.503+0000] {logging_mixin.py:188} INFO - [2025-08-27T11:53:24.503+0000] {dagbag.py:538} INFO - Filling up the DagBag from /opt/airflow/dags/customer_churn_pipeline.py
[2025-08-27T11:53:25.762+0000] {processor.py:840} INFO - DAG(s) 'day7_customer_churn_pipeline' retrieved from /opt/airflow/dags/customer_churn_pipeline.py
[2025-08-27T11:53:25.799+0000] {logging_mixin.py:188} INFO - [2025-08-27T11:53:25.798+0000] {dag.py:3036} INFO - Sync 1 DAGs
[2025-08-27T11:53:25.814+0000] {logging_mixin.py:188} INFO - [2025-08-27T11:53:25.814+0000] {dag.py:3823} INFO - Setting next_dagrun for day7_customer_churn_pipeline to None, run_after=None
[2025-08-27T11:53:25.870+0000] {processor.py:183} INFO - Processing /opt/airflow/dags/customer_churn_pipeline.py took 1.382 seconds
[2025-08-27T11:53:56.256+0000] {processor.py:161} INFO - Started process (PID=1832) to work on /opt/airflow/dags/customer_churn_pipeline.py
[2025-08-27T11:53:56.258+0000] {processor.py:830} INFO - Processing file /opt/airflow/dags/customer_churn_pipeline.py for tasks to queue
[2025-08-27T11:53:56.261+0000] {logging_mixin.py:188} INFO - [2025-08-27T11:53:56.260+0000] {dagbag.py:538} INFO - Filling up the DagBag from /opt/airflow/dags/customer_churn_pipeline.py
[2025-08-27T11:53:57.147+0000] {processor.py:840} INFO - DAG(s) 'day7_customer_churn_pipeline' retrieved from /opt/airflow/dags/customer_churn_pipeline.py
[2025-08-27T11:53:57.181+0000] {logging_mixin.py:188} INFO - [2025-08-27T11:53:57.181+0000] {dag.py:3036} INFO - Sync 1 DAGs
[2025-08-27T11:53:57.196+0000] {logging_mixin.py:188} INFO - [2025-08-27T11:53:57.195+0000] {dag.py:3823} INFO - Setting next_dagrun for day7_customer_churn_pipeline to None, run_after=None
[2025-08-27T11:53:57.241+0000] {processor.py:183} INFO - Processing /opt/airflow/dags/customer_churn_pipeline.py took 0.990 seconds
[2025-08-27T11:54:27.711+0000] {processor.py:161} INFO - Started process (PID=1851) to work on /opt/airflow/dags/customer_churn_pipeline.py
[2025-08-27T11:54:27.713+0000] {processor.py:830} INFO - Processing file /opt/airflow/dags/customer_churn_pipeline.py for tasks to queue
[2025-08-27T11:54:27.716+0000] {logging_mixin.py:188} INFO - [2025-08-27T11:54:27.716+0000] {dagbag.py:538} INFO - Filling up the DagBag from /opt/airflow/dags/customer_churn_pipeline.py
[2025-08-27T11:54:28.806+0000] {processor.py:840} INFO - DAG(s) 'day7_customer_churn_pipeline' retrieved from /opt/airflow/dags/customer_churn_pipeline.py
[2025-08-27T11:54:28.832+0000] {logging_mixin.py:188} INFO - [2025-08-27T11:54:28.832+0000] {dag.py:3036} INFO - Sync 1 DAGs
[2025-08-27T11:54:28.857+0000] {logging_mixin.py:188} INFO - [2025-08-27T11:54:28.857+0000] {dag.py:3823} INFO - Setting next_dagrun for day7_customer_churn_pipeline to None, run_after=None
[2025-08-27T11:54:28.889+0000] {processor.py:183} INFO - Processing /opt/airflow/dags/customer_churn_pipeline.py took 1.182 seconds
[2025-08-27T11:54:58.793+0000] {processor.py:161} INFO - Started process (PID=1870) to work on /opt/airflow/dags/customer_churn_pipeline.py
[2025-08-27T11:54:58.796+0000] {processor.py:830} INFO - Processing file /opt/airflow/dags/customer_churn_pipeline.py for tasks to queue
[2025-08-27T11:54:58.804+0000] {logging_mixin.py:188} INFO - [2025-08-27T11:54:58.803+0000] {dagbag.py:538} INFO - Filling up the DagBag from /opt/airflow/dags/customer_churn_pipeline.py
[2025-08-27T11:54:59.858+0000] {processor.py:840} INFO - DAG(s) 'day7_customer_churn_pipeline' retrieved from /opt/airflow/dags/customer_churn_pipeline.py
[2025-08-27T11:54:59.882+0000] {logging_mixin.py:188} INFO - [2025-08-27T11:54:59.881+0000] {dag.py:3036} INFO - Sync 1 DAGs
[2025-08-27T11:54:59.895+0000] {logging_mixin.py:188} INFO - [2025-08-27T11:54:59.895+0000] {dag.py:3823} INFO - Setting next_dagrun for day7_customer_churn_pipeline to None, run_after=None
[2025-08-27T11:54:59.931+0000] {processor.py:183} INFO - Processing /opt/airflow/dags/customer_churn_pipeline.py took 1.141 seconds
[2025-08-27T11:55:30.207+0000] {processor.py:161} INFO - Started process (PID=1889) to work on /opt/airflow/dags/customer_churn_pipeline.py
[2025-08-27T11:55:30.209+0000] {processor.py:830} INFO - Processing file /opt/airflow/dags/customer_churn_pipeline.py for tasks to queue
[2025-08-27T11:55:30.213+0000] {logging_mixin.py:188} INFO - [2025-08-27T11:55:30.212+0000] {dagbag.py:538} INFO - Filling up the DagBag from /opt/airflow/dags/customer_churn_pipeline.py
[2025-08-27T11:55:31.146+0000] {processor.py:840} INFO - DAG(s) 'day7_customer_churn_pipeline' retrieved from /opt/airflow/dags/customer_churn_pipeline.py
[2025-08-27T11:55:31.192+0000] {logging_mixin.py:188} INFO - [2025-08-27T11:55:31.191+0000] {dag.py:3036} INFO - Sync 1 DAGs
[2025-08-27T11:55:31.206+0000] {logging_mixin.py:188} INFO - [2025-08-27T11:55:31.206+0000] {dag.py:3823} INFO - Setting next_dagrun for day7_customer_churn_pipeline to None, run_after=None
[2025-08-27T11:55:31.237+0000] {processor.py:183} INFO - Processing /opt/airflow/dags/customer_churn_pipeline.py took 1.034 seconds
[2025-08-27T11:55:43.444+0000] {processor.py:161} INFO - Started process (PID=1908) to work on /opt/airflow/dags/customer_churn_pipeline.py
[2025-08-27T11:55:43.446+0000] {processor.py:830} INFO - Processing file /opt/airflow/dags/customer_churn_pipeline.py for tasks to queue
[2025-08-27T11:55:43.449+0000] {logging_mixin.py:188} INFO - [2025-08-27T11:55:43.449+0000] {dagbag.py:538} INFO - Filling up the DagBag from /opt/airflow/dags/customer_churn_pipeline.py
[2025-08-27T11:55:44.599+0000] {processor.py:840} INFO - DAG(s) 'day7_customer_churn_pipeline' retrieved from /opt/airflow/dags/customer_churn_pipeline.py
[2025-08-27T11:55:44.624+0000] {logging_mixin.py:188} INFO - [2025-08-27T11:55:44.624+0000] {dag.py:3036} INFO - Sync 1 DAGs
[2025-08-27T11:55:44.641+0000] {logging_mixin.py:188} INFO - [2025-08-27T11:55:44.640+0000] {dag.py:3823} INFO - Setting next_dagrun for day7_customer_churn_pipeline to None, run_after=None
[2025-08-27T11:55:44.676+0000] {processor.py:183} INFO - Processing /opt/airflow/dags/customer_churn_pipeline.py took 1.238 seconds
[2025-08-27T11:57:16.107+0000] {processor.py:161} INFO - Started process (PID=65) to work on /opt/airflow/dags/customer_churn_pipeline.py
[2025-08-27T11:57:16.110+0000] {processor.py:830} INFO - Processing file /opt/airflow/dags/customer_churn_pipeline.py for tasks to queue
[2025-08-27T11:57:16.114+0000] {logging_mixin.py:188} INFO - [2025-08-27T11:57:16.113+0000] {dagbag.py:538} INFO - Filling up the DagBag from /opt/airflow/dags/customer_churn_pipeline.py
[2025-08-27T11:57:19.795+0000] {processor.py:840} INFO - DAG(s) 'day7_customer_churn_pipeline' retrieved from /opt/airflow/dags/customer_churn_pipeline.py
[2025-08-27T11:57:20.188+0000] {logging_mixin.py:188} INFO - [2025-08-27T11:57:20.187+0000] {dag.py:3036} INFO - Sync 1 DAGs
[2025-08-27T11:57:20.207+0000] {logging_mixin.py:188} INFO - [2025-08-27T11:57:20.206+0000] {dag.py:3823} INFO - Setting next_dagrun for day7_customer_churn_pipeline to None, run_after=None
[2025-08-27T11:57:20.248+0000] {processor.py:183} INFO - Processing /opt/airflow/dags/customer_churn_pipeline.py took 4.150 seconds
[2025-08-27T11:57:50.988+0000] {processor.py:161} INFO - Started process (PID=84) to work on /opt/airflow/dags/customer_churn_pipeline.py
[2025-08-27T11:57:50.990+0000] {processor.py:830} INFO - Processing file /opt/airflow/dags/customer_churn_pipeline.py for tasks to queue
[2025-08-27T11:57:50.992+0000] {logging_mixin.py:188} INFO - [2025-08-27T11:57:50.992+0000] {dagbag.py:538} INFO - Filling up the DagBag from /opt/airflow/dags/customer_churn_pipeline.py
[2025-08-27T11:57:52.075+0000] {processor.py:840} INFO - DAG(s) 'day7_customer_churn_pipeline' retrieved from /opt/airflow/dags/customer_churn_pipeline.py
[2025-08-27T11:57:52.100+0000] {logging_mixin.py:188} INFO - [2025-08-27T11:57:52.100+0000] {dag.py:3036} INFO - Sync 1 DAGs
[2025-08-27T11:57:52.113+0000] {logging_mixin.py:188} INFO - [2025-08-27T11:57:52.113+0000] {dag.py:3823} INFO - Setting next_dagrun for day7_customer_churn_pipeline to None, run_after=None
[2025-08-27T11:57:52.150+0000] {processor.py:183} INFO - Processing /opt/airflow/dags/customer_churn_pipeline.py took 1.165 seconds
[2025-08-27T11:58:22.538+0000] {processor.py:161} INFO - Started process (PID=103) to work on /opt/airflow/dags/customer_churn_pipeline.py
[2025-08-27T11:58:22.540+0000] {processor.py:830} INFO - Processing file /opt/airflow/dags/customer_churn_pipeline.py for tasks to queue
[2025-08-27T11:58:22.542+0000] {logging_mixin.py:188} INFO - [2025-08-27T11:58:22.542+0000] {dagbag.py:538} INFO - Filling up the DagBag from /opt/airflow/dags/customer_churn_pipeline.py
[2025-08-27T11:58:23.464+0000] {processor.py:840} INFO - DAG(s) 'day7_customer_churn_pipeline' retrieved from /opt/airflow/dags/customer_churn_pipeline.py
[2025-08-27T11:58:23.485+0000] {logging_mixin.py:188} INFO - [2025-08-27T11:58:23.485+0000] {dag.py:3036} INFO - Sync 1 DAGs
[2025-08-27T11:58:23.499+0000] {logging_mixin.py:188} INFO - [2025-08-27T11:58:23.499+0000] {dag.py:3823} INFO - Setting next_dagrun for day7_customer_churn_pipeline to None, run_after=None
[2025-08-27T11:58:23.527+0000] {processor.py:183} INFO - Processing /opt/airflow/dags/customer_churn_pipeline.py took 0.993 seconds
[2025-08-27T11:58:54.321+0000] {processor.py:161} INFO - Started process (PID=122) to work on /opt/airflow/dags/customer_churn_pipeline.py
[2025-08-27T11:58:54.324+0000] {processor.py:830} INFO - Processing file /opt/airflow/dags/customer_churn_pipeline.py for tasks to queue
[2025-08-27T11:58:54.328+0000] {logging_mixin.py:188} INFO - [2025-08-27T11:58:54.327+0000] {dagbag.py:538} INFO - Filling up the DagBag from /opt/airflow/dags/customer_churn_pipeline.py
[2025-08-27T11:58:55.734+0000] {processor.py:840} INFO - DAG(s) 'day7_customer_churn_pipeline' retrieved from /opt/airflow/dags/customer_churn_pipeline.py
[2025-08-27T11:58:55.813+0000] {logging_mixin.py:188} INFO - [2025-08-27T11:58:55.813+0000] {dag.py:3036} INFO - Sync 1 DAGs
[2025-08-27T11:58:55.830+0000] {logging_mixin.py:188} INFO - [2025-08-27T11:58:55.830+0000] {dag.py:3823} INFO - Setting next_dagrun for day7_customer_churn_pipeline to None, run_after=None
[2025-08-27T11:58:55.867+0000] {processor.py:183} INFO - Processing /opt/airflow/dags/customer_churn_pipeline.py took 1.551 seconds
[2025-08-27T11:59:26.452+0000] {processor.py:161} INFO - Started process (PID=141) to work on /opt/airflow/dags/customer_churn_pipeline.py
[2025-08-27T11:59:26.454+0000] {processor.py:830} INFO - Processing file /opt/airflow/dags/customer_churn_pipeline.py for tasks to queue
[2025-08-27T11:59:26.458+0000] {logging_mixin.py:188} INFO - [2025-08-27T11:59:26.457+0000] {dagbag.py:538} INFO - Filling up the DagBag from /opt/airflow/dags/customer_churn_pipeline.py
[2025-08-27T11:59:27.409+0000] {processor.py:840} INFO - DAG(s) 'day7_customer_churn_pipeline' retrieved from /opt/airflow/dags/customer_churn_pipeline.py
[2025-08-27T11:59:27.433+0000] {logging_mixin.py:188} INFO - [2025-08-27T11:59:27.433+0000] {dag.py:3036} INFO - Sync 1 DAGs
[2025-08-27T11:59:27.447+0000] {logging_mixin.py:188} INFO - [2025-08-27T11:59:27.447+0000] {dag.py:3823} INFO - Setting next_dagrun for day7_customer_churn_pipeline to None, run_after=None
[2025-08-27T11:59:27.501+0000] {processor.py:183} INFO - Processing /opt/airflow/dags/customer_churn_pipeline.py took 1.054 seconds
[2025-08-27T11:59:58.109+0000] {processor.py:161} INFO - Started process (PID=160) to work on /opt/airflow/dags/customer_churn_pipeline.py
[2025-08-27T11:59:58.111+0000] {processor.py:830} INFO - Processing file /opt/airflow/dags/customer_churn_pipeline.py for tasks to queue
[2025-08-27T11:59:58.114+0000] {logging_mixin.py:188} INFO - [2025-08-27T11:59:58.114+0000] {dagbag.py:538} INFO - Filling up the DagBag from /opt/airflow/dags/customer_churn_pipeline.py
[2025-08-27T11:59:59.328+0000] {processor.py:840} INFO - DAG(s) 'day7_customer_churn_pipeline' retrieved from /opt/airflow/dags/customer_churn_pipeline.py
[2025-08-27T11:59:59.349+0000] {logging_mixin.py:188} INFO - [2025-08-27T11:59:59.349+0000] {dag.py:3036} INFO - Sync 1 DAGs
[2025-08-27T11:59:59.361+0000] {logging_mixin.py:188} INFO - [2025-08-27T11:59:59.361+0000] {dag.py:3823} INFO - Setting next_dagrun for day7_customer_churn_pipeline to None, run_after=None
[2025-08-27T11:59:59.389+0000] {processor.py:183} INFO - Processing /opt/airflow/dags/customer_churn_pipeline.py took 1.284 seconds
[2025-08-27T12:00:30.196+0000] {processor.py:161} INFO - Started process (PID=179) to work on /opt/airflow/dags/customer_churn_pipeline.py
[2025-08-27T12:00:30.198+0000] {processor.py:830} INFO - Processing file /opt/airflow/dags/customer_churn_pipeline.py for tasks to queue
[2025-08-27T12:00:30.200+0000] {logging_mixin.py:188} INFO - [2025-08-27T12:00:30.200+0000] {dagbag.py:538} INFO - Filling up the DagBag from /opt/airflow/dags/customer_churn_pipeline.py
[2025-08-27T12:00:31.389+0000] {processor.py:840} INFO - DAG(s) 'day7_customer_churn_pipeline' retrieved from /opt/airflow/dags/customer_churn_pipeline.py
[2025-08-27T12:00:31.418+0000] {logging_mixin.py:188} INFO - [2025-08-27T12:00:31.417+0000] {dag.py:3036} INFO - Sync 1 DAGs
[2025-08-27T12:00:31.432+0000] {logging_mixin.py:188} INFO - [2025-08-27T12:00:31.432+0000] {dag.py:3823} INFO - Setting next_dagrun for day7_customer_churn_pipeline to None, run_after=None
[2025-08-27T12:00:31.463+0000] {processor.py:183} INFO - Processing /opt/airflow/dags/customer_churn_pipeline.py took 1.272 seconds
[2025-08-27T12:01:02.275+0000] {processor.py:161} INFO - Started process (PID=198) to work on /opt/airflow/dags/customer_churn_pipeline.py
[2025-08-27T12:01:02.278+0000] {processor.py:830} INFO - Processing file /opt/airflow/dags/customer_churn_pipeline.py for tasks to queue
[2025-08-27T12:01:02.294+0000] {logging_mixin.py:188} INFO - [2025-08-27T12:01:02.293+0000] {dagbag.py:538} INFO - Filling up the DagBag from /opt/airflow/dags/customer_churn_pipeline.py
[2025-08-27T12:01:03.453+0000] {processor.py:840} INFO - DAG(s) 'day7_customer_churn_pipeline' retrieved from /opt/airflow/dags/customer_churn_pipeline.py
[2025-08-27T12:01:03.485+0000] {logging_mixin.py:188} INFO - [2025-08-27T12:01:03.485+0000] {dag.py:3036} INFO - Sync 1 DAGs
[2025-08-27T12:01:03.515+0000] {logging_mixin.py:188} INFO - [2025-08-27T12:01:03.514+0000] {dag.py:3823} INFO - Setting next_dagrun for day7_customer_churn_pipeline to None, run_after=None
[2025-08-27T12:01:03.555+0000] {processor.py:183} INFO - Processing /opt/airflow/dags/customer_churn_pipeline.py took 1.283 seconds
[2025-08-27T12:01:33.773+0000] {processor.py:161} INFO - Started process (PID=217) to work on /opt/airflow/dags/customer_churn_pipeline.py
[2025-08-27T12:01:33.780+0000] {processor.py:830} INFO - Processing file /opt/airflow/dags/customer_churn_pipeline.py for tasks to queue
[2025-08-27T12:01:33.784+0000] {logging_mixin.py:188} INFO - [2025-08-27T12:01:33.784+0000] {dagbag.py:538} INFO - Filling up the DagBag from /opt/airflow/dags/customer_churn_pipeline.py
[2025-08-27T12:01:34.804+0000] {processor.py:840} INFO - DAG(s) 'day7_customer_churn_pipeline' retrieved from /opt/airflow/dags/customer_churn_pipeline.py
[2025-08-27T12:01:34.838+0000] {logging_mixin.py:188} INFO - [2025-08-27T12:01:34.838+0000] {dag.py:3036} INFO - Sync 1 DAGs
[2025-08-27T12:01:34.854+0000] {logging_mixin.py:188} INFO - [2025-08-27T12:01:34.853+0000] {dag.py:3823} INFO - Setting next_dagrun for day7_customer_churn_pipeline to None, run_after=None
[2025-08-27T12:01:34.887+0000] {processor.py:183} INFO - Processing /opt/airflow/dags/customer_churn_pipeline.py took 1.121 seconds
[2025-08-27T12:02:05.332+0000] {processor.py:161} INFO - Started process (PID=236) to work on /opt/airflow/dags/customer_churn_pipeline.py
[2025-08-27T12:02:05.334+0000] {processor.py:830} INFO - Processing file /opt/airflow/dags/customer_churn_pipeline.py for tasks to queue
[2025-08-27T12:02:05.335+0000] {logging_mixin.py:188} INFO - [2025-08-27T12:02:05.335+0000] {dagbag.py:538} INFO - Filling up the DagBag from /opt/airflow/dags/customer_churn_pipeline.py
[2025-08-27T12:02:06.424+0000] {processor.py:840} INFO - DAG(s) 'day7_customer_churn_pipeline' retrieved from /opt/airflow/dags/customer_churn_pipeline.py
[2025-08-27T12:02:06.446+0000] {logging_mixin.py:188} INFO - [2025-08-27T12:02:06.445+0000] {dag.py:3036} INFO - Sync 1 DAGs
[2025-08-27T12:02:06.456+0000] {logging_mixin.py:188} INFO - [2025-08-27T12:02:06.455+0000] {dag.py:3823} INFO - Setting next_dagrun for day7_customer_churn_pipeline to None, run_after=None
[2025-08-27T12:02:06.489+0000] {processor.py:183} INFO - Processing /opt/airflow/dags/customer_churn_pipeline.py took 1.160 seconds
[2025-08-27T12:02:37.250+0000] {processor.py:161} INFO - Started process (PID=255) to work on /opt/airflow/dags/customer_churn_pipeline.py
[2025-08-27T12:02:37.257+0000] {processor.py:830} INFO - Processing file /opt/airflow/dags/customer_churn_pipeline.py for tasks to queue
[2025-08-27T12:02:37.259+0000] {logging_mixin.py:188} INFO - [2025-08-27T12:02:37.259+0000] {dagbag.py:538} INFO - Filling up the DagBag from /opt/airflow/dags/customer_churn_pipeline.py
[2025-08-27T12:02:38.568+0000] {processor.py:840} INFO - DAG(s) 'day7_customer_churn_pipeline' retrieved from /opt/airflow/dags/customer_churn_pipeline.py
[2025-08-27T12:02:38.608+0000] {logging_mixin.py:188} INFO - [2025-08-27T12:02:38.608+0000] {dag.py:3036} INFO - Sync 1 DAGs
[2025-08-27T12:02:38.622+0000] {logging_mixin.py:188} INFO - [2025-08-27T12:02:38.621+0000] {dag.py:3823} INFO - Setting next_dagrun for day7_customer_churn_pipeline to None, run_after=None
[2025-08-27T12:02:38.722+0000] {processor.py:183} INFO - Processing /opt/airflow/dags/customer_churn_pipeline.py took 1.475 seconds
[2025-08-27T12:03:09.234+0000] {processor.py:161} INFO - Started process (PID=274) to work on /opt/airflow/dags/customer_churn_pipeline.py
[2025-08-27T12:03:09.237+0000] {processor.py:830} INFO - Processing file /opt/airflow/dags/customer_churn_pipeline.py for tasks to queue
[2025-08-27T12:03:09.242+0000] {logging_mixin.py:188} INFO - [2025-08-27T12:03:09.241+0000] {dagbag.py:538} INFO - Filling up the DagBag from /opt/airflow/dags/customer_churn_pipeline.py
[2025-08-27T12:03:10.353+0000] {processor.py:840} INFO - DAG(s) 'day7_customer_churn_pipeline' retrieved from /opt/airflow/dags/customer_churn_pipeline.py
[2025-08-27T12:03:10.377+0000] {logging_mixin.py:188} INFO - [2025-08-27T12:03:10.377+0000] {dag.py:3036} INFO - Sync 1 DAGs
[2025-08-27T12:03:10.390+0000] {logging_mixin.py:188} INFO - [2025-08-27T12:03:10.389+0000] {dag.py:3823} INFO - Setting next_dagrun for day7_customer_churn_pipeline to None, run_after=None
[2025-08-27T12:03:10.425+0000] {processor.py:183} INFO - Processing /opt/airflow/dags/customer_churn_pipeline.py took 1.197 seconds
[2025-08-27T12:03:41.452+0000] {processor.py:161} INFO - Started process (PID=293) to work on /opt/airflow/dags/customer_churn_pipeline.py
[2025-08-27T12:03:41.455+0000] {processor.py:830} INFO - Processing file /opt/airflow/dags/customer_churn_pipeline.py for tasks to queue
[2025-08-27T12:03:41.502+0000] {logging_mixin.py:188} INFO - [2025-08-27T12:03:41.501+0000] {dagbag.py:538} INFO - Filling up the DagBag from /opt/airflow/dags/customer_churn_pipeline.py
[2025-08-27T12:03:42.907+0000] {processor.py:840} INFO - DAG(s) 'day7_customer_churn_pipeline' retrieved from /opt/airflow/dags/customer_churn_pipeline.py
[2025-08-27T12:03:42.931+0000] {logging_mixin.py:188} INFO - [2025-08-27T12:03:42.930+0000] {dag.py:3036} INFO - Sync 1 DAGs
[2025-08-27T12:03:42.947+0000] {logging_mixin.py:188} INFO - [2025-08-27T12:03:42.947+0000] {dag.py:3823} INFO - Setting next_dagrun for day7_customer_churn_pipeline to None, run_after=None
[2025-08-27T12:03:42.973+0000] {processor.py:183} INFO - Processing /opt/airflow/dags/customer_churn_pipeline.py took 1.526 seconds
[2025-08-27T12:04:13.388+0000] {processor.py:161} INFO - Started process (PID=312) to work on /opt/airflow/dags/customer_churn_pipeline.py
[2025-08-27T12:04:13.391+0000] {processor.py:830} INFO - Processing file /opt/airflow/dags/customer_churn_pipeline.py for tasks to queue
[2025-08-27T12:04:13.394+0000] {logging_mixin.py:188} INFO - [2025-08-27T12:04:13.394+0000] {dagbag.py:538} INFO - Filling up the DagBag from /opt/airflow/dags/customer_churn_pipeline.py
[2025-08-27T12:04:14.293+0000] {processor.py:840} INFO - DAG(s) 'day7_customer_churn_pipeline' retrieved from /opt/airflow/dags/customer_churn_pipeline.py
[2025-08-27T12:04:14.319+0000] {logging_mixin.py:188} INFO - [2025-08-27T12:04:14.319+0000] {dag.py:3036} INFO - Sync 1 DAGs
[2025-08-27T12:04:14.339+0000] {logging_mixin.py:188} INFO - [2025-08-27T12:04:14.339+0000] {dag.py:3823} INFO - Setting next_dagrun for day7_customer_churn_pipeline to None, run_after=None
[2025-08-27T12:04:14.384+0000] {processor.py:183} INFO - Processing /opt/airflow/dags/customer_churn_pipeline.py took 1.001 seconds
[2025-08-27T12:04:44.952+0000] {processor.py:161} INFO - Started process (PID=331) to work on /opt/airflow/dags/customer_churn_pipeline.py
[2025-08-27T12:04:44.955+0000] {processor.py:830} INFO - Processing file /opt/airflow/dags/customer_churn_pipeline.py for tasks to queue
[2025-08-27T12:04:44.959+0000] {logging_mixin.py:188} INFO - [2025-08-27T12:04:44.959+0000] {dagbag.py:538} INFO - Filling up the DagBag from /opt/airflow/dags/customer_churn_pipeline.py
[2025-08-27T12:04:45.851+0000] {processor.py:840} INFO - DAG(s) 'day7_customer_churn_pipeline' retrieved from /opt/airflow/dags/customer_churn_pipeline.py
[2025-08-27T12:04:45.924+0000] {logging_mixin.py:188} INFO - [2025-08-27T12:04:45.924+0000] {dag.py:3036} INFO - Sync 1 DAGs
[2025-08-27T12:04:45.937+0000] {logging_mixin.py:188} INFO - [2025-08-27T12:04:45.937+0000] {dag.py:3823} INFO - Setting next_dagrun for day7_customer_churn_pipeline to None, run_after=None
[2025-08-27T12:04:45.988+0000] {processor.py:183} INFO - Processing /opt/airflow/dags/customer_churn_pipeline.py took 1.042 seconds
[2025-08-27T12:05:16.434+0000] {processor.py:161} INFO - Started process (PID=350) to work on /opt/airflow/dags/customer_churn_pipeline.py
[2025-08-27T12:05:16.448+0000] {processor.py:830} INFO - Processing file /opt/airflow/dags/customer_churn_pipeline.py for tasks to queue
[2025-08-27T12:05:16.471+0000] {logging_mixin.py:188} INFO - [2025-08-27T12:05:16.470+0000] {dagbag.py:538} INFO - Filling up the DagBag from /opt/airflow/dags/customer_churn_pipeline.py
[2025-08-27T12:05:17.784+0000] {processor.py:840} INFO - DAG(s) 'day7_customer_churn_pipeline' retrieved from /opt/airflow/dags/customer_churn_pipeline.py
[2025-08-27T12:05:17.807+0000] {logging_mixin.py:188} INFO - [2025-08-27T12:05:17.806+0000] {dag.py:3036} INFO - Sync 1 DAGs
[2025-08-27T12:05:17.822+0000] {logging_mixin.py:188} INFO - [2025-08-27T12:05:17.822+0000] {dag.py:3823} INFO - Setting next_dagrun for day7_customer_churn_pipeline to None, run_after=None
[2025-08-27T12:05:17.867+0000] {processor.py:183} INFO - Processing /opt/airflow/dags/customer_churn_pipeline.py took 1.439 seconds
[2025-08-27T12:05:48.274+0000] {processor.py:161} INFO - Started process (PID=369) to work on /opt/airflow/dags/customer_churn_pipeline.py
[2025-08-27T12:05:48.280+0000] {processor.py:830} INFO - Processing file /opt/airflow/dags/customer_churn_pipeline.py for tasks to queue
[2025-08-27T12:05:48.283+0000] {logging_mixin.py:188} INFO - [2025-08-27T12:05:48.282+0000] {dagbag.py:538} INFO - Filling up the DagBag from /opt/airflow/dags/customer_churn_pipeline.py
[2025-08-27T12:05:49.319+0000] {processor.py:840} INFO - DAG(s) 'day7_customer_churn_pipeline' retrieved from /opt/airflow/dags/customer_churn_pipeline.py
[2025-08-27T12:05:49.341+0000] {logging_mixin.py:188} INFO - [2025-08-27T12:05:49.340+0000] {dag.py:3036} INFO - Sync 1 DAGs
[2025-08-27T12:05:49.353+0000] {logging_mixin.py:188} INFO - [2025-08-27T12:05:49.353+0000] {dag.py:3823} INFO - Setting next_dagrun for day7_customer_churn_pipeline to None, run_after=None
[2025-08-27T12:05:49.385+0000] {processor.py:183} INFO - Processing /opt/airflow/dags/customer_churn_pipeline.py took 1.116 seconds
[2025-08-27T12:06:19.810+0000] {processor.py:161} INFO - Started process (PID=388) to work on /opt/airflow/dags/customer_churn_pipeline.py
[2025-08-27T12:06:19.812+0000] {processor.py:830} INFO - Processing file /opt/airflow/dags/customer_churn_pipeline.py for tasks to queue
[2025-08-27T12:06:19.816+0000] {logging_mixin.py:188} INFO - [2025-08-27T12:06:19.815+0000] {dagbag.py:538} INFO - Filling up the DagBag from /opt/airflow/dags/customer_churn_pipeline.py
[2025-08-27T12:06:20.851+0000] {processor.py:840} INFO - DAG(s) 'day7_customer_churn_pipeline' retrieved from /opt/airflow/dags/customer_churn_pipeline.py
[2025-08-27T12:06:20.881+0000] {logging_mixin.py:188} INFO - [2025-08-27T12:06:20.880+0000] {dag.py:3036} INFO - Sync 1 DAGs
[2025-08-27T12:06:20.892+0000] {logging_mixin.py:188} INFO - [2025-08-27T12:06:20.892+0000] {dag.py:3823} INFO - Setting next_dagrun for day7_customer_churn_pipeline to None, run_after=None
[2025-08-27T12:06:20.922+0000] {processor.py:183} INFO - Processing /opt/airflow/dags/customer_churn_pipeline.py took 1.117 seconds
[2025-08-27T12:06:51.457+0000] {processor.py:161} INFO - Started process (PID=407) to work on /opt/airflow/dags/customer_churn_pipeline.py
[2025-08-27T12:06:51.462+0000] {processor.py:830} INFO - Processing file /opt/airflow/dags/customer_churn_pipeline.py for tasks to queue
[2025-08-27T12:06:51.465+0000] {logging_mixin.py:188} INFO - [2025-08-27T12:06:51.465+0000] {dagbag.py:538} INFO - Filling up the DagBag from /opt/airflow/dags/customer_churn_pipeline.py
[2025-08-27T12:06:52.623+0000] {processor.py:840} INFO - DAG(s) 'day7_customer_churn_pipeline' retrieved from /opt/airflow/dags/customer_churn_pipeline.py
[2025-08-27T12:06:52.659+0000] {logging_mixin.py:188} INFO - [2025-08-27T12:06:52.659+0000] {dag.py:3036} INFO - Sync 1 DAGs
[2025-08-27T12:06:52.675+0000] {logging_mixin.py:188} INFO - [2025-08-27T12:06:52.675+0000] {dag.py:3823} INFO - Setting next_dagrun for day7_customer_churn_pipeline to None, run_after=None
[2025-08-27T12:06:52.719+0000] {processor.py:183} INFO - Processing /opt/airflow/dags/customer_churn_pipeline.py took 1.265 seconds
[2025-08-27T12:07:23.243+0000] {processor.py:161} INFO - Started process (PID=426) to work on /opt/airflow/dags/customer_churn_pipeline.py
[2025-08-27T12:07:23.249+0000] {processor.py:830} INFO - Processing file /opt/airflow/dags/customer_churn_pipeline.py for tasks to queue
[2025-08-27T12:07:23.251+0000] {logging_mixin.py:188} INFO - [2025-08-27T12:07:23.251+0000] {dagbag.py:538} INFO - Filling up the DagBag from /opt/airflow/dags/customer_churn_pipeline.py
[2025-08-27T12:07:24.452+0000] {processor.py:840} INFO - DAG(s) 'day7_customer_churn_pipeline' retrieved from /opt/airflow/dags/customer_churn_pipeline.py
[2025-08-27T12:07:24.487+0000] {logging_mixin.py:188} INFO - [2025-08-27T12:07:24.486+0000] {dag.py:3036} INFO - Sync 1 DAGs
[2025-08-27T12:07:24.505+0000] {logging_mixin.py:188} INFO - [2025-08-27T12:07:24.504+0000] {dag.py:3823} INFO - Setting next_dagrun for day7_customer_churn_pipeline to None, run_after=None
[2025-08-27T12:07:24.533+0000] {processor.py:183} INFO - Processing /opt/airflow/dags/customer_churn_pipeline.py took 1.294 seconds
[2025-08-27T12:07:55.137+0000] {processor.py:161} INFO - Started process (PID=445) to work on /opt/airflow/dags/customer_churn_pipeline.py
[2025-08-27T12:07:55.139+0000] {processor.py:830} INFO - Processing file /opt/airflow/dags/customer_churn_pipeline.py for tasks to queue
[2025-08-27T12:07:55.142+0000] {logging_mixin.py:188} INFO - [2025-08-27T12:07:55.141+0000] {dagbag.py:538} INFO - Filling up the DagBag from /opt/airflow/dags/customer_churn_pipeline.py
[2025-08-27T12:07:56.335+0000] {processor.py:840} INFO - DAG(s) 'day7_customer_churn_pipeline' retrieved from /opt/airflow/dags/customer_churn_pipeline.py
[2025-08-27T12:07:56.369+0000] {logging_mixin.py:188} INFO - [2025-08-27T12:07:56.368+0000] {dag.py:3036} INFO - Sync 1 DAGs
[2025-08-27T12:07:56.385+0000] {logging_mixin.py:188} INFO - [2025-08-27T12:07:56.385+0000] {dag.py:3823} INFO - Setting next_dagrun for day7_customer_churn_pipeline to None, run_after=None
[2025-08-27T12:07:56.424+0000] {processor.py:183} INFO - Processing /opt/airflow/dags/customer_churn_pipeline.py took 1.290 seconds
[2025-08-27T12:08:26.660+0000] {processor.py:161} INFO - Started process (PID=464) to work on /opt/airflow/dags/customer_churn_pipeline.py
[2025-08-27T12:08:26.663+0000] {processor.py:830} INFO - Processing file /opt/airflow/dags/customer_churn_pipeline.py for tasks to queue
[2025-08-27T12:08:26.667+0000] {logging_mixin.py:188} INFO - [2025-08-27T12:08:26.666+0000] {dagbag.py:538} INFO - Filling up the DagBag from /opt/airflow/dags/customer_churn_pipeline.py
[2025-08-27T12:08:27.640+0000] {processor.py:840} INFO - DAG(s) 'day7_customer_churn_pipeline' retrieved from /opt/airflow/dags/customer_churn_pipeline.py
[2025-08-27T12:08:27.671+0000] {logging_mixin.py:188} INFO - [2025-08-27T12:08:27.671+0000] {dag.py:3036} INFO - Sync 1 DAGs
[2025-08-27T12:08:27.683+0000] {logging_mixin.py:188} INFO - [2025-08-27T12:08:27.683+0000] {dag.py:3823} INFO - Setting next_dagrun for day7_customer_churn_pipeline to None, run_after=None
[2025-08-27T12:08:27.711+0000] {processor.py:183} INFO - Processing /opt/airflow/dags/customer_churn_pipeline.py took 1.058 seconds
[2025-08-27T12:08:58.175+0000] {processor.py:161} INFO - Started process (PID=483) to work on /opt/airflow/dags/customer_churn_pipeline.py
[2025-08-27T12:08:58.177+0000] {processor.py:830} INFO - Processing file /opt/airflow/dags/customer_churn_pipeline.py for tasks to queue
[2025-08-27T12:08:58.181+0000] {logging_mixin.py:188} INFO - [2025-08-27T12:08:58.180+0000] {dagbag.py:538} INFO - Filling up the DagBag from /opt/airflow/dags/customer_churn_pipeline.py
[2025-08-27T12:08:59.449+0000] {processor.py:840} INFO - DAG(s) 'day7_customer_churn_pipeline' retrieved from /opt/airflow/dags/customer_churn_pipeline.py
[2025-08-27T12:08:59.488+0000] {logging_mixin.py:188} INFO - [2025-08-27T12:08:59.487+0000] {dag.py:3036} INFO - Sync 1 DAGs
[2025-08-27T12:08:59.514+0000] {logging_mixin.py:188} INFO - [2025-08-27T12:08:59.513+0000] {dag.py:3823} INFO - Setting next_dagrun for day7_customer_churn_pipeline to None, run_after=None
[2025-08-27T12:08:59.552+0000] {processor.py:183} INFO - Processing /opt/airflow/dags/customer_churn_pipeline.py took 1.381 seconds
[2025-08-27T12:09:29.843+0000] {processor.py:161} INFO - Started process (PID=502) to work on /opt/airflow/dags/customer_churn_pipeline.py
[2025-08-27T12:09:29.846+0000] {processor.py:830} INFO - Processing file /opt/airflow/dags/customer_churn_pipeline.py for tasks to queue
[2025-08-27T12:09:29.850+0000] {logging_mixin.py:188} INFO - [2025-08-27T12:09:29.849+0000] {dagbag.py:538} INFO - Filling up the DagBag from /opt/airflow/dags/customer_churn_pipeline.py
[2025-08-27T12:09:30.831+0000] {processor.py:840} INFO - DAG(s) 'day7_customer_churn_pipeline' retrieved from /opt/airflow/dags/customer_churn_pipeline.py
[2025-08-27T12:09:30.859+0000] {logging_mixin.py:188} INFO - [2025-08-27T12:09:30.858+0000] {dag.py:3036} INFO - Sync 1 DAGs
[2025-08-27T12:09:30.872+0000] {logging_mixin.py:188} INFO - [2025-08-27T12:09:30.871+0000] {dag.py:3823} INFO - Setting next_dagrun for day7_customer_churn_pipeline to None, run_after=None
[2025-08-27T12:09:30.901+0000] {processor.py:183} INFO - Processing /opt/airflow/dags/customer_churn_pipeline.py took 1.065 seconds
[2025-08-27T12:10:01.225+0000] {processor.py:161} INFO - Started process (PID=521) to work on /opt/airflow/dags/customer_churn_pipeline.py
[2025-08-27T12:10:01.227+0000] {processor.py:830} INFO - Processing file /opt/airflow/dags/customer_churn_pipeline.py for tasks to queue
[2025-08-27T12:10:01.230+0000] {logging_mixin.py:188} INFO - [2025-08-27T12:10:01.229+0000] {dagbag.py:538} INFO - Filling up the DagBag from /opt/airflow/dags/customer_churn_pipeline.py
[2025-08-27T12:10:02.221+0000] {processor.py:840} INFO - DAG(s) 'day7_customer_churn_pipeline' retrieved from /opt/airflow/dags/customer_churn_pipeline.py
[2025-08-27T12:10:02.253+0000] {logging_mixin.py:188} INFO - [2025-08-27T12:10:02.253+0000] {dag.py:3036} INFO - Sync 1 DAGs
[2025-08-27T12:10:02.274+0000] {logging_mixin.py:188} INFO - [2025-08-27T12:10:02.274+0000] {dag.py:3823} INFO - Setting next_dagrun for day7_customer_churn_pipeline to None, run_after=None
[2025-08-27T12:10:02.311+0000] {processor.py:183} INFO - Processing /opt/airflow/dags/customer_churn_pipeline.py took 1.089 seconds
[2025-08-27T12:10:32.617+0000] {processor.py:161} INFO - Started process (PID=540) to work on /opt/airflow/dags/customer_churn_pipeline.py
[2025-08-27T12:10:32.619+0000] {processor.py:830} INFO - Processing file /opt/airflow/dags/customer_churn_pipeline.py for tasks to queue
[2025-08-27T12:10:32.630+0000] {logging_mixin.py:188} INFO - [2025-08-27T12:10:32.630+0000] {dagbag.py:538} INFO - Filling up the DagBag from /opt/airflow/dags/customer_churn_pipeline.py
[2025-08-27T12:10:33.802+0000] {processor.py:840} INFO - DAG(s) 'day7_customer_churn_pipeline' retrieved from /opt/airflow/dags/customer_churn_pipeline.py
[2025-08-27T12:10:33.826+0000] {logging_mixin.py:188} INFO - [2025-08-27T12:10:33.826+0000] {dag.py:3036} INFO - Sync 1 DAGs
[2025-08-27T12:10:33.845+0000] {logging_mixin.py:188} INFO - [2025-08-27T12:10:33.844+0000] {dag.py:3823} INFO - Setting next_dagrun for day7_customer_churn_pipeline to None, run_after=None
[2025-08-27T12:10:33.891+0000] {processor.py:183} INFO - Processing /opt/airflow/dags/customer_churn_pipeline.py took 1.277 seconds
[2025-08-27T12:11:04.545+0000] {processor.py:161} INFO - Started process (PID=559) to work on /opt/airflow/dags/customer_churn_pipeline.py
[2025-08-27T12:11:04.548+0000] {processor.py:830} INFO - Processing file /opt/airflow/dags/customer_churn_pipeline.py for tasks to queue
[2025-08-27T12:11:04.551+0000] {logging_mixin.py:188} INFO - [2025-08-27T12:11:04.551+0000] {dagbag.py:538} INFO - Filling up the DagBag from /opt/airflow/dags/customer_churn_pipeline.py
[2025-08-27T12:11:05.910+0000] {processor.py:840} INFO - DAG(s) 'day7_customer_churn_pipeline' retrieved from /opt/airflow/dags/customer_churn_pipeline.py
[2025-08-27T12:11:05.954+0000] {logging_mixin.py:188} INFO - [2025-08-27T12:11:05.954+0000] {dag.py:3036} INFO - Sync 1 DAGs
[2025-08-27T12:11:05.979+0000] {logging_mixin.py:188} INFO - [2025-08-27T12:11:05.978+0000] {dag.py:3823} INFO - Setting next_dagrun for day7_customer_churn_pipeline to None, run_after=None
[2025-08-27T12:11:06.025+0000] {processor.py:183} INFO - Processing /opt/airflow/dags/customer_churn_pipeline.py took 1.483 seconds
[2025-08-27T12:11:36.303+0000] {processor.py:161} INFO - Started process (PID=578) to work on /opt/airflow/dags/customer_churn_pipeline.py
[2025-08-27T12:11:36.305+0000] {processor.py:830} INFO - Processing file /opt/airflow/dags/customer_churn_pipeline.py for tasks to queue
[2025-08-27T12:11:36.309+0000] {logging_mixin.py:188} INFO - [2025-08-27T12:11:36.309+0000] {dagbag.py:538} INFO - Filling up the DagBag from /opt/airflow/dags/customer_churn_pipeline.py
[2025-08-27T12:11:37.451+0000] {processor.py:840} INFO - DAG(s) 'day7_customer_churn_pipeline' retrieved from /opt/airflow/dags/customer_churn_pipeline.py
[2025-08-27T12:11:37.488+0000] {logging_mixin.py:188} INFO - [2025-08-27T12:11:37.487+0000] {dag.py:3036} INFO - Sync 1 DAGs
[2025-08-27T12:11:37.501+0000] {logging_mixin.py:188} INFO - [2025-08-27T12:11:37.501+0000] {dag.py:3823} INFO - Setting next_dagrun for day7_customer_churn_pipeline to None, run_after=None
[2025-08-27T12:11:37.545+0000] {processor.py:183} INFO - Processing /opt/airflow/dags/customer_churn_pipeline.py took 1.249 seconds
[2025-08-27T12:12:08.225+0000] {processor.py:161} INFO - Started process (PID=597) to work on /opt/airflow/dags/customer_churn_pipeline.py
[2025-08-27T12:12:08.232+0000] {processor.py:830} INFO - Processing file /opt/airflow/dags/customer_churn_pipeline.py for tasks to queue
[2025-08-27T12:12:08.238+0000] {logging_mixin.py:188} INFO - [2025-08-27T12:12:08.238+0000] {dagbag.py:538} INFO - Filling up the DagBag from /opt/airflow/dags/customer_churn_pipeline.py
[2025-08-27T12:12:09.348+0000] {processor.py:840} INFO - DAG(s) 'day7_customer_churn_pipeline' retrieved from /opt/airflow/dags/customer_churn_pipeline.py
[2025-08-27T12:12:09.384+0000] {logging_mixin.py:188} INFO - [2025-08-27T12:12:09.384+0000] {dag.py:3036} INFO - Sync 1 DAGs
[2025-08-27T12:12:09.401+0000] {logging_mixin.py:188} INFO - [2025-08-27T12:12:09.401+0000] {dag.py:3823} INFO - Setting next_dagrun for day7_customer_churn_pipeline to None, run_after=None
[2025-08-27T12:12:09.431+0000] {processor.py:183} INFO - Processing /opt/airflow/dags/customer_churn_pipeline.py took 1.211 seconds
[2025-08-27T12:12:39.618+0000] {processor.py:161} INFO - Started process (PID=616) to work on /opt/airflow/dags/customer_churn_pipeline.py
[2025-08-27T12:12:39.627+0000] {processor.py:830} INFO - Processing file /opt/airflow/dags/customer_churn_pipeline.py for tasks to queue
[2025-08-27T12:12:39.635+0000] {logging_mixin.py:188} INFO - [2025-08-27T12:12:39.634+0000] {dagbag.py:538} INFO - Filling up the DagBag from /opt/airflow/dags/customer_churn_pipeline.py
[2025-08-27T12:12:40.730+0000] {processor.py:840} INFO - DAG(s) 'day7_customer_churn_pipeline' retrieved from /opt/airflow/dags/customer_churn_pipeline.py
[2025-08-27T12:12:40.755+0000] {logging_mixin.py:188} INFO - [2025-08-27T12:12:40.755+0000] {dag.py:3036} INFO - Sync 1 DAGs
[2025-08-27T12:12:40.768+0000] {logging_mixin.py:188} INFO - [2025-08-27T12:12:40.768+0000] {dag.py:3823} INFO - Setting next_dagrun for day7_customer_churn_pipeline to None, run_after=None
[2025-08-27T12:12:40.797+0000] {processor.py:183} INFO - Processing /opt/airflow/dags/customer_churn_pipeline.py took 1.184 seconds
[2025-08-27T12:13:11.194+0000] {processor.py:161} INFO - Started process (PID=635) to work on /opt/airflow/dags/customer_churn_pipeline.py
[2025-08-27T12:13:11.196+0000] {processor.py:830} INFO - Processing file /opt/airflow/dags/customer_churn_pipeline.py for tasks to queue
[2025-08-27T12:13:11.199+0000] {logging_mixin.py:188} INFO - [2025-08-27T12:13:11.199+0000] {dagbag.py:538} INFO - Filling up the DagBag from /opt/airflow/dags/customer_churn_pipeline.py
[2025-08-27T12:13:12.218+0000] {processor.py:840} INFO - DAG(s) 'day7_customer_churn_pipeline' retrieved from /opt/airflow/dags/customer_churn_pipeline.py
[2025-08-27T12:13:12.246+0000] {logging_mixin.py:188} INFO - [2025-08-27T12:13:12.246+0000] {dag.py:3036} INFO - Sync 1 DAGs
[2025-08-27T12:13:12.259+0000] {logging_mixin.py:188} INFO - [2025-08-27T12:13:12.259+0000] {dag.py:3823} INFO - Setting next_dagrun for day7_customer_churn_pipeline to None, run_after=None
[2025-08-27T12:13:12.297+0000] {processor.py:183} INFO - Processing /opt/airflow/dags/customer_churn_pipeline.py took 1.107 seconds
[2025-08-27T12:13:42.855+0000] {processor.py:161} INFO - Started process (PID=654) to work on /opt/airflow/dags/customer_churn_pipeline.py
[2025-08-27T12:13:42.859+0000] {processor.py:830} INFO - Processing file /opt/airflow/dags/customer_churn_pipeline.py for tasks to queue
[2025-08-27T12:13:42.865+0000] {logging_mixin.py:188} INFO - [2025-08-27T12:13:42.865+0000] {dagbag.py:538} INFO - Filling up the DagBag from /opt/airflow/dags/customer_churn_pipeline.py
[2025-08-27T12:13:43.777+0000] {processor.py:840} INFO - DAG(s) 'day7_customer_churn_pipeline' retrieved from /opt/airflow/dags/customer_churn_pipeline.py
[2025-08-27T12:13:43.810+0000] {logging_mixin.py:188} INFO - [2025-08-27T12:13:43.809+0000] {dag.py:3036} INFO - Sync 1 DAGs
[2025-08-27T12:13:43.821+0000] {logging_mixin.py:188} INFO - [2025-08-27T12:13:43.821+0000] {dag.py:3823} INFO - Setting next_dagrun for day7_customer_churn_pipeline to None, run_after=None
[2025-08-27T12:13:43.843+0000] {processor.py:183} INFO - Processing /opt/airflow/dags/customer_churn_pipeline.py took 0.996 seconds
[2025-08-27T12:14:14.341+0000] {processor.py:161} INFO - Started process (PID=673) to work on /opt/airflow/dags/customer_churn_pipeline.py
[2025-08-27T12:14:14.343+0000] {processor.py:830} INFO - Processing file /opt/airflow/dags/customer_churn_pipeline.py for tasks to queue
[2025-08-27T12:14:14.345+0000] {logging_mixin.py:188} INFO - [2025-08-27T12:14:14.345+0000] {dagbag.py:538} INFO - Filling up the DagBag from /opt/airflow/dags/customer_churn_pipeline.py
[2025-08-27T12:14:15.267+0000] {processor.py:840} INFO - DAG(s) 'day7_customer_churn_pipeline' retrieved from /opt/airflow/dags/customer_churn_pipeline.py
[2025-08-27T12:14:15.292+0000] {logging_mixin.py:188} INFO - [2025-08-27T12:14:15.292+0000] {dag.py:3036} INFO - Sync 1 DAGs
[2025-08-27T12:14:15.303+0000] {logging_mixin.py:188} INFO - [2025-08-27T12:14:15.303+0000] {dag.py:3823} INFO - Setting next_dagrun for day7_customer_churn_pipeline to None, run_after=None
[2025-08-27T12:14:15.329+0000] {processor.py:183} INFO - Processing /opt/airflow/dags/customer_churn_pipeline.py took 0.993 seconds
[2025-08-27T12:14:45.832+0000] {processor.py:161} INFO - Started process (PID=692) to work on /opt/airflow/dags/customer_churn_pipeline.py
[2025-08-27T12:14:45.833+0000] {processor.py:830} INFO - Processing file /opt/airflow/dags/customer_churn_pipeline.py for tasks to queue
[2025-08-27T12:14:45.837+0000] {logging_mixin.py:188} INFO - [2025-08-27T12:14:45.836+0000] {dagbag.py:538} INFO - Filling up the DagBag from /opt/airflow/dags/customer_churn_pipeline.py
[2025-08-27T12:14:47.178+0000] {processor.py:840} INFO - DAG(s) 'day7_customer_churn_pipeline' retrieved from /opt/airflow/dags/customer_churn_pipeline.py
[2025-08-27T12:14:47.249+0000] {logging_mixin.py:188} INFO - [2025-08-27T12:14:47.248+0000] {dag.py:3036} INFO - Sync 1 DAGs
[2025-08-27T12:14:47.268+0000] {logging_mixin.py:188} INFO - [2025-08-27T12:14:47.268+0000] {dag.py:3823} INFO - Setting next_dagrun for day7_customer_churn_pipeline to None, run_after=None
[2025-08-27T12:14:47.299+0000] {processor.py:183} INFO - Processing /opt/airflow/dags/customer_churn_pipeline.py took 1.470 seconds
[2025-08-27T12:15:18.262+0000] {processor.py:161} INFO - Started process (PID=711) to work on /opt/airflow/dags/customer_churn_pipeline.py
[2025-08-27T12:15:18.289+0000] {processor.py:830} INFO - Processing file /opt/airflow/dags/customer_churn_pipeline.py for tasks to queue
[2025-08-27T12:15:18.303+0000] {logging_mixin.py:188} INFO - [2025-08-27T12:15:18.302+0000] {dagbag.py:538} INFO - Filling up the DagBag from /opt/airflow/dags/customer_churn_pipeline.py
[2025-08-27T12:15:19.769+0000] {processor.py:840} INFO - DAG(s) 'day7_customer_churn_pipeline' retrieved from /opt/airflow/dags/customer_churn_pipeline.py
[2025-08-27T12:15:19.803+0000] {logging_mixin.py:188} INFO - [2025-08-27T12:15:19.803+0000] {dag.py:3036} INFO - Sync 1 DAGs
[2025-08-27T12:15:19.818+0000] {logging_mixin.py:188} INFO - [2025-08-27T12:15:19.817+0000] {dag.py:3823} INFO - Setting next_dagrun for day7_customer_churn_pipeline to None, run_after=None
[2025-08-27T12:15:19.851+0000] {processor.py:183} INFO - Processing /opt/airflow/dags/customer_churn_pipeline.py took 1.593 seconds
