[2025-08-23T13:19:17.605+0000] {manager.py:469} INFO - Processing files using up to 2 processes at a time 
[2025-08-23T13:19:17.610+0000] {manager.py:470} INFO - Process each file at most once every 30 seconds
[2025-08-23T13:19:17.614+0000] {manager.py:471} INFO - Checking for new files in /opt/airflow/dags every 300 seconds
[2025-08-23T13:19:17.620+0000] {manager.py:738} INFO - Searching for files in /opt/airflow/dags
[2025-08-23T13:19:17.649+0000] {manager.py:741} INFO - There are 0 files in /opt/airflow/dags
[2025-08-23T13:24:18.477+0000] {manager.py:738} INFO - Searching for files in /opt/airflow/dags
[2025-08-23T13:24:18.506+0000] {manager.py:741} INFO - There are 0 files in /opt/airflow/dags
[2025-08-23T13:29:18.759+0000] {manager.py:738} INFO - Searching for files in /opt/airflow/dags
[2025-08-23T13:29:18.778+0000] {manager.py:741} INFO - There are 0 files in /opt/airflow/dags
[2025-08-23T13:34:19.165+0000] {manager.py:738} INFO - Searching for files in /opt/airflow/dags
[2025-08-23T13:34:19.204+0000] {manager.py:741} INFO - There are 0 files in /opt/airflow/dags
[2025-08-23T13:39:19.362+0000] {manager.py:738} INFO - Searching for files in /opt/airflow/dags
[2025-08-23T13:39:19.390+0000] {manager.py:741} INFO - There are 0 files in /opt/airflow/dags
[2025-08-23T13:44:19.715+0000] {manager.py:738} INFO - Searching for files in /opt/airflow/dags
[2025-08-23T13:44:19.772+0000] {manager.py:741} INFO - There are 0 files in /opt/airflow/dags
[2025-08-23T13:49:19.987+0000] {manager.py:738} INFO - Searching for files in /opt/airflow/dags
[2025-08-23T13:49:20.053+0000] {manager.py:741} INFO - There are 0 files in /opt/airflow/dags
[2025-08-23T13:52:24.263+0000] {manager.py:451} INFO - Exiting gracefully upon receiving signal 15
[2025-08-23T13:53:06.059+0000] {manager.py:469} INFO - Processing files using up to 2 processes at a time 
[2025-08-23T13:53:06.060+0000] {manager.py:470} INFO - Process each file at most once every 30 seconds
[2025-08-23T13:53:06.061+0000] {manager.py:471} INFO - Checking for new files in /opt/airflow/dags every 300 seconds
[2025-08-23T13:53:06.062+0000] {manager.py:738} INFO - Searching for files in /opt/airflow/dags
[2025-08-23T13:53:06.089+0000] {manager.py:741} INFO - There are 0 files in /opt/airflow/dags
[2025-08-23T13:58:06.377+0000] {manager.py:738} INFO - Searching for files in /opt/airflow/dags
[2025-08-23T13:58:06.418+0000] {manager.py:741} INFO - There are 0 files in /opt/airflow/dags
[2025-08-23T14:03:06.668+0000] {manager.py:738} INFO - Searching for files in /opt/airflow/dags
[2025-08-23T14:03:06.690+0000] {manager.py:741} INFO - There are 0 files in /opt/airflow/dags
[2025-08-23T14:08:06.969+0000] {manager.py:738} INFO - Searching for files in /opt/airflow/dags
[2025-08-23T14:08:06.995+0000] {manager.py:741} INFO - There are 0 files in /opt/airflow/dags
[2025-08-23T14:13:07.135+0000] {manager.py:738} INFO - Searching for files in /opt/airflow/dags
[2025-08-23T14:13:07.189+0000] {manager.py:741} INFO - There are 0 files in /opt/airflow/dags
[2025-08-23T14:18:07.423+0000] {manager.py:738} INFO - Searching for files in /opt/airflow/dags
[2025-08-23T14:18:07.454+0000] {manager.py:741} INFO - There are 0 files in /opt/airflow/dags
[2025-08-23T21:42:58.006+0000] {manager.py:738} INFO - Searching for files in /opt/airflow/dags
[2025-08-23T21:59:24.545+0000] {manager.py:741} INFO - There are 0 files in /opt/airflow/dags
[2025-08-23T21:59:24.591+0000] {manager.py:738} INFO - Searching for files in /opt/airflow/dags
[2025-08-23T21:59:24.760+0000] {manager.py:741} INFO - There are 0 files in /opt/airflow/dags
[2025-08-24T01:55:03.237+0000] {manager.py:469} INFO - Processing files using up to 2 processes at a time 
[2025-08-24T01:55:03.238+0000] {manager.py:470} INFO - Process each file at most once every 30 seconds
[2025-08-24T01:55:03.239+0000] {manager.py:471} INFO - Checking for new files in /opt/airflow/dags every 300 seconds
[2025-08-24T01:55:03.241+0000] {manager.py:738} INFO - Searching for files in /opt/airflow/dags
[2025-08-24T01:55:03.502+0000] {manager.py:741} INFO - There are 1 files in /opt/airflow/dags
[2025-08-24T01:55:03.677+0000] {manager.py:879} INFO - 
================================================================================
DAG File Processing Stats

File Path                                       PID  Runtime      # DAGs    # Errors  Last Runtime    Last Run
--------------------------------------------  -----  ---------  --------  ----------  --------------  ----------
/opt/airflow/dags/customer_churn_pipeline.py     43  0.08s             0           0
================================================================================
[2025-08-24T01:55:33.965+0000] {manager.py:879} INFO - 
================================================================================
DAG File Processing Stats

File Path                                     PID    Runtime      # DAGs    # Errors  Last Runtime    Last Run
--------------------------------------------  -----  ---------  --------  ----------  --------------  -------------------
/opt/airflow/dags/customer_churn_pipeline.py                           0           1  1.85s           2025-08-24T01:55:05
================================================================================
[2025-08-24T01:56:04.557+0000] {manager.py:879} INFO - 
================================================================================
DAG File Processing Stats

File Path                                     PID    Runtime      # DAGs    # Errors  Last Runtime    Last Run
--------------------------------------------  -----  ---------  --------  ----------  --------------  -------------------
/opt/airflow/dags/customer_churn_pipeline.py                           0           1  0.44s           2025-08-24T01:55:36
================================================================================
[2025-08-24T01:56:34.659+0000] {manager.py:879} INFO - 
================================================================================
DAG File Processing Stats

File Path                                     PID    Runtime      # DAGs    # Errors  Last Runtime    Last Run
--------------------------------------------  -----  ---------  --------  ----------  --------------  -------------------
/opt/airflow/dags/customer_churn_pipeline.py                           0           1  0.67s           2025-08-24T01:56:07
================================================================================
[2025-08-24T01:57:05.475+0000] {manager.py:879} INFO - 
================================================================================
DAG File Processing Stats

File Path                                     PID    Runtime      # DAGs    # Errors  Last Runtime    Last Run
--------------------------------------------  -----  ---------  --------  ----------  --------------  -------------------
/opt/airflow/dags/customer_churn_pipeline.py                           0           1  0.46s           2025-08-24T01:56:38
================================================================================
[2025-08-24T01:57:24.877+0000] {manager.py:451} INFO - Exiting gracefully upon receiving signal 15
[2025-08-24T01:58:04.120+0000] {manager.py:469} INFO - Processing files using up to 2 processes at a time 
[2025-08-24T01:58:04.121+0000] {manager.py:470} INFO - Process each file at most once every 30 seconds
[2025-08-24T01:58:04.122+0000] {manager.py:471} INFO - Checking for new files in /opt/airflow/dags every 300 seconds
[2025-08-24T01:58:04.123+0000] {manager.py:738} INFO - Searching for files in /opt/airflow/dags
[2025-08-24T01:58:04.173+0000] {manager.py:741} INFO - There are 1 files in /opt/airflow/dags
[2025-08-24T01:58:04.365+0000] {manager.py:879} INFO - 
================================================================================
DAG File Processing Stats

File Path                                       PID  Runtime      # DAGs    # Errors  Last Runtime    Last Run
--------------------------------------------  -----  ---------  --------  ----------  --------------  ----------
/opt/airflow/dags/customer_churn_pipeline.py     42  0.09s             0           0
================================================================================
[2025-08-24T01:58:34.826+0000] {manager.py:879} INFO - 
================================================================================
DAG File Processing Stats

File Path                                     PID    Runtime      # DAGs    # Errors  Last Runtime    Last Run
--------------------------------------------  -----  ---------  --------  ----------  --------------  -------------------
/opt/airflow/dags/customer_churn_pipeline.py                           0           1  1.36s           2025-08-24T01:58:05
================================================================================
[2025-08-24T01:59:04.979+0000] {manager.py:879} INFO - 
================================================================================
DAG File Processing Stats

File Path                                     PID    Runtime      # DAGs    # Errors  Last Runtime    Last Run
--------------------------------------------  -----  ---------  --------  ----------  --------------  -------------------
/opt/airflow/dags/customer_churn_pipeline.py                           0           1  0.71s           2025-08-24T01:58:36
================================================================================
[2025-08-24T01:59:35.009+0000] {manager.py:879} INFO - 
================================================================================
DAG File Processing Stats

File Path                                     PID    Runtime      # DAGs    # Errors  Last Runtime    Last Run
--------------------------------------------  -----  ---------  --------  ----------  --------------  -------------------
/opt/airflow/dags/customer_churn_pipeline.py                           0           1  0.69s           2025-08-24T01:59:07
================================================================================
[2025-08-24T02:00:05.523+0000] {manager.py:879} INFO - 
================================================================================
DAG File Processing Stats

File Path                                     PID    Runtime      # DAGs    # Errors  Last Runtime    Last Run
--------------------------------------------  -----  ---------  --------  ----------  --------------  -------------------
/opt/airflow/dags/customer_churn_pipeline.py                           0           1  0.51s           2025-08-24T01:59:38
================================================================================
[2025-08-24T02:00:35.836+0000] {manager.py:879} INFO - 
================================================================================
DAG File Processing Stats

File Path                                     PID    Runtime      # DAGs    # Errors  Last Runtime    Last Run
--------------------------------------------  -----  ---------  --------  ----------  --------------  -------------------
/opt/airflow/dags/customer_churn_pipeline.py                           0           1  0.42s           2025-08-24T02:00:09
================================================================================
[2025-08-24T02:01:06.364+0000] {manager.py:879} INFO - 
================================================================================
DAG File Processing Stats

File Path                                     PID    Runtime      # DAGs    # Errors  Last Runtime    Last Run
--------------------------------------------  -----  ---------  --------  ----------  --------------  -------------------
/opt/airflow/dags/customer_churn_pipeline.py                           0           1  0.36s           2025-08-24T02:00:40
================================================================================
[2025-08-24T02:01:36.645+0000] {manager.py:879} INFO - 
================================================================================
DAG File Processing Stats

File Path                                     PID    Runtime      # DAGs    # Errors  Last Runtime    Last Run
--------------------------------------------  -----  ---------  --------  ----------  --------------  -------------------
/opt/airflow/dags/customer_churn_pipeline.py                           0           1  0.86s           2025-08-24T02:01:11
================================================================================
[2025-08-24T02:02:07.183+0000] {manager.py:879} INFO - 
================================================================================
DAG File Processing Stats

File Path                                     PID    Runtime      # DAGs    # Errors  Last Runtime    Last Run
--------------------------------------------  -----  ---------  --------  ----------  --------------  -------------------
/opt/airflow/dags/customer_churn_pipeline.py                           0           1  1.18s           2025-08-24T02:01:42
================================================================================
[2025-08-24T02:02:37.821+0000] {manager.py:879} INFO - 
================================================================================
DAG File Processing Stats

File Path                                     PID    Runtime      # DAGs    # Errors  Last Runtime    Last Run
--------------------------------------------  -----  ---------  --------  ----------  --------------  -------------------
/opt/airflow/dags/customer_churn_pipeline.py                           0           1  0.38s           2025-08-24T02:02:13
================================================================================
[2025-08-24T02:03:04.463+0000] {manager.py:738} INFO - Searching for files in /opt/airflow/dags
[2025-08-24T02:03:05.043+0000] {manager.py:741} INFO - There are 1 files in /opt/airflow/dags
[2025-08-24T02:03:08.162+0000] {manager.py:879} INFO - 
================================================================================
DAG File Processing Stats

File Path                                     PID    Runtime      # DAGs    # Errors  Last Runtime    Last Run
--------------------------------------------  -----  ---------  --------  ----------  --------------  -------------------
/opt/airflow/dags/customer_churn_pipeline.py                           0           1  0.62s           2025-08-24T02:02:44
================================================================================
[2025-08-24T02:03:38.351+0000] {manager.py:879} INFO - 
================================================================================
DAG File Processing Stats

File Path                                     PID    Runtime      # DAGs    # Errors  Last Runtime    Last Run
--------------------------------------------  -----  ---------  --------  ----------  --------------  -------------------
/opt/airflow/dags/customer_churn_pipeline.py                           0           1  0.67s           2025-08-24T02:03:15
================================================================================
[2025-08-24T02:04:09.176+0000] {manager.py:879} INFO - 
================================================================================
DAG File Processing Stats

File Path                                     PID    Runtime      # DAGs    # Errors  Last Runtime    Last Run
--------------------------------------------  -----  ---------  --------  ----------  --------------  -------------------
/opt/airflow/dags/customer_churn_pipeline.py                           0           1  0.57s           2025-08-24T02:03:47
================================================================================
[2025-08-24T02:04:39.647+0000] {manager.py:879} INFO - 
================================================================================
DAG File Processing Stats

File Path                                     PID    Runtime      # DAGs    # Errors  Last Runtime    Last Run
--------------------------------------------  -----  ---------  --------  ----------  --------------  -------------------
/opt/airflow/dags/customer_churn_pipeline.py                           0           1  0.46s           2025-08-24T02:04:17
================================================================================
[2025-08-24T02:05:10.181+0000] {manager.py:879} INFO - 
================================================================================
DAG File Processing Stats

File Path                                     PID    Runtime      # DAGs    # Errors  Last Runtime    Last Run
--------------------------------------------  -----  ---------  --------  ----------  --------------  -------------------
/opt/airflow/dags/customer_churn_pipeline.py                           0           1  1.04s           2025-08-24T02:04:49
================================================================================
[2025-08-24T02:05:40.168+0000] {manager.py:879} INFO - 
================================================================================
DAG File Processing Stats

File Path                                     PID    Runtime      # DAGs    # Errors  Last Runtime    Last Run
--------------------------------------------  -----  ---------  --------  ----------  --------------  -------------------
/opt/airflow/dags/customer_churn_pipeline.py                           0           1  0.76s           2025-08-24T02:05:20
================================================================================
[2025-08-24T02:06:10.545+0000] {manager.py:879} INFO - 
================================================================================
DAG File Processing Stats

File Path                                     PID    Runtime      # DAGs    # Errors  Last Runtime    Last Run
--------------------------------------------  -----  ---------  --------  ----------  --------------  -------------------
/opt/airflow/dags/customer_churn_pipeline.py                           0           1  1.01s           2025-08-24T02:05:51
================================================================================
[2025-08-24T02:06:41.107+0000] {manager.py:879} INFO - 
================================================================================
DAG File Processing Stats

File Path                                     PID    Runtime      # DAGs    # Errors  Last Runtime    Last Run
--------------------------------------------  -----  ---------  --------  ----------  --------------  -------------------
/opt/airflow/dags/customer_churn_pipeline.py                           0           1  0.60s           2025-08-24T02:06:22
================================================================================
[2025-08-24T02:07:11.606+0000] {manager.py:879} INFO - 
================================================================================
DAG File Processing Stats

File Path                                     PID    Runtime      # DAGs    # Errors  Last Runtime    Last Run
--------------------------------------------  -----  ---------  --------  ----------  --------------  -------------------
/opt/airflow/dags/customer_churn_pipeline.py                           0           1  0.53s           2025-08-24T02:06:52
================================================================================
[2025-08-24T02:07:41.662+0000] {manager.py:879} INFO - 
================================================================================
DAG File Processing Stats

File Path                                     PID    Runtime      # DAGs    # Errors  Last Runtime    Last Run
--------------------------------------------  -----  ---------  --------  ----------  --------------  -------------------
/opt/airflow/dags/customer_churn_pipeline.py                           0           1  0.41s           2025-08-24T02:07:23
================================================================================
[2025-08-24T02:08:04.508+0000] {manager.py:738} INFO - Searching for files in /opt/airflow/dags
[2025-08-24T02:08:04.602+0000] {manager.py:741} INFO - There are 1 files in /opt/airflow/dags
[2025-08-24T02:08:11.694+0000] {manager.py:879} INFO - 
================================================================================
DAG File Processing Stats

File Path                                     PID    Runtime      # DAGs    # Errors  Last Runtime    Last Run
--------------------------------------------  -----  ---------  --------  ----------  --------------  -------------------
/opt/airflow/dags/customer_churn_pipeline.py                           0           1  0.77s           2025-08-24T02:07:54
================================================================================
[2025-08-24T02:08:41.779+0000] {manager.py:879} INFO - 
================================================================================
DAG File Processing Stats

File Path                                     PID    Runtime      # DAGs    # Errors  Last Runtime    Last Run
--------------------------------------------  -----  ---------  --------  ----------  --------------  -------------------
/opt/airflow/dags/customer_churn_pipeline.py                           0           1  0.65s           2025-08-24T02:08:25
================================================================================
[2025-08-24T02:09:12.065+0000] {manager.py:879} INFO - 
================================================================================
DAG File Processing Stats

File Path                                     PID    Runtime      # DAGs    # Errors  Last Runtime    Last Run
--------------------------------------------  -----  ---------  --------  ----------  --------------  -------------------
/opt/airflow/dags/customer_churn_pipeline.py                           0           1  0.53s           2025-08-24T02:08:56
================================================================================
[2025-08-24T02:09:42.015+0000] {manager.py:879} INFO - 
================================================================================
DAG File Processing Stats

File Path                                     PID    Runtime      # DAGs    # Errors  Last Runtime    Last Run
--------------------------------------------  -----  ---------  --------  ----------  --------------  -------------------
/opt/airflow/dags/customer_churn_pipeline.py                           0           1  0.41s           2025-08-24T02:09:27
================================================================================
[2025-08-24T02:10:12.323+0000] {manager.py:879} INFO - 
================================================================================
DAG File Processing Stats

File Path                                     PID    Runtime      # DAGs    # Errors  Last Runtime    Last Run
--------------------------------------------  -----  ---------  --------  ----------  --------------  -------------------
/opt/airflow/dags/customer_churn_pipeline.py                           0           1  0.59s           2025-08-24T02:09:59
================================================================================
[2025-08-24T02:10:42.874+0000] {manager.py:879} INFO - 
================================================================================
DAG File Processing Stats

File Path                                     PID    Runtime      # DAGs    # Errors  Last Runtime    Last Run
--------------------------------------------  -----  ---------  --------  ----------  --------------  -------------------
/opt/airflow/dags/customer_churn_pipeline.py                           0           1  1.13s           2025-08-24T02:10:30
================================================================================
[2025-08-24T02:11:13.190+0000] {manager.py:879} INFO - 
================================================================================
DAG File Processing Stats

File Path                                     PID    Runtime      # DAGs    # Errors  Last Runtime    Last Run
--------------------------------------------  -----  ---------  --------  ----------  --------------  -------------------
/opt/airflow/dags/customer_churn_pipeline.py                           0           1  0.80s           2025-08-24T02:11:01
================================================================================
[2025-08-24T02:11:43.370+0000] {manager.py:879} INFO - 
================================================================================
DAG File Processing Stats

File Path                                     PID    Runtime      # DAGs    # Errors  Last Runtime    Last Run
--------------------------------------------  -----  ---------  --------  ----------  --------------  -------------------
/opt/airflow/dags/customer_churn_pipeline.py                           0           1  0.42s           2025-08-24T02:11:33
================================================================================
[2025-08-24T02:12:13.722+0000] {manager.py:879} INFO - 
================================================================================
DAG File Processing Stats

File Path                                     PID    Runtime      # DAGs    # Errors  Last Runtime    Last Run
--------------------------------------------  -----  ---------  --------  ----------  --------------  -------------------
/opt/airflow/dags/customer_churn_pipeline.py                           0           1  0.53s           2025-08-24T02:12:03
================================================================================
[2025-08-24T02:12:43.946+0000] {manager.py:879} INFO - 
================================================================================
DAG File Processing Stats

File Path                                     PID    Runtime      # DAGs    # Errors  Last Runtime    Last Run
--------------------------------------------  -----  ---------  --------  ----------  --------------  -------------------
/opt/airflow/dags/customer_churn_pipeline.py                           0           1  0.63s           2025-08-24T02:12:34
================================================================================
[2025-08-24T02:13:04.509+0000] {manager.py:738} INFO - Searching for files in /opt/airflow/dags
[2025-08-24T02:13:04.616+0000] {manager.py:741} INFO - There are 1 files in /opt/airflow/dags
[2025-08-24T02:13:14.063+0000] {manager.py:879} INFO - 
================================================================================
DAG File Processing Stats

File Path                                     PID    Runtime      # DAGs    # Errors  Last Runtime    Last Run
--------------------------------------------  -----  ---------  --------  ----------  --------------  -------------------
/opt/airflow/dags/customer_churn_pipeline.py                           0           1  0.61s           2025-08-24T02:13:05
================================================================================
[2025-08-24T02:13:44.386+0000] {manager.py:879} INFO - 
================================================================================
DAG File Processing Stats

File Path                                     PID    Runtime      # DAGs    # Errors  Last Runtime    Last Run
--------------------------------------------  -----  ---------  --------  ----------  --------------  -------------------
/opt/airflow/dags/customer_churn_pipeline.py                           0           1  0.49s           2025-08-24T02:13:36
================================================================================
[2025-08-24T02:14:14.672+0000] {manager.py:879} INFO - 
================================================================================
DAG File Processing Stats

File Path                                     PID    Runtime      # DAGs    # Errors  Last Runtime    Last Run
--------------------------------------------  -----  ---------  --------  ----------  --------------  -------------------
/opt/airflow/dags/customer_churn_pipeline.py                           0           1  0.43s           2025-08-24T02:14:07
================================================================================
[2025-08-24T02:14:45.155+0000] {manager.py:879} INFO - 
================================================================================
DAG File Processing Stats

File Path                                     PID    Runtime      # DAGs    # Errors  Last Runtime    Last Run
--------------------------------------------  -----  ---------  --------  ----------  --------------  -------------------
/opt/airflow/dags/customer_churn_pipeline.py                           0           1  0.39s           2025-08-24T02:14:38
================================================================================
[2025-08-24T02:15:15.697+0000] {manager.py:879} INFO - 
================================================================================
DAG File Processing Stats

File Path                                     PID    Runtime      # DAGs    # Errors  Last Runtime    Last Run
--------------------------------------------  -----  ---------  --------  ----------  --------------  -------------------
/opt/airflow/dags/customer_churn_pipeline.py                           0           1  0.56s           2025-08-24T02:15:08
================================================================================
[2025-08-24T02:15:46.145+0000] {manager.py:879} INFO - 
================================================================================
DAG File Processing Stats

File Path                                     PID    Runtime      # DAGs    # Errors  Last Runtime    Last Run
--------------------------------------------  -----  ---------  --------  ----------  --------------  -------------------
/opt/airflow/dags/customer_churn_pipeline.py                           0           1  0.78s           2025-08-24T02:15:40
================================================================================
[2025-08-24T02:16:16.280+0000] {manager.py:879} INFO - 
================================================================================
DAG File Processing Stats

File Path                                     PID    Runtime      # DAGs    # Errors  Last Runtime    Last Run
--------------------------------------------  -----  ---------  --------  ----------  --------------  -------------------
/opt/airflow/dags/customer_churn_pipeline.py                           0           1  0.72s           2025-08-24T02:16:11
================================================================================
[2025-08-24T02:16:46.640+0000] {manager.py:879} INFO - 
================================================================================
DAG File Processing Stats

File Path                                     PID    Runtime      # DAGs    # Errors  Last Runtime    Last Run
--------------------------------------------  -----  ---------  --------  ----------  --------------  -------------------
/opt/airflow/dags/customer_churn_pipeline.py                           0           1  0.34s           2025-08-24T02:16:41
================================================================================
[2025-08-24T02:17:16.676+0000] {manager.py:879} INFO - 
================================================================================
DAG File Processing Stats

File Path                                     PID    Runtime      # DAGs    # Errors  Last Runtime    Last Run
--------------------------------------------  -----  ---------  --------  ----------  --------------  -------------------
/opt/airflow/dags/customer_churn_pipeline.py                           0           1  0.56s           2025-08-24T02:17:12
================================================================================
[2025-08-24T02:17:46.656+0000] {manager.py:879} INFO - 
================================================================================
DAG File Processing Stats

File Path                                     PID    Runtime      # DAGs    # Errors  Last Runtime    Last Run
--------------------------------------------  -----  ---------  --------  ----------  --------------  -------------------
/opt/airflow/dags/customer_churn_pipeline.py                           0           1  0.60s           2025-08-24T02:17:43
================================================================================
[2025-08-24T02:18:04.827+0000] {manager.py:738} INFO - Searching for files in /opt/airflow/dags
[2025-08-24T02:18:04.924+0000] {manager.py:741} INFO - There are 1 files in /opt/airflow/dags
[2025-08-24T02:18:16.980+0000] {manager.py:879} INFO - 
================================================================================
DAG File Processing Stats

File Path                                     PID    Runtime      # DAGs    # Errors  Last Runtime    Last Run
--------------------------------------------  -----  ---------  --------  ----------  --------------  -------------------
/opt/airflow/dags/customer_churn_pipeline.py                           0           1  0.54s           2025-08-24T02:18:14
================================================================================
[2025-08-24T02:18:47.472+0000] {manager.py:879} INFO - 
================================================================================
DAG File Processing Stats

File Path                                     PID    Runtime      # DAGs    # Errors  Last Runtime    Last Run
--------------------------------------------  -----  ---------  --------  ----------  --------------  -------------------
/opt/airflow/dags/customer_churn_pipeline.py                           0           1  1.02s           2025-08-24T02:18:46
================================================================================
[2025-08-24T02:19:17.790+0000] {manager.py:879} INFO - 
================================================================================
DAG File Processing Stats

File Path                                     PID    Runtime      # DAGs    # Errors  Last Runtime    Last Run
--------------------------------------------  -----  ---------  --------  ----------  --------------  -------------------
/opt/airflow/dags/customer_churn_pipeline.py                           0           1  0.43s           2025-08-24T02:19:17
================================================================================
[2025-08-24T02:19:48.129+0000] {manager.py:879} INFO - 
================================================================================
DAG File Processing Stats

File Path                                       PID  Runtime      # DAGs    # Errors  Last Runtime    Last Run
--------------------------------------------  -----  ---------  --------  ----------  --------------  -------------------
/opt/airflow/dags/customer_churn_pipeline.py    126  0.01s             0           1  0.43s           2025-08-24T02:19:17
================================================================================
[2025-08-24T02:20:18.217+0000] {manager.py:879} INFO - 
================================================================================
DAG File Processing Stats

File Path                                     PID    Runtime      # DAGs    # Errors  Last Runtime    Last Run
--------------------------------------------  -----  ---------  --------  ----------  --------------  -------------------
/opt/airflow/dags/customer_churn_pipeline.py                           0           1  0.84s           2025-08-24T02:19:48
================================================================================
[2025-08-24T02:20:44.783+0000] {manager.py:451} INFO - Exiting gracefully upon receiving signal 15
[2025-08-24T02:22:04.636+0000] {manager.py:469} INFO - Processing files using up to 2 processes at a time 
[2025-08-24T02:22:04.637+0000] {manager.py:470} INFO - Process each file at most once every 30 seconds
[2025-08-24T02:22:04.638+0000] {manager.py:471} INFO - Checking for new files in /opt/airflow/dags every 300 seconds
[2025-08-24T02:22:04.638+0000] {manager.py:738} INFO - Searching for files in /opt/airflow/dags
[2025-08-24T02:22:04.713+0000] {manager.py:741} INFO - There are 1 files in /opt/airflow/dags
[2025-08-24T02:22:04.818+0000] {manager.py:879} INFO - 
================================================================================
DAG File Processing Stats

File Path                                       PID  Runtime      # DAGs    # Errors  Last Runtime    Last Run
--------------------------------------------  -----  ---------  --------  ----------  --------------  ----------
/opt/airflow/dags/customer_churn_pipeline.py     65  0.06s             0           0
================================================================================
[2025-08-24T02:22:35.374+0000] {manager.py:879} INFO - 
================================================================================
DAG File Processing Stats

File Path                                     PID    Runtime      # DAGs    # Errors  Last Runtime    Last Run
--------------------------------------------  -----  ---------  --------  ----------  --------------  -------------------
/opt/airflow/dags/customer_churn_pipeline.py                           1           0  3.29s           2025-08-24T02:22:08
================================================================================
[2025-08-24T02:23:05.811+0000] {manager.py:879} INFO - 
================================================================================
DAG File Processing Stats

File Path                                     PID    Runtime      # DAGs    # Errors  Last Runtime    Last Run
--------------------------------------------  -----  ---------  --------  ----------  --------------  -------------------
/opt/airflow/dags/customer_churn_pipeline.py                           1           0  2.13s           2025-08-24T02:22:40
================================================================================
[2025-08-24T02:23:36.491+0000] {manager.py:879} INFO - 
================================================================================
DAG File Processing Stats

File Path                                     PID    Runtime      # DAGs    # Errors  Last Runtime    Last Run
--------------------------------------------  -----  ---------  --------  ----------  --------------  -------------------
/opt/airflow/dags/customer_churn_pipeline.py                           1           0  1.16s           2025-08-24T02:23:12
================================================================================
[2025-08-24T02:24:07.092+0000] {manager.py:879} INFO - 
================================================================================
DAG File Processing Stats

File Path                                     PID    Runtime      # DAGs    # Errors  Last Runtime    Last Run
--------------------------------------------  -----  ---------  --------  ----------  --------------  -------------------
/opt/airflow/dags/customer_churn_pipeline.py                           1           0  1.33s           2025-08-24T02:23:43
================================================================================
[2025-08-24T02:24:37.481+0000] {manager.py:879} INFO - 
================================================================================
DAG File Processing Stats

File Path                                     PID    Runtime      # DAGs    # Errors  Last Runtime    Last Run
--------------------------------------------  -----  ---------  --------  ----------  --------------  -------------------
/opt/airflow/dags/customer_churn_pipeline.py                           1           0  1.08s           2025-08-24T02:24:15
================================================================================
[2025-08-24T02:25:07.497+0000] {manager.py:879} INFO - 
================================================================================
DAG File Processing Stats

File Path                                     PID    Runtime      # DAGs    # Errors  Last Runtime    Last Run
--------------------------------------------  -----  ---------  --------  ----------  --------------  -------------------
/opt/airflow/dags/customer_churn_pipeline.py                           1           0  1.36s           2025-08-24T02:24:47
================================================================================
[2025-08-24T02:25:37.937+0000] {manager.py:879} INFO - 
================================================================================
DAG File Processing Stats

File Path                                     PID    Runtime      # DAGs    # Errors  Last Runtime    Last Run
--------------------------------------------  -----  ---------  --------  ----------  --------------  -------------------
/opt/airflow/dags/customer_churn_pipeline.py                           1           0  1.15s           2025-08-24T02:25:18
================================================================================
[2025-08-24T02:26:08.306+0000] {manager.py:879} INFO - 
================================================================================
DAG File Processing Stats

File Path                                     PID    Runtime      # DAGs    # Errors  Last Runtime    Last Run
--------------------------------------------  -----  ---------  --------  ----------  --------------  -------------------
/opt/airflow/dags/customer_churn_pipeline.py                           1           0  1.12s           2025-08-24T02:25:50
================================================================================
[2025-08-24T02:26:39.082+0000] {manager.py:879} INFO - 
================================================================================
DAG File Processing Stats

File Path                                     PID    Runtime      # DAGs    # Errors  Last Runtime    Last Run
--------------------------------------------  -----  ---------  --------  ----------  --------------  -------------------
/opt/airflow/dags/customer_churn_pipeline.py                           1           0  1.22s           2025-08-24T02:26:21
================================================================================
[2025-08-24T02:27:04.650+0000] {manager.py:738} INFO - Searching for files in /opt/airflow/dags
[2025-08-24T02:27:04.765+0000] {manager.py:741} INFO - There are 1 files in /opt/airflow/dags
[2025-08-24T02:27:09.933+0000] {manager.py:879} INFO - 
================================================================================
DAG File Processing Stats

File Path                                     PID    Runtime      # DAGs    # Errors  Last Runtime    Last Run
--------------------------------------------  -----  ---------  --------  ----------  --------------  -------------------
/opt/airflow/dags/customer_churn_pipeline.py                           1           0  1.29s           2025-08-24T02:26:53
================================================================================
[2025-08-24T02:27:40.538+0000] {manager.py:879} INFO - 
================================================================================
DAG File Processing Stats

File Path                                     PID    Runtime      # DAGs    # Errors  Last Runtime    Last Run
--------------------------------------------  -----  ---------  --------  ----------  --------------  -------------------
/opt/airflow/dags/customer_churn_pipeline.py                           1           0  1.11s           2025-08-24T02:27:25
================================================================================
[2025-08-24T02:28:11.014+0000] {manager.py:879} INFO - 
================================================================================
DAG File Processing Stats

File Path                                     PID    Runtime      # DAGs    # Errors  Last Runtime    Last Run
--------------------------------------------  -----  ---------  --------  ----------  --------------  -------------------
/opt/airflow/dags/customer_churn_pipeline.py                           1           0  1.11s           2025-08-24T02:27:56
================================================================================
[2025-08-24T02:28:41.536+0000] {manager.py:879} INFO - 
================================================================================
DAG File Processing Stats

File Path                                     PID    Runtime      # DAGs    # Errors  Last Runtime    Last Run
--------------------------------------------  -----  ---------  --------  ----------  --------------  -------------------
/opt/airflow/dags/customer_churn_pipeline.py                           1           0  0.97s           2025-08-24T02:28:28
================================================================================
[2025-08-24T02:29:11.966+0000] {manager.py:879} INFO - 
================================================================================
DAG File Processing Stats

File Path                                     PID    Runtime      # DAGs    # Errors  Last Runtime    Last Run
--------------------------------------------  -----  ---------  --------  ----------  --------------  -------------------
/opt/airflow/dags/customer_churn_pipeline.py                           1           0  1.23s           2025-08-24T02:28:59
================================================================================
[2025-08-24T02:29:42.689+0000] {manager.py:879} INFO - 
================================================================================
DAG File Processing Stats

File Path                                     PID    Runtime      # DAGs    # Errors  Last Runtime    Last Run
--------------------------------------------  -----  ---------  --------  ----------  --------------  -------------------
/opt/airflow/dags/customer_churn_pipeline.py                           1           0  1.15s           2025-08-24T02:29:31
================================================================================
[2025-08-24T02:30:13.341+0000] {manager.py:879} INFO - 
================================================================================
DAG File Processing Stats

File Path                                     PID    Runtime      # DAGs    # Errors  Last Runtime    Last Run
--------------------------------------------  -----  ---------  --------  ----------  --------------  -------------------
/opt/airflow/dags/customer_churn_pipeline.py                           1           0  1.02s           2025-08-24T02:30:03
================================================================================
[2025-08-24T02:30:43.622+0000] {manager.py:879} INFO - 
================================================================================
DAG File Processing Stats

File Path                                     PID    Runtime      # DAGs    # Errors  Last Runtime    Last Run
--------------------------------------------  -----  ---------  --------  ----------  --------------  -------------------
/opt/airflow/dags/customer_churn_pipeline.py                           1           0  1.36s           2025-08-24T02:30:34
================================================================================
[2025-08-24T02:31:14.315+0000] {manager.py:879} INFO - 
================================================================================
DAG File Processing Stats

File Path                                     PID    Runtime      # DAGs    # Errors  Last Runtime    Last Run
--------------------------------------------  -----  ---------  --------  ----------  --------------  -------------------
/opt/airflow/dags/customer_churn_pipeline.py                           1           0  1.01s           2025-08-24T02:31:05
================================================================================
[2025-08-24T02:31:44.752+0000] {manager.py:879} INFO - 
================================================================================
DAG File Processing Stats

File Path                                     PID    Runtime      # DAGs    # Errors  Last Runtime    Last Run
--------------------------------------------  -----  ---------  --------  ----------  --------------  -------------------
/opt/airflow/dags/customer_churn_pipeline.py                           1           0  1.12s           2025-08-24T02:31:37
================================================================================
[2025-08-24T02:32:05.038+0000] {manager.py:738} INFO - Searching for files in /opt/airflow/dags
[2025-08-24T02:32:05.556+0000] {manager.py:741} INFO - There are 1 files in /opt/airflow/dags
[2025-08-24T02:32:14.962+0000] {manager.py:879} INFO - 
================================================================================
DAG File Processing Stats

File Path                                     PID    Runtime      # DAGs    # Errors  Last Runtime    Last Run
--------------------------------------------  -----  ---------  --------  ----------  --------------  -------------------
/opt/airflow/dags/customer_churn_pipeline.py                           1           0  1.45s           2025-08-24T02:32:10
================================================================================
[2025-08-24T02:32:44.977+0000] {manager.py:879} INFO - 
================================================================================
DAG File Processing Stats

File Path                                     PID    Runtime      # DAGs    # Errors  Last Runtime    Last Run
--------------------------------------------  -----  ---------  --------  ----------  --------------  -------------------
/opt/airflow/dags/customer_churn_pipeline.py                           1           0  1.20s           2025-08-24T02:32:41
================================================================================
[2025-08-24T02:33:15.349+0000] {manager.py:879} INFO - 
================================================================================
DAG File Processing Stats

File Path                                     PID    Runtime      # DAGs    # Errors  Last Runtime    Last Run
--------------------------------------------  -----  ---------  --------  ----------  --------------  -------------------
/opt/airflow/dags/customer_churn_pipeline.py                           1           0  1.37s           2025-08-24T02:33:13
================================================================================
[2025-08-24T02:33:45.887+0000] {manager.py:879} INFO - 
================================================================================
DAG File Processing Stats

File Path                                     PID    Runtime      # DAGs    # Errors  Last Runtime    Last Run
--------------------------------------------  -----  ---------  --------  ----------  --------------  -------------------
/opt/airflow/dags/customer_churn_pipeline.py                           1           0  1.27s           2025-08-24T02:33:45
================================================================================
[2025-08-24T02:34:16.348+0000] {manager.py:879} INFO - 
================================================================================
DAG File Processing Stats

File Path                                       PID  Runtime      # DAGs    # Errors  Last Runtime    Last Run
--------------------------------------------  -----  ---------  --------  ----------  --------------  -------------------
/opt/airflow/dags/customer_churn_pipeline.py    502  1.06s             1           0  1.27s           2025-08-24T02:33:45
================================================================================
[2025-08-24T02:34:46.982+0000] {manager.py:879} INFO - 
================================================================================
DAG File Processing Stats

File Path                                       PID  Runtime      # DAGs    # Errors  Last Runtime    Last Run
--------------------------------------------  -----  ---------  --------  ----------  --------------  -------------------
/opt/airflow/dags/customer_churn_pipeline.py    521  0.01s             1           0  1.28s           2025-08-24T02:34:16
================================================================================
[2025-08-24T02:35:17.546+0000] {manager.py:879} INFO - 
================================================================================
DAG File Processing Stats

File Path                                     PID    Runtime      # DAGs    # Errors  Last Runtime    Last Run
--------------------------------------------  -----  ---------  --------  ----------  --------------  -------------------
/opt/airflow/dags/customer_churn_pipeline.py                           1           0  1.17s           2025-08-24T02:34:48
================================================================================
[2025-08-24T02:35:48.125+0000] {manager.py:879} INFO - 
================================================================================
DAG File Processing Stats

File Path                                     PID    Runtime      # DAGs    # Errors  Last Runtime    Last Run
--------------------------------------------  -----  ---------  --------  ----------  --------------  -------------------
/opt/airflow/dags/customer_churn_pipeline.py                           1           0  1.34s           2025-08-24T02:35:19
================================================================================
[2025-08-24T02:36:18.807+0000] {manager.py:879} INFO - 
================================================================================
DAG File Processing Stats

File Path                                     PID    Runtime      # DAGs    # Errors  Last Runtime    Last Run
--------------------------------------------  -----  ---------  --------  ----------  --------------  -------------------
/opt/airflow/dags/customer_churn_pipeline.py                           1           0  1.33s           2025-08-24T02:35:51
================================================================================
[2025-08-24T02:36:49.267+0000] {manager.py:879} INFO - 
================================================================================
DAG File Processing Stats

File Path                                     PID    Runtime      # DAGs    # Errors  Last Runtime    Last Run
--------------------------------------------  -----  ---------  --------  ----------  --------------  -------------------
/opt/airflow/dags/customer_churn_pipeline.py                           1           0  1.23s           2025-08-24T02:36:23
================================================================================
[2025-08-24T02:37:05.108+0000] {manager.py:738} INFO - Searching for files in /opt/airflow/dags
[2025-08-24T02:37:05.234+0000] {manager.py:741} INFO - There are 1 files in /opt/airflow/dags
[2025-08-24T02:37:19.668+0000] {manager.py:879} INFO - 
================================================================================
DAG File Processing Stats

File Path                                     PID    Runtime      # DAGs    # Errors  Last Runtime    Last Run
--------------------------------------------  -----  ---------  --------  ----------  --------------  -------------------
/opt/airflow/dags/customer_churn_pipeline.py                           1           0  1.65s           2025-08-24T02:36:55
================================================================================
[2025-08-24T02:37:50.218+0000] {manager.py:879} INFO - 
================================================================================
DAG File Processing Stats

File Path                                     PID    Runtime      # DAGs    # Errors  Last Runtime    Last Run
--------------------------------------------  -----  ---------  --------  ----------  --------------  -------------------
/opt/airflow/dags/customer_churn_pipeline.py                           1           0  1.36s           2025-08-24T02:37:27
================================================================================
[2025-08-24T02:38:20.676+0000] {manager.py:879} INFO - 
================================================================================
DAG File Processing Stats

File Path                                     PID    Runtime      # DAGs    # Errors  Last Runtime    Last Run
--------------------------------------------  -----  ---------  --------  ----------  --------------  -------------------
/opt/airflow/dags/customer_churn_pipeline.py                           1           0  1.15s           2025-08-24T02:37:58
================================================================================
[2025-08-24T02:38:51.208+0000] {manager.py:879} INFO - 
================================================================================
DAG File Processing Stats

File Path                                     PID    Runtime      # DAGs    # Errors  Last Runtime    Last Run
--------------------------------------------  -----  ---------  --------  ----------  --------------  -------------------
/opt/airflow/dags/customer_churn_pipeline.py                           1           0  1.09s           2025-08-24T02:38:29
================================================================================
[2025-08-24T02:39:21.745+0000] {manager.py:879} INFO - 
================================================================================
DAG File Processing Stats

File Path                                     PID    Runtime      # DAGs    # Errors  Last Runtime    Last Run
--------------------------------------------  -----  ---------  --------  ----------  --------------  -------------------
/opt/airflow/dags/customer_churn_pipeline.py                           1           0  1.32s           2025-08-24T02:39:01
================================================================================
[2025-08-24T02:39:52.243+0000] {manager.py:879} INFO - 
================================================================================
DAG File Processing Stats

File Path                                     PID    Runtime      # DAGs    # Errors  Last Runtime    Last Run
--------------------------------------------  -----  ---------  --------  ----------  --------------  -------------------
/opt/airflow/dags/customer_churn_pipeline.py                           1           0  1.23s           2025-08-24T02:39:33
================================================================================
[2025-08-24T02:40:22.568+0000] {manager.py:879} INFO - 
================================================================================
DAG File Processing Stats

File Path                                     PID    Runtime      # DAGs    # Errors  Last Runtime    Last Run
--------------------------------------------  -----  ---------  --------  ----------  --------------  -------------------
/opt/airflow/dags/customer_churn_pipeline.py                           1           0  1.04s           2025-08-24T02:40:04
================================================================================
[2025-08-24T02:40:52.934+0000] {manager.py:879} INFO - 
================================================================================
DAG File Processing Stats

File Path                                     PID    Runtime      # DAGs    # Errors  Last Runtime    Last Run
--------------------------------------------  -----  ---------  --------  ----------  --------------  -------------------
/opt/airflow/dags/customer_churn_pipeline.py                           1           0  1.35s           2025-08-24T02:40:36
================================================================================
[2025-08-24T02:41:23.190+0000] {manager.py:879} INFO - 
================================================================================
DAG File Processing Stats

File Path                                     PID    Runtime      # DAGs    # Errors  Last Runtime    Last Run
--------------------------------------------  -----  ---------  --------  ----------  --------------  -------------------
/opt/airflow/dags/customer_churn_pipeline.py                           1           0  1.58s           2025-08-24T02:41:00
================================================================================
[2025-08-24T02:41:53.592+0000] {manager.py:879} INFO - 
================================================================================
DAG File Processing Stats

File Path                                     PID    Runtime      # DAGs    # Errors  Last Runtime    Last Run
--------------------------------------------  -----  ---------  --------  ----------  --------------  -------------------
/opt/airflow/dags/customer_churn_pipeline.py                           1           0  1.22s           2025-08-24T02:41:31
================================================================================
[2025-08-24T02:42:05.690+0000] {manager.py:738} INFO - Searching for files in /opt/airflow/dags
[2025-08-24T02:42:06.084+0000] {manager.py:741} INFO - There are 1 files in /opt/airflow/dags
[2025-08-24T02:42:23.526+0000] {manager.py:879} INFO - 
================================================================================
DAG File Processing Stats

File Path                                     PID    Runtime      # DAGs    # Errors  Last Runtime    Last Run
--------------------------------------------  -----  ---------  --------  ----------  --------------  -------------------
/opt/airflow/dags/customer_churn_pipeline.py                           1           0  1.34s           2025-08-24T02:42:03
================================================================================
[2025-08-24T02:42:53.976+0000] {manager.py:879} INFO - 
================================================================================
DAG File Processing Stats

File Path                                     PID    Runtime      # DAGs    # Errors  Last Runtime    Last Run
--------------------------------------------  -----  ---------  --------  ----------  --------------  -------------------
/opt/airflow/dags/customer_churn_pipeline.py                           1           0  1.19s           2025-08-24T02:42:35
================================================================================
[2025-08-24T02:43:02.306+0000] {manager.py:451} INFO - Exiting gracefully upon receiving signal 15
[2025-08-24T02:44:00.728+0000] {manager.py:469} INFO - Processing files using up to 2 processes at a time 
[2025-08-24T02:44:00.729+0000] {manager.py:470} INFO - Process each file at most once every 30 seconds
[2025-08-24T02:44:00.729+0000] {manager.py:471} INFO - Checking for new files in /opt/airflow/dags every 300 seconds
[2025-08-24T02:44:00.731+0000] {manager.py:738} INFO - Searching for files in /opt/airflow/dags
[2025-08-24T02:44:00.800+0000] {manager.py:741} INFO - There are 1 files in /opt/airflow/dags
[2025-08-24T02:44:01.006+0000] {manager.py:879} INFO - 
================================================================================
DAG File Processing Stats

File Path                                       PID  Runtime      # DAGs    # Errors  Last Runtime    Last Run
--------------------------------------------  -----  ---------  --------  ----------  --------------  ----------
/opt/airflow/dags/customer_churn_pipeline.py     65  0.04s             0           0
================================================================================
[2025-08-24T02:44:31.331+0000] {manager.py:879} INFO - 
================================================================================
DAG File Processing Stats

File Path                                     PID    Runtime      # DAGs    # Errors  Last Runtime    Last Run
--------------------------------------------  -----  ---------  --------  ----------  --------------  -------------------
/opt/airflow/dags/customer_churn_pipeline.py                           1           0  2.57s           2025-08-24T02:44:03
================================================================================
[2025-08-24T02:45:01.697+0000] {manager.py:879} INFO - 
================================================================================
DAG File Processing Stats

File Path                                     PID    Runtime      # DAGs    # Errors  Last Runtime    Last Run
--------------------------------------------  -----  ---------  --------  ----------  --------------  -------------------
/opt/airflow/dags/customer_churn_pipeline.py                           1           0  2.06s           2025-08-24T02:44:36
================================================================================
[2025-08-24T02:45:32.157+0000] {manager.py:879} INFO - 
================================================================================
DAG File Processing Stats

File Path                                     PID    Runtime      # DAGs    # Errors  Last Runtime    Last Run
--------------------------------------------  -----  ---------  --------  ----------  --------------  -------------------
/opt/airflow/dags/customer_churn_pipeline.py                           1           0  1.42s           2025-08-24T02:45:08
================================================================================
[2025-08-24T02:46:02.949+0000] {manager.py:879} INFO - 
================================================================================
DAG File Processing Stats

File Path                                     PID    Runtime      # DAGs    # Errors  Last Runtime    Last Run
--------------------------------------------  -----  ---------  --------  ----------  --------------  -------------------
/opt/airflow/dags/customer_churn_pipeline.py                           1           0  1.32s           2025-08-24T02:45:39
================================================================================
[2025-08-24T02:46:33.014+0000] {manager.py:879} INFO - 
================================================================================
DAG File Processing Stats

File Path                                     PID    Runtime      # DAGs    # Errors  Last Runtime    Last Run
--------------------------------------------  -----  ---------  --------  ----------  --------------  -------------------
/opt/airflow/dags/customer_churn_pipeline.py                           1           0  1.55s           2025-08-24T02:46:11
================================================================================
[2025-08-24T02:47:03.074+0000] {manager.py:879} INFO - 
================================================================================
DAG File Processing Stats

File Path                                     PID    Runtime      # DAGs    # Errors  Last Runtime    Last Run
--------------------------------------------  -----  ---------  --------  ----------  --------------  -------------------
/opt/airflow/dags/customer_churn_pipeline.py                           1           0  1.50s           2025-08-24T02:46:43
================================================================================
[2025-08-24T02:47:33.121+0000] {manager.py:879} INFO - 
================================================================================
DAG File Processing Stats

File Path                                     PID    Runtime      # DAGs    # Errors  Last Runtime    Last Run
--------------------------------------------  -----  ---------  --------  ----------  --------------  -------------------
/opt/airflow/dags/customer_churn_pipeline.py                           1           0  1.15s           2025-08-24T02:47:15
================================================================================
[2025-08-24T02:48:03.367+0000] {manager.py:879} INFO - 
================================================================================
DAG File Processing Stats

File Path                                     PID    Runtime      # DAGs    # Errors  Last Runtime    Last Run
--------------------------------------------  -----  ---------  --------  ----------  --------------  -------------------
/opt/airflow/dags/customer_churn_pipeline.py                           1           0  1.40s           2025-08-24T02:47:50
================================================================================
[2025-08-24T02:48:33.475+0000] {manager.py:879} INFO - 
================================================================================
DAG File Processing Stats

File Path                                     PID    Runtime      # DAGs    # Errors  Last Runtime    Last Run
--------------------------------------------  -----  ---------  --------  ----------  --------------  -------------------
/opt/airflow/dags/customer_churn_pipeline.py                           1           0  1.08s           2025-08-24T02:48:21
================================================================================
[2025-08-24T02:49:00.868+0000] {manager.py:738} INFO - Searching for files in /opt/airflow/dags
[2025-08-24T02:49:01.787+0000] {manager.py:741} INFO - There are 1 files in /opt/airflow/dags
[2025-08-24T02:49:03.851+0000] {manager.py:879} INFO - 
================================================================================
DAG File Processing Stats

File Path                                     PID    Runtime      # DAGs    # Errors  Last Runtime    Last Run
--------------------------------------------  -----  ---------  --------  ----------  --------------  -------------------
/opt/airflow/dags/customer_churn_pipeline.py                           1           0  1.25s           2025-08-24T02:48:53
================================================================================
[2025-08-24T02:49:33.827+0000] {manager.py:879} INFO - 
================================================================================
DAG File Processing Stats

File Path                                     PID    Runtime      # DAGs    # Errors  Last Runtime    Last Run
--------------------------------------------  -----  ---------  --------  ----------  --------------  -------------------
/opt/airflow/dags/customer_churn_pipeline.py                           1           0  1.35s           2025-08-24T02:49:24
================================================================================
[2025-08-24T02:50:04.110+0000] {manager.py:879} INFO - 
================================================================================
DAG File Processing Stats

File Path                                     PID    Runtime      # DAGs    # Errors  Last Runtime    Last Run
--------------------------------------------  -----  ---------  --------  ----------  --------------  -------------------
/opt/airflow/dags/customer_churn_pipeline.py                           1           0  1.23s           2025-08-24T02:49:56
================================================================================
[2025-08-24T02:50:33.429+0000] {manager.py:451} INFO - Exiting gracefully upon receiving signal 15
[2025-08-24T02:51:28.371+0000] {manager.py:469} INFO - Processing files using up to 2 processes at a time 
[2025-08-24T02:51:28.372+0000] {manager.py:470} INFO - Process each file at most once every 30 seconds
[2025-08-24T02:51:28.373+0000] {manager.py:471} INFO - Checking for new files in /opt/airflow/dags every 300 seconds
[2025-08-24T02:51:28.374+0000] {manager.py:738} INFO - Searching for files in /opt/airflow/dags
[2025-08-24T02:51:28.467+0000] {manager.py:741} INFO - There are 1 files in /opt/airflow/dags
[2025-08-24T02:51:28.670+0000] {manager.py:879} INFO - 
================================================================================
DAG File Processing Stats

File Path                                       PID  Runtime      # DAGs    # Errors  Last Runtime    Last Run
--------------------------------------------  -----  ---------  --------  ----------  --------------  ----------
/opt/airflow/dags/customer_churn_pipeline.py     65  0.09s             0           0
================================================================================
[2025-08-24T02:51:58.819+0000] {manager.py:879} INFO - 
================================================================================
DAG File Processing Stats

File Path                                     PID    Runtime      # DAGs    # Errors  Last Runtime    Last Run
--------------------------------------------  -----  ---------  --------  ----------  --------------  -------------------
/opt/airflow/dags/customer_churn_pipeline.py                           1           0  3.77s           2025-08-24T02:51:32
================================================================================
[2025-08-24T02:52:29.334+0000] {manager.py:879} INFO - 
================================================================================
DAG File Processing Stats

File Path                                     PID    Runtime      # DAGs    # Errors  Last Runtime    Last Run
--------------------------------------------  -----  ---------  --------  ----------  --------------  -------------------
/opt/airflow/dags/customer_churn_pipeline.py                           1           0  1.32s           2025-08-24T02:52:04
================================================================================
[2025-08-24T02:52:59.924+0000] {manager.py:879} INFO - 
================================================================================
DAG File Processing Stats

File Path                                     PID    Runtime      # DAGs    # Errors  Last Runtime    Last Run
--------------------------------------------  -----  ---------  --------  ----------  --------------  -------------------
/opt/airflow/dags/customer_churn_pipeline.py                           1           0  1.15s           2025-08-24T02:52:35
================================================================================
[2025-08-24T02:53:30.337+0000] {manager.py:879} INFO - 
================================================================================
DAG File Processing Stats

File Path                                     PID    Runtime      # DAGs    # Errors  Last Runtime    Last Run
--------------------------------------------  -----  ---------  --------  ----------  --------------  -------------------
/opt/airflow/dags/customer_churn_pipeline.py                           1           0  1.41s           2025-08-24T02:53:07
================================================================================
[2025-08-24T02:54:00.499+0000] {manager.py:879} INFO - 
================================================================================
DAG File Processing Stats

File Path                                     PID    Runtime      # DAGs    # Errors  Last Runtime    Last Run
--------------------------------------------  -----  ---------  --------  ----------  --------------  -------------------
/opt/airflow/dags/customer_churn_pipeline.py                           1           0  1.36s           2025-08-24T02:53:39
================================================================================
[2025-08-24T02:54:30.659+0000] {manager.py:879} INFO - 
================================================================================
DAG File Processing Stats

File Path                                     PID    Runtime      # DAGs    # Errors  Last Runtime    Last Run
--------------------------------------------  -----  ---------  --------  ----------  --------------  -------------------
/opt/airflow/dags/customer_churn_pipeline.py                           1           0  1.06s           2025-08-24T02:54:10
================================================================================
[2025-08-24T02:54:55.580+0000] {manager.py:451} INFO - Exiting gracefully upon receiving signal 15
[2025-08-27T10:13:58.095+0000] {manager.py:469} INFO - Processing files using up to 2 processes at a time 
[2025-08-27T10:13:58.096+0000] {manager.py:470} INFO - Process each file at most once every 30 seconds
[2025-08-27T10:13:58.096+0000] {manager.py:471} INFO - Checking for new files in /opt/airflow/dags every 300 seconds
[2025-08-27T10:13:58.097+0000] {manager.py:738} INFO - Searching for files in /opt/airflow/dags
[2025-08-27T10:13:58.167+0000] {manager.py:741} INFO - There are 1 files in /opt/airflow/dags
[2025-08-27T10:13:58.370+0000] {manager.py:879} INFO - 
================================================================================
DAG File Processing Stats

File Path                                       PID  Runtime      # DAGs    # Errors  Last Runtime    Last Run
--------------------------------------------  -----  ---------  --------  ----------  --------------  ----------
/opt/airflow/dags/customer_churn_pipeline.py     65  0.09s             0           0
================================================================================
[2025-08-27T10:14:28.596+0000] {manager.py:879} INFO - 
================================================================================
DAG File Processing Stats

File Path                                     PID    Runtime      # DAGs    # Errors  Last Runtime    Last Run
--------------------------------------------  -----  ---------  --------  ----------  --------------  -------------------
/opt/airflow/dags/customer_churn_pipeline.py                           1           0  3.90s           2025-08-27T10:14:02
================================================================================
[2025-08-27T10:14:58.846+0000] {manager.py:879} INFO - 
================================================================================
DAG File Processing Stats

File Path                                     PID    Runtime      # DAGs    # Errors  Last Runtime    Last Run
--------------------------------------------  -----  ---------  --------  ----------  --------------  -------------------
/opt/airflow/dags/customer_churn_pipeline.py                           1           0  0.82s           2025-08-27T10:14:33
================================================================================
[2025-08-27T10:15:29.136+0000] {manager.py:879} INFO - 
================================================================================
DAG File Processing Stats

File Path                                     PID    Runtime      # DAGs    # Errors  Last Runtime    Last Run
--------------------------------------------  -----  ---------  --------  ----------  --------------  -------------------
/opt/airflow/dags/customer_churn_pipeline.py                           1           0  0.80s           2025-08-27T10:15:04
================================================================================
[2025-08-27T10:15:59.392+0000] {manager.py:879} INFO - 
================================================================================
DAG File Processing Stats

File Path                                     PID    Runtime      # DAGs    # Errors  Last Runtime    Last Run
--------------------------------------------  -----  ---------  --------  ----------  --------------  -------------------
/opt/airflow/dags/customer_churn_pipeline.py                           1           0  0.83s           2025-08-27T10:15:35
================================================================================
[2025-08-27T10:16:29.632+0000] {manager.py:879} INFO - 
================================================================================
DAG File Processing Stats

File Path                                     PID    Runtime      # DAGs    # Errors  Last Runtime    Last Run
--------------------------------------------  -----  ---------  --------  ----------  --------------  -------------------
/opt/airflow/dags/customer_churn_pipeline.py                           1           0  1.00s           2025-08-27T10:16:06
================================================================================
[2025-08-27T10:16:59.774+0000] {manager.py:879} INFO - 
================================================================================
DAG File Processing Stats

File Path                                     PID    Runtime      # DAGs    # Errors  Last Runtime    Last Run
--------------------------------------------  -----  ---------  --------  ----------  --------------  -------------------
/opt/airflow/dags/customer_churn_pipeline.py                           1           0  0.85s           2025-08-27T10:16:37
================================================================================
[2025-08-27T10:17:29.920+0000] {manager.py:879} INFO - 
================================================================================
DAG File Processing Stats

File Path                                     PID    Runtime      # DAGs    # Errors  Last Runtime    Last Run
--------------------------------------------  -----  ---------  --------  ----------  --------------  -------------------
/opt/airflow/dags/customer_churn_pipeline.py                           1           0  0.86s           2025-08-27T10:17:08
================================================================================
[2025-08-27T10:18:00.008+0000] {manager.py:879} INFO - 
================================================================================
DAG File Processing Stats

File Path                                     PID    Runtime      # DAGs    # Errors  Last Runtime    Last Run
--------------------------------------------  -----  ---------  --------  ----------  --------------  -------------------
/opt/airflow/dags/customer_churn_pipeline.py                           1           0  0.83s           2025-08-27T10:17:39
================================================================================
[2025-08-27T10:18:30.202+0000] {manager.py:879} INFO - 
================================================================================
DAG File Processing Stats

File Path                                     PID    Runtime      # DAGs    # Errors  Last Runtime    Last Run
--------------------------------------------  -----  ---------  --------  ----------  --------------  -------------------
/opt/airflow/dags/customer_churn_pipeline.py                           1           0  1.03s           2025-08-27T10:18:11
================================================================================
[2025-08-27T10:18:58.419+0000] {manager.py:738} INFO - Searching for files in /opt/airflow/dags
[2025-08-27T10:18:58.464+0000] {manager.py:741} INFO - There are 1 files in /opt/airflow/dags
[2025-08-27T10:19:00.491+0000] {manager.py:879} INFO - 
================================================================================
DAG File Processing Stats

File Path                                     PID    Runtime      # DAGs    # Errors  Last Runtime    Last Run
--------------------------------------------  -----  ---------  --------  ----------  --------------  -------------------
/opt/airflow/dags/customer_churn_pipeline.py                           1           0  1.48s           2025-08-27T10:18:42
================================================================================
[2025-08-27T10:19:30.585+0000] {manager.py:879} INFO - 
================================================================================
DAG File Processing Stats

File Path                                     PID    Runtime      # DAGs    # Errors  Last Runtime    Last Run
--------------------------------------------  -----  ---------  --------  ----------  --------------  -------------------
/opt/airflow/dags/customer_churn_pipeline.py                           1           0  1.48s           2025-08-27T10:19:14
================================================================================
[2025-08-27T10:20:00.876+0000] {manager.py:879} INFO - 
================================================================================
DAG File Processing Stats

File Path                                     PID    Runtime      # DAGs    # Errors  Last Runtime    Last Run
--------------------------------------------  -----  ---------  --------  ----------  --------------  -------------------
/opt/airflow/dags/customer_churn_pipeline.py                           1           0  1.24s           2025-08-27T10:19:45
================================================================================
[2025-08-27T10:20:31.297+0000] {manager.py:879} INFO - 
================================================================================
DAG File Processing Stats

File Path                                     PID    Runtime      # DAGs    # Errors  Last Runtime    Last Run
--------------------------------------------  -----  ---------  --------  ----------  --------------  -------------------
/opt/airflow/dags/customer_churn_pipeline.py                           1           0  1.21s           2025-08-27T10:20:17
================================================================================
[2025-08-27T10:21:01.546+0000] {manager.py:879} INFO - 
================================================================================
DAG File Processing Stats

File Path                                     PID    Runtime      # DAGs    # Errors  Last Runtime    Last Run
--------------------------------------------  -----  ---------  --------  ----------  --------------  -------------------
/opt/airflow/dags/customer_churn_pipeline.py                           1           0  1.17s           2025-08-27T10:20:48
================================================================================
[2025-08-27T10:21:31.784+0000] {manager.py:879} INFO - 
================================================================================
DAG File Processing Stats

File Path                                     PID    Runtime      # DAGs    # Errors  Last Runtime    Last Run
--------------------------------------------  -----  ---------  --------  ----------  --------------  -------------------
/opt/airflow/dags/customer_churn_pipeline.py                           1           0  1.11s           2025-08-27T10:21:19
================================================================================
[2025-08-27T10:22:02.006+0000] {manager.py:879} INFO - 
================================================================================
DAG File Processing Stats

File Path                                     PID    Runtime      # DAGs    # Errors  Last Runtime    Last Run
--------------------------------------------  -----  ---------  --------  ----------  --------------  -------------------
/opt/airflow/dags/customer_churn_pipeline.py                           1           0  1.04s           2025-08-27T10:21:50
================================================================================
[2025-08-27T10:22:32.195+0000] {manager.py:879} INFO - 
================================================================================
DAG File Processing Stats

File Path                                     PID    Runtime      # DAGs    # Errors  Last Runtime    Last Run
--------------------------------------------  -----  ---------  --------  ----------  --------------  -------------------
/opt/airflow/dags/customer_churn_pipeline.py                           1           0  0.96s           2025-08-27T10:22:22
================================================================================
[2025-08-27T10:23:02.445+0000] {manager.py:879} INFO - 
================================================================================
DAG File Processing Stats

File Path                                     PID    Runtime      # DAGs    # Errors  Last Runtime    Last Run
--------------------------------------------  -----  ---------  --------  ----------  --------------  -------------------
/opt/airflow/dags/customer_churn_pipeline.py                           1           0  1.04s           2025-08-27T10:22:53
================================================================================
[2025-08-27T10:23:32.538+0000] {manager.py:879} INFO - 
================================================================================
DAG File Processing Stats

File Path                                     PID    Runtime      # DAGs    # Errors  Last Runtime    Last Run
--------------------------------------------  -----  ---------  --------  ----------  --------------  -------------------
/opt/airflow/dags/customer_churn_pipeline.py                           1           0  1.80s           2025-08-27T10:23:25
================================================================================
[2025-08-27T10:23:58.907+0000] {manager.py:738} INFO - Searching for files in /opt/airflow/dags
[2025-08-27T10:23:59.141+0000] {manager.py:741} INFO - There are 1 files in /opt/airflow/dags
[2025-08-27T10:24:02.544+0000] {manager.py:879} INFO - 
================================================================================
DAG File Processing Stats

File Path                                     PID    Runtime      # DAGs    # Errors  Last Runtime    Last Run
--------------------------------------------  -----  ---------  --------  ----------  --------------  -------------------
/opt/airflow/dags/customer_churn_pipeline.py                           1           0  3.63s           2025-08-27T10:23:59
================================================================================
[2025-08-27T10:24:32.897+0000] {manager.py:879} INFO - 
================================================================================
DAG File Processing Stats

File Path                                     PID    Runtime      # DAGs    # Errors  Last Runtime    Last Run
--------------------------------------------  -----  ---------  --------  ----------  --------------  -------------------
/opt/airflow/dags/customer_churn_pipeline.py                           1           0  1.60s           2025-08-27T10:24:31
================================================================================
[2025-08-27T10:25:03.291+0000] {manager.py:879} INFO - 
================================================================================
DAG File Processing Stats

File Path                                       PID  Runtime      # DAGs    # Errors  Last Runtime    Last Run
--------------------------------------------  -----  ---------  --------  ----------  --------------  -------------------
/opt/airflow/dags/customer_churn_pipeline.py    464  1.52s             1           0  1.60s           2025-08-27T10:24:31
================================================================================
[2025-08-27T10:25:33.414+0000] {manager.py:879} INFO - 
================================================================================
DAG File Processing Stats

File Path                                     PID    Runtime      # DAGs    # Errors  Last Runtime    Last Run
--------------------------------------------  -----  ---------  --------  ----------  --------------  -------------------
/opt/airflow/dags/customer_churn_pipeline.py                           1           0  3.73s           2025-08-27T10:25:05
================================================================================
[2025-08-27T10:26:04.210+0000] {manager.py:879} INFO - 
================================================================================
DAG File Processing Stats

File Path                                     PID    Runtime      # DAGs    # Errors  Last Runtime    Last Run
--------------------------------------------  -----  ---------  --------  ----------  --------------  -------------------
/opt/airflow/dags/customer_churn_pipeline.py                           1           0  5.24s           2025-08-27T10:25:41
================================================================================
[2025-08-27T10:26:34.517+0000] {manager.py:879} INFO - 
================================================================================
DAG File Processing Stats

File Path                                     PID    Runtime      # DAGs    # Errors  Last Runtime    Last Run
--------------------------------------------  -----  ---------  --------  ----------  --------------  -------------------
/opt/airflow/dags/customer_churn_pipeline.py                           1           0  6.13s           2025-08-27T10:26:17
================================================================================
[2025-08-27T10:27:04.664+0000] {manager.py:879} INFO - 
================================================================================
DAG File Processing Stats

File Path                                     PID    Runtime      # DAGs    # Errors  Last Runtime    Last Run
--------------------------------------------  -----  ---------  --------  ----------  --------------  -------------------
/opt/airflow/dags/customer_churn_pipeline.py                           1           0  4.51s           2025-08-27T10:26:52
================================================================================
[2025-08-27T10:27:34.656+0000] {manager.py:879} INFO - 
================================================================================
DAG File Processing Stats

File Path                                     PID    Runtime      # DAGs    # Errors  Last Runtime    Last Run
--------------------------------------------  -----  ---------  --------  ----------  --------------  -------------------
/opt/airflow/dags/customer_churn_pipeline.py                           1           0  8.92s           2025-08-27T10:27:32
================================================================================
[2025-08-27T10:28:05.051+0000] {manager.py:879} INFO - 
================================================================================
DAG File Processing Stats

File Path                                       PID  Runtime      # DAGs    # Errors  Last Runtime    Last Run
--------------------------------------------  -----  ---------  --------  ----------  --------------  -------------------
/opt/airflow/dags/customer_churn_pipeline.py    559  2.09s             1           0  8.92s           2025-08-27T10:27:32
================================================================================
[2025-08-27T10:28:35.758+0000] {manager.py:879} INFO - 
================================================================================
DAG File Processing Stats

File Path                                     PID    Runtime      # DAGs    # Errors  Last Runtime    Last Run
--------------------------------------------  -----  ---------  --------  ----------  --------------  -------------------
/opt/airflow/dags/customer_churn_pipeline.py                           1           0  7.92s           2025-08-27T10:28:10
================================================================================
[2025-08-27T10:28:59.464+0000] {manager.py:738} INFO - Searching for files in /opt/airflow/dags
[2025-08-27T10:29:01.628+0000] {manager.py:741} INFO - There are 1 files in /opt/airflow/dags
[2025-08-27T10:29:05.932+0000] {manager.py:879} INFO - 
================================================================================
DAG File Processing Stats

File Path                                     PID    Runtime      # DAGs    # Errors  Last Runtime    Last Run
--------------------------------------------  -----  ---------  --------  ----------  --------------  -------------------
/opt/airflow/dags/customer_churn_pipeline.py                           1           0  3.67s           2025-08-27T10:28:44
================================================================================
[2025-08-27T10:29:36.293+0000] {manager.py:879} INFO - 
================================================================================
DAG File Processing Stats

File Path                                     PID    Runtime      # DAGs    # Errors  Last Runtime    Last Run
--------------------------------------------  -----  ---------  --------  ----------  --------------  -------------------
/opt/airflow/dags/customer_churn_pipeline.py                           1           0  10.04s          2025-08-27T10:29:25
================================================================================
[2025-08-27T10:30:06.331+0000] {manager.py:879} INFO - 
================================================================================
DAG File Processing Stats

File Path                                     PID    Runtime      # DAGs    # Errors  Last Runtime    Last Run
--------------------------------------------  -----  ---------  --------  ----------  --------------  -------------------
/opt/airflow/dags/customer_churn_pipeline.py                           1           0  7.55s           2025-08-27T10:30:03
================================================================================
[2025-08-27T10:30:36.393+0000] {manager.py:879} INFO - 
================================================================================
DAG File Processing Stats

File Path                                       PID  Runtime      # DAGs    # Errors  Last Runtime    Last Run
--------------------------------------------  -----  ---------  --------  ----------  --------------  -------------------
/opt/airflow/dags/customer_churn_pipeline.py    635  2.24s             1           0  7.55s           2025-08-27T10:30:03
================================================================================
[2025-08-27T10:31:06.448+0000] {manager.py:879} INFO - 
================================================================================
DAG File Processing Stats

File Path                                     PID    Runtime      # DAGs    # Errors  Last Runtime    Last Run
--------------------------------------------  -----  ---------  --------  ----------  --------------  -------------------
/opt/airflow/dags/customer_churn_pipeline.py                           1           0  7.69s           2025-08-27T10:30:41
================================================================================
[2025-08-27T10:31:37.118+0000] {manager.py:879} INFO - 
================================================================================
DAG File Processing Stats

File Path                                     PID    Runtime      # DAGs    # Errors  Last Runtime    Last Run
--------------------------------------------  -----  ---------  --------  ----------  --------------  -------------------
/opt/airflow/dags/customer_churn_pipeline.py                           1           0  7.03s           2025-08-27T10:31:19
================================================================================
[2025-08-27T10:32:07.845+0000] {manager.py:879} INFO - 
================================================================================
DAG File Processing Stats

File Path                                     PID    Runtime      # DAGs    # Errors  Last Runtime    Last Run
--------------------------------------------  -----  ---------  --------  ----------  --------------  -------------------
/opt/airflow/dags/customer_churn_pipeline.py                           1           0  4.88s           2025-08-27T10:31:54
================================================================================
[2025-08-27T10:32:38.156+0000] {manager.py:879} INFO - 
================================================================================
DAG File Processing Stats

File Path                                     PID    Runtime      # DAGs    # Errors  Last Runtime    Last Run
--------------------------------------------  -----  ---------  --------  ----------  --------------  -------------------
/opt/airflow/dags/customer_churn_pipeline.py                           1           0  1.52s           2025-08-27T10:32:27
================================================================================
[2025-08-27T10:33:08.423+0000] {manager.py:879} INFO - 
================================================================================
DAG File Processing Stats

File Path                                     PID    Runtime      # DAGs    # Errors  Last Runtime    Last Run
--------------------------------------------  -----  ---------  --------  ----------  --------------  -------------------
/opt/airflow/dags/customer_churn_pipeline.py                           1           0  1.07s           2025-08-27T10:32:58
================================================================================
[2025-08-27T10:33:38.760+0000] {manager.py:879} INFO - 
================================================================================
DAG File Processing Stats

File Path                                     PID    Runtime      # DAGs    # Errors  Last Runtime    Last Run
--------------------------------------------  -----  ---------  --------  ----------  --------------  -------------------
/opt/airflow/dags/customer_churn_pipeline.py                           1           0  1.04s           2025-08-27T10:33:29
================================================================================
[2025-08-27T10:33:59.914+0000] {manager.py:738} INFO - Searching for files in /opt/airflow/dags
[2025-08-27T10:34:00.021+0000] {manager.py:741} INFO - There are 1 files in /opt/airflow/dags
[2025-08-27T10:34:09.021+0000] {manager.py:879} INFO - 
================================================================================
DAG File Processing Stats

File Path                                     PID    Runtime      # DAGs    # Errors  Last Runtime    Last Run
--------------------------------------------  -----  ---------  --------  ----------  --------------  -------------------
/opt/airflow/dags/customer_churn_pipeline.py                           1           0  0.90s           2025-08-27T10:34:00
================================================================================
[2025-08-27T10:34:39.143+0000] {manager.py:879} INFO - 
================================================================================
DAG File Processing Stats

File Path                                     PID    Runtime      # DAGs    # Errors  Last Runtime    Last Run
--------------------------------------------  -----  ---------  --------  ----------  --------------  -------------------
/opt/airflow/dags/customer_churn_pipeline.py                           1           0  0.89s           2025-08-27T10:34:32
================================================================================
[2025-08-27T10:35:09.256+0000] {manager.py:879} INFO - 
================================================================================
DAG File Processing Stats

File Path                                     PID    Runtime      # DAGs    # Errors  Last Runtime    Last Run
--------------------------------------------  -----  ---------  --------  ----------  --------------  -------------------
/opt/airflow/dags/customer_churn_pipeline.py                           1           0  0.81s           2025-08-27T10:35:03
================================================================================
[2025-08-27T10:35:39.592+0000] {manager.py:879} INFO - 
================================================================================
DAG File Processing Stats

File Path                                     PID    Runtime      # DAGs    # Errors  Last Runtime    Last Run
--------------------------------------------  -----  ---------  --------  ----------  --------------  -------------------
/opt/airflow/dags/customer_churn_pipeline.py                           1           0  1.01s           2025-08-27T10:35:34
================================================================================
[2025-08-27T10:36:09.702+0000] {manager.py:879} INFO - 
================================================================================
DAG File Processing Stats

File Path                                     PID    Runtime      # DAGs    # Errors  Last Runtime    Last Run
--------------------------------------------  -----  ---------  --------  ----------  --------------  -------------------
/opt/airflow/dags/customer_churn_pipeline.py                           1           0  0.87s           2025-08-27T10:36:05
================================================================================
[2025-08-27T10:36:39.869+0000] {manager.py:879} INFO - 
================================================================================
DAG File Processing Stats

File Path                                     PID    Runtime      # DAGs    # Errors  Last Runtime    Last Run
--------------------------------------------  -----  ---------  --------  ----------  --------------  -------------------
/opt/airflow/dags/customer_churn_pipeline.py                           1           0  0.93s           2025-08-27T10:36:36
================================================================================
[2025-08-27T10:37:10.148+0000] {manager.py:879} INFO - 
================================================================================
DAG File Processing Stats

File Path                                     PID    Runtime      # DAGs    # Errors  Last Runtime    Last Run
--------------------------------------------  -----  ---------  --------  ----------  --------------  -------------------
/opt/airflow/dags/customer_churn_pipeline.py                           1           0  1.04s           2025-08-27T10:37:08
================================================================================
[2025-08-27T10:37:40.244+0000] {manager.py:879} INFO - 
================================================================================
DAG File Processing Stats

File Path                                     PID    Runtime      # DAGs    # Errors  Last Runtime    Last Run
--------------------------------------------  -----  ---------  --------  ----------  --------------  -------------------
/opt/airflow/dags/customer_churn_pipeline.py                           1           0  0.85s           2025-08-27T10:37:39
================================================================================
[2025-08-27T10:38:10.402+0000] {manager.py:879} INFO - 
================================================================================
DAG File Processing Stats

File Path                                     PID    Runtime      # DAGs    # Errors  Last Runtime    Last Run
--------------------------------------------  -----  ---------  --------  ----------  --------------  -------------------
/opt/airflow/dags/customer_churn_pipeline.py                           1           0  0.92s           2025-08-27T10:38:10
================================================================================
[2025-08-27T10:38:40.618+0000] {manager.py:879} INFO - 
================================================================================
DAG File Processing Stats

File Path                                       PID  Runtime      # DAGs    # Errors  Last Runtime    Last Run
--------------------------------------------  -----  ---------  --------  ----------  --------------  -------------------
/opt/airflow/dags/customer_churn_pipeline.py    920  0.00s             1           0  0.92s           2025-08-27T10:38:10
================================================================================
[2025-08-27T10:38:59.951+0000] {manager.py:738} INFO - Searching for files in /opt/airflow/dags
[2025-08-27T10:38:59.979+0000] {manager.py:741} INFO - There are 1 files in /opt/airflow/dags
[2025-08-27T10:39:10.743+0000] {manager.py:879} INFO - 
================================================================================
DAG File Processing Stats

File Path                                     PID    Runtime      # DAGs    # Errors  Last Runtime    Last Run
--------------------------------------------  -----  ---------  --------  ----------  --------------  -------------------
/opt/airflow/dags/customer_churn_pipeline.py                           1           0  0.88s           2025-08-27T10:38:41
================================================================================
[2025-08-27T10:39:41.039+0000] {manager.py:879} INFO - 
================================================================================
DAG File Processing Stats

File Path                                     PID    Runtime      # DAGs    # Errors  Last Runtime    Last Run
--------------------------------------------  -----  ---------  --------  ----------  --------------  -------------------
/opt/airflow/dags/customer_churn_pipeline.py                           1           0  1.06s           2025-08-27T10:39:12
================================================================================
[2025-08-27T10:40:11.168+0000] {manager.py:879} INFO - 
================================================================================
DAG File Processing Stats

File Path                                     PID    Runtime      # DAGs    # Errors  Last Runtime    Last Run
--------------------------------------------  -----  ---------  --------  ----------  --------------  -------------------
/opt/airflow/dags/customer_churn_pipeline.py                           1           0  0.86s           2025-08-27T10:39:43
================================================================================
[2025-08-27T10:40:41.527+0000] {manager.py:879} INFO - 
================================================================================
DAG File Processing Stats

File Path                                     PID    Runtime      # DAGs    # Errors  Last Runtime    Last Run
--------------------------------------------  -----  ---------  --------  ----------  --------------  -------------------
/opt/airflow/dags/customer_churn_pipeline.py                           1           0  1.09s           2025-08-27T10:40:15
================================================================================
[2025-08-27T10:41:11.746+0000] {manager.py:879} INFO - 
================================================================================
DAG File Processing Stats

File Path                                     PID    Runtime      # DAGs    # Errors  Last Runtime    Last Run
--------------------------------------------  -----  ---------  --------  ----------  --------------  -------------------
/opt/airflow/dags/customer_churn_pipeline.py                           1           0  1.06s           2025-08-27T10:40:46
================================================================================
[2025-08-27T10:41:41.944+0000] {manager.py:879} INFO - 
================================================================================
DAG File Processing Stats

File Path                                     PID    Runtime      # DAGs    # Errors  Last Runtime    Last Run
--------------------------------------------  -----  ---------  --------  ----------  --------------  -------------------
/opt/airflow/dags/customer_churn_pipeline.py                           1           0  0.97s           2025-08-27T10:41:17
================================================================================
[2025-08-27T10:42:12.186+0000] {manager.py:879} INFO - 
================================================================================
DAG File Processing Stats

File Path                                     PID    Runtime      # DAGs    # Errors  Last Runtime    Last Run
--------------------------------------------  -----  ---------  --------  ----------  --------------  -------------------
/opt/airflow/dags/customer_churn_pipeline.py                           1           0  0.97s           2025-08-27T10:41:49
================================================================================
[2025-08-27T10:42:42.246+0000] {manager.py:879} INFO - 
================================================================================
DAG File Processing Stats

File Path                                     PID    Runtime      # DAGs    # Errors  Last Runtime    Last Run
--------------------------------------------  -----  ---------  --------  ----------  --------------  -------------------
/opt/airflow/dags/customer_churn_pipeline.py                           1           0  0.84s           2025-08-27T10:42:20
================================================================================
[2025-08-27T10:43:12.411+0000] {manager.py:879} INFO - 
================================================================================
DAG File Processing Stats

File Path                                     PID    Runtime      # DAGs    # Errors  Last Runtime    Last Run
--------------------------------------------  -----  ---------  --------  ----------  --------------  -------------------
/opt/airflow/dags/customer_churn_pipeline.py                           1           0  0.93s           2025-08-27T10:42:51
================================================================================
[2025-08-27T10:43:42.649+0000] {manager.py:879} INFO - 
================================================================================
DAG File Processing Stats

File Path                                     PID    Runtime      # DAGs    # Errors  Last Runtime    Last Run
--------------------------------------------  -----  ---------  --------  ----------  --------------  -------------------
/opt/airflow/dags/customer_churn_pipeline.py                           1           0  1.00s           2025-08-27T10:43:22
================================================================================
[2025-08-27T10:44:00.729+0000] {manager.py:738} INFO - Searching for files in /opt/airflow/dags
[2025-08-27T10:44:00.784+0000] {manager.py:741} INFO - There are 1 files in /opt/airflow/dags
[2025-08-27T10:44:12.898+0000] {manager.py:879} INFO - 
================================================================================
DAG File Processing Stats

File Path                                     PID    Runtime      # DAGs    # Errors  Last Runtime    Last Run
--------------------------------------------  -----  ---------  --------  ----------  --------------  -------------------
/opt/airflow/dags/customer_churn_pipeline.py                           1           0  0.90s           2025-08-27T10:43:53
================================================================================
[2025-08-27T10:44:42.969+0000] {manager.py:879} INFO - 
================================================================================
DAG File Processing Stats

File Path                                     PID    Runtime      # DAGs    # Errors  Last Runtime    Last Run
--------------------------------------------  -----  ---------  --------  ----------  --------------  -------------------
/opt/airflow/dags/customer_churn_pipeline.py                           1           0  0.83s           2025-08-27T10:44:24
================================================================================
[2025-08-27T10:45:13.103+0000] {manager.py:879} INFO - 
================================================================================
DAG File Processing Stats

File Path                                     PID    Runtime      # DAGs    # Errors  Last Runtime    Last Run
--------------------------------------------  -----  ---------  --------  ----------  --------------  -------------------
/opt/airflow/dags/customer_churn_pipeline.py                           1           0  0.87s           2025-08-27T10:44:55
================================================================================
[2025-08-27T10:45:43.164+0000] {manager.py:879} INFO - 
================================================================================
DAG File Processing Stats

File Path                                     PID    Runtime      # DAGs    # Errors  Last Runtime    Last Run
--------------------------------------------  -----  ---------  --------  ----------  --------------  -------------------
/opt/airflow/dags/customer_churn_pipeline.py                           1           0  0.81s           2025-08-27T10:45:27
================================================================================
[2025-08-27T10:46:13.272+0000] {manager.py:879} INFO - 
================================================================================
DAG File Processing Stats

File Path                                     PID    Runtime      # DAGs    # Errors  Last Runtime    Last Run
--------------------------------------------  -----  ---------  --------  ----------  --------------  -------------------
/opt/airflow/dags/customer_churn_pipeline.py                           1           0  0.88s           2025-08-27T10:45:58
================================================================================
[2025-08-27T10:46:43.441+0000] {manager.py:879} INFO - 
================================================================================
DAG File Processing Stats

File Path                                     PID    Runtime      # DAGs    # Errors  Last Runtime    Last Run
--------------------------------------------  -----  ---------  --------  ----------  --------------  -------------------
/opt/airflow/dags/customer_churn_pipeline.py                           1           0  0.92s           2025-08-27T10:46:29
================================================================================
[2025-08-27T10:47:13.547+0000] {manager.py:879} INFO - 
================================================================================
DAG File Processing Stats

File Path                                     PID    Runtime      # DAGs    # Errors  Last Runtime    Last Run
--------------------------------------------  -----  ---------  --------  ----------  --------------  -------------------
/opt/airflow/dags/customer_churn_pipeline.py                           1           0  0.86s           2025-08-27T10:47:00
================================================================================
[2025-08-27T10:47:43.525+0000] {manager.py:879} INFO - 
================================================================================
DAG File Processing Stats

File Path                                     PID    Runtime      # DAGs    # Errors  Last Runtime    Last Run
--------------------------------------------  -----  ---------  --------  ----------  --------------  -------------------
/opt/airflow/dags/customer_churn_pipeline.py                           1           0  0.90s           2025-08-27T10:47:31
================================================================================
[2025-08-27T10:48:13.698+0000] {manager.py:879} INFO - 
================================================================================
DAG File Processing Stats

File Path                                     PID    Runtime      # DAGs    # Errors  Last Runtime    Last Run
--------------------------------------------  -----  ---------  --------  ----------  --------------  -------------------
/opt/airflow/dags/customer_churn_pipeline.py                           1           0  0.92s           2025-08-27T10:48:02
================================================================================
[2025-08-27T10:48:43.904+0000] {manager.py:879} INFO - 
================================================================================
DAG File Processing Stats

File Path                                     PID    Runtime      # DAGs    # Errors  Last Runtime    Last Run
--------------------------------------------  -----  ---------  --------  ----------  --------------  -------------------
/opt/airflow/dags/customer_churn_pipeline.py                           1           0  0.94s           2025-08-27T10:48:33
================================================================================
[2025-08-27T10:49:01.024+0000] {manager.py:738} INFO - Searching for files in /opt/airflow/dags
[2025-08-27T10:49:01.065+0000] {manager.py:741} INFO - There are 1 files in /opt/airflow/dags
[2025-08-27T10:49:14.011+0000] {manager.py:879} INFO - 
================================================================================
DAG File Processing Stats

File Path                                     PID    Runtime      # DAGs    # Errors  Last Runtime    Last Run
--------------------------------------------  -----  ---------  --------  ----------  --------------  -------------------
/opt/airflow/dags/customer_churn_pipeline.py                           1           0  0.84s           2025-08-27T10:49:04
================================================================================
[2025-08-27T10:49:44.196+0000] {manager.py:879} INFO - 
================================================================================
DAG File Processing Stats

File Path                                     PID    Runtime      # DAGs    # Errors  Last Runtime    Last Run
--------------------------------------------  -----  ---------  --------  ----------  --------------  -------------------
/opt/airflow/dags/customer_churn_pipeline.py                           1           0  0.94s           2025-08-27T10:49:36
================================================================================
[2025-08-27T10:50:14.328+0000] {manager.py:879} INFO - 
================================================================================
DAG File Processing Stats

File Path                                     PID    Runtime      # DAGs    # Errors  Last Runtime    Last Run
--------------------------------------------  -----  ---------  --------  ----------  --------------  -------------------
/opt/airflow/dags/customer_churn_pipeline.py                           1           0  0.89s           2025-08-27T10:50:07
================================================================================
[2025-08-27T10:50:44.585+0000] {manager.py:879} INFO - 
================================================================================
DAG File Processing Stats

File Path                                     PID    Runtime      # DAGs    # Errors  Last Runtime    Last Run
--------------------------------------------  -----  ---------  --------  ----------  --------------  -------------------
/opt/airflow/dags/customer_churn_pipeline.py                           1           0  1.00s           2025-08-27T10:50:38
================================================================================
[2025-08-27T10:51:14.757+0000] {manager.py:879} INFO - 
================================================================================
DAG File Processing Stats

File Path                                     PID    Runtime      # DAGs    # Errors  Last Runtime    Last Run
--------------------------------------------  -----  ---------  --------  ----------  --------------  -------------------
/opt/airflow/dags/customer_churn_pipeline.py                           1           0  0.95s           2025-08-27T10:51:09
================================================================================
[2025-08-27T10:51:44.915+0000] {manager.py:879} INFO - 
================================================================================
DAG File Processing Stats

File Path                                     PID    Runtime      # DAGs    # Errors  Last Runtime    Last Run
--------------------------------------------  -----  ---------  --------  ----------  --------------  -------------------
/opt/airflow/dags/customer_churn_pipeline.py                           1           0  0.94s           2025-08-27T10:51:40
================================================================================
[2025-08-27T10:52:15.144+0000] {manager.py:879} INFO - 
================================================================================
DAG File Processing Stats

File Path                                     PID    Runtime      # DAGs    # Errors  Last Runtime    Last Run
--------------------------------------------  -----  ---------  --------  ----------  --------------  -------------------
/opt/airflow/dags/customer_churn_pipeline.py                           1           0  1.01s           2025-08-27T10:52:12
================================================================================
[2025-08-27T10:52:45.380+0000] {manager.py:879} INFO - 
================================================================================
DAG File Processing Stats

File Path                                     PID    Runtime      # DAGs    # Errors  Last Runtime    Last Run
--------------------------------------------  -----  ---------  --------  ----------  --------------  -------------------
/opt/airflow/dags/customer_churn_pipeline.py                           1           0  0.95s           2025-08-27T10:52:43
================================================================================
[2025-08-27T10:53:15.595+0000] {manager.py:879} INFO - 
================================================================================
DAG File Processing Stats

File Path                                     PID    Runtime      # DAGs    # Errors  Last Runtime    Last Run
--------------------------------------------  -----  ---------  --------  ----------  --------------  -------------------
/opt/airflow/dags/customer_churn_pipeline.py                           1           0  0.91s           2025-08-27T10:53:14
================================================================================
[2025-08-27T10:53:48.897+0000] {manager.py:879} INFO - 
================================================================================
DAG File Processing Stats

File Path                                     PID    Runtime      # DAGs    # Errors  Last Runtime    Last Run
--------------------------------------------  -----  ---------  --------  ----------  --------------  -------------------
/opt/airflow/dags/customer_churn_pipeline.py                           1           0  1.03s           2025-08-27T10:53:45
================================================================================
[2025-08-27T10:54:01.985+0000] {manager.py:738} INFO - Searching for files in /opt/airflow/dags
[2025-08-27T10:54:02.112+0000] {manager.py:741} INFO - There are 1 files in /opt/airflow/dags
[2025-08-27T11:44:24.583+0000] {manager.py:738} INFO - Searching for files in /opt/airflow/dags
[2025-08-27T11:44:25.591+0000] {manager.py:741} INFO - There are 1 files in /opt/airflow/dags
[2025-08-27T11:44:37.866+0000] {manager.py:879} INFO - 
================================================================================
DAG File Processing Stats

File Path                                     PID    Runtime      # DAGs    # Errors  Last Runtime    Last Run
--------------------------------------------  -----  ---------  --------  ----------  --------------  -------------------
/opt/airflow/dags/customer_churn_pipeline.py                           1           0  1.20s           2025-08-27T11:44:26
================================================================================
[2025-08-27T11:45:07.999+0000] {manager.py:879} INFO - 
================================================================================
DAG File Processing Stats

File Path                                     PID    Runtime      # DAGs    # Errors  Last Runtime    Last Run
--------------------------------------------  -----  ---------  --------  ----------  --------------  -------------------
/opt/airflow/dags/customer_churn_pipeline.py                           1           0  0.86s           2025-08-27T11:44:57
================================================================================
[2025-08-27T11:45:38.225+0000] {manager.py:879} INFO - 
================================================================================
DAG File Processing Stats

File Path                                     PID    Runtime      # DAGs    # Errors  Last Runtime    Last Run
--------------------------------------------  -----  ---------  --------  ----------  --------------  -------------------
/opt/airflow/dags/customer_churn_pipeline.py                           1           0  0.95s           2025-08-27T11:45:29
================================================================================
[2025-08-27T11:46:08.421+0000] {manager.py:879} INFO - 
================================================================================
DAG File Processing Stats

File Path                                     PID    Runtime      # DAGs    # Errors  Last Runtime    Last Run
--------------------------------------------  -----  ---------  --------  ----------  --------------  -------------------
/opt/airflow/dags/customer_churn_pipeline.py                           1           0  0.86s           2025-08-27T11:46:00
================================================================================
[2025-08-27T11:46:38.714+0000] {manager.py:879} INFO - 
================================================================================
DAG File Processing Stats

File Path                                     PID    Runtime      # DAGs    # Errors  Last Runtime    Last Run
--------------------------------------------  -----  ---------  --------  ----------  --------------  -------------------
/opt/airflow/dags/customer_churn_pipeline.py                           1           0  1.01s           2025-08-27T11:46:31
================================================================================
[2025-08-27T11:47:08.865+0000] {manager.py:879} INFO - 
================================================================================
DAG File Processing Stats

File Path                                     PID    Runtime      # DAGs    # Errors  Last Runtime    Last Run
--------------------------------------------  -----  ---------  --------  ----------  --------------  -------------------
/opt/airflow/dags/customer_churn_pipeline.py                           1           0  0.84s           2025-08-27T11:47:02
================================================================================
[2025-08-27T11:47:38.942+0000] {manager.py:879} INFO - 
================================================================================
DAG File Processing Stats

File Path                                     PID    Runtime      # DAGs    # Errors  Last Runtime    Last Run
--------------------------------------------  -----  ---------  --------  ----------  --------------  -------------------
/opt/airflow/dags/customer_churn_pipeline.py                           1           0  0.84s           2025-08-27T11:47:33
================================================================================
[2025-08-27T11:48:09.103+0000] {manager.py:879} INFO - 
================================================================================
DAG File Processing Stats

File Path                                     PID    Runtime      # DAGs    # Errors  Last Runtime    Last Run
--------------------------------------------  -----  ---------  --------  ----------  --------------  -------------------
/opt/airflow/dags/customer_churn_pipeline.py                           1           0  0.90s           2025-08-27T11:48:05
================================================================================
[2025-08-27T11:48:39.698+0000] {manager.py:879} INFO - 
================================================================================
DAG File Processing Stats

File Path                                     PID    Runtime      # DAGs    # Errors  Last Runtime    Last Run
--------------------------------------------  -----  ---------  --------  ----------  --------------  -------------------
/opt/airflow/dags/customer_churn_pipeline.py                           1           0  1.07s           2025-08-27T11:48:36
================================================================================
[2025-08-27T11:49:09.746+0000] {manager.py:879} INFO - 
================================================================================
DAG File Processing Stats

File Path                                       PID  Runtime      # DAGs    # Errors  Last Runtime    Last Run
--------------------------------------------  -----  ---------  --------  ----------  --------------  -------------------
/opt/airflow/dags/customer_churn_pipeline.py   1661  2.15s             1           0  1.07s           2025-08-27T11:48:36
================================================================================
[2025-08-27T11:49:24.971+0000] {manager.py:738} INFO - Searching for files in /opt/airflow/dags
[2025-08-27T11:49:25.176+0000] {manager.py:741} INFO - There are 1 files in /opt/airflow/dags
[2025-08-27T11:49:40.453+0000] {manager.py:879} INFO - 
================================================================================
DAG File Processing Stats

File Path                                       PID  Runtime      # DAGs    # Errors  Last Runtime    Last Run
--------------------------------------------  -----  ---------  --------  ----------  --------------  -------------------
/opt/airflow/dags/customer_churn_pipeline.py   1680  0.02s             1           0  2.32s           2025-08-27T11:49:09
================================================================================
[2025-08-27T11:50:10.579+0000] {manager.py:879} INFO - 
================================================================================
DAG File Processing Stats

File Path                                     PID    Runtime      # DAGs    # Errors  Last Runtime    Last Run
--------------------------------------------  -----  ---------  --------  ----------  --------------  -------------------
/opt/airflow/dags/customer_churn_pipeline.py                           1           0  1.75s           2025-08-27T11:49:42
================================================================================
[2025-08-27T11:50:41.103+0000] {manager.py:879} INFO - 
================================================================================
DAG File Processing Stats

File Path                                     PID    Runtime      # DAGs    # Errors  Last Runtime    Last Run
--------------------------------------------  -----  ---------  --------  ----------  --------------  -------------------
/opt/airflow/dags/customer_churn_pipeline.py                           1           0  1.19s           2025-08-27T11:50:13
================================================================================
[2025-08-27T11:51:12.024+0000] {manager.py:879} INFO - 
================================================================================
DAG File Processing Stats

File Path                                     PID    Runtime      # DAGs    # Errors  Last Runtime    Last Run
--------------------------------------------  -----  ---------  --------  ----------  --------------  -------------------
/opt/airflow/dags/customer_churn_pipeline.py                           1           0  2.00s           2025-08-27T11:50:46
================================================================================
[2025-08-27T11:51:42.517+0000] {manager.py:879} INFO - 
================================================================================
DAG File Processing Stats

File Path                                     PID    Runtime      # DAGs    # Errors  Last Runtime    Last Run
--------------------------------------------  -----  ---------  --------  ----------  --------------  -------------------
/opt/airflow/dags/customer_churn_pipeline.py                           1           0  1.25s           2025-08-27T11:51:18
================================================================================
[2025-08-27T11:52:13.237+0000] {manager.py:879} INFO - 
================================================================================
DAG File Processing Stats

File Path                                     PID    Runtime      # DAGs    # Errors  Last Runtime    Last Run
--------------------------------------------  -----  ---------  --------  ----------  --------------  -------------------
/opt/airflow/dags/customer_churn_pipeline.py                           1           0  1.12s           2025-08-27T11:51:49
================================================================================
[2025-08-27T11:52:43.631+0000] {manager.py:879} INFO - 
================================================================================
DAG File Processing Stats

File Path                                     PID    Runtime      # DAGs    # Errors  Last Runtime    Last Run
--------------------------------------------  -----  ---------  --------  ----------  --------------  -------------------
/opt/airflow/dags/customer_churn_pipeline.py                           1           0  1.51s           2025-08-27T11:52:22
================================================================================
[2025-08-27T11:53:14.137+0000] {manager.py:879} INFO - 
================================================================================
DAG File Processing Stats

File Path                                     PID    Runtime      # DAGs    # Errors  Last Runtime    Last Run
--------------------------------------------  -----  ---------  --------  ----------  --------------  -------------------
/opt/airflow/dags/customer_churn_pipeline.py                           1           0  1.70s           2025-08-27T11:52:54
================================================================================
[2025-08-27T11:53:44.315+0000] {manager.py:879} INFO - 
================================================================================
DAG File Processing Stats

File Path                                     PID    Runtime      # DAGs    # Errors  Last Runtime    Last Run
--------------------------------------------  -----  ---------  --------  ----------  --------------  -------------------
/opt/airflow/dags/customer_churn_pipeline.py                           1           0  1.55s           2025-08-27T11:53:25
================================================================================
[2025-08-27T11:54:14.609+0000] {manager.py:879} INFO - 
================================================================================
DAG File Processing Stats

File Path                                     PID    Runtime      # DAGs    # Errors  Last Runtime    Last Run
--------------------------------------------  -----  ---------  --------  ----------  --------------  -------------------
/opt/airflow/dags/customer_churn_pipeline.py                           1           0  1.04s           2025-08-27T11:53:57
================================================================================
[2025-08-27T11:54:25.735+0000] {manager.py:738} INFO - Searching for files in /opt/airflow/dags
[2025-08-27T11:54:26.395+0000] {manager.py:741} INFO - There are 1 files in /opt/airflow/dags
[2025-08-27T11:54:44.899+0000] {manager.py:879} INFO - 
================================================================================
DAG File Processing Stats

File Path                                     PID    Runtime      # DAGs    # Errors  Last Runtime    Last Run
--------------------------------------------  -----  ---------  --------  ----------  --------------  -------------------
/opt/airflow/dags/customer_churn_pipeline.py                           1           0  1.27s           2025-08-27T11:54:28
================================================================================
[2025-08-27T11:55:14.934+0000] {manager.py:879} INFO - 
================================================================================
DAG File Processing Stats

File Path                                     PID    Runtime      # DAGs    # Errors  Last Runtime    Last Run
--------------------------------------------  -----  ---------  --------  ----------  --------------  -------------------
/opt/airflow/dags/customer_churn_pipeline.py                           1           0  1.25s           2025-08-27T11:54:59
================================================================================
[2025-08-27T11:55:45.618+0000] {manager.py:879} INFO - 
================================================================================
DAG File Processing Stats

File Path                                     PID    Runtime      # DAGs    # Errors  Last Runtime    Last Run
--------------------------------------------  -----  ---------  --------  ----------  --------------  -------------------
/opt/airflow/dags/customer_churn_pipeline.py                           1           0  1.30s           2025-08-27T11:55:44
================================================================================
[2025-08-27T11:56:02.321+0000] {manager.py:451} INFO - Exiting gracefully upon receiving signal 15
[2025-08-27T11:57:15.809+0000] {manager.py:469} INFO - Processing files using up to 2 processes at a time 
[2025-08-27T11:57:15.813+0000] {manager.py:470} INFO - Process each file at most once every 30 seconds
[2025-08-27T11:57:15.814+0000] {manager.py:471} INFO - Checking for new files in /opt/airflow/dags every 300 seconds
[2025-08-27T11:57:15.815+0000] {manager.py:738} INFO - Searching for files in /opt/airflow/dags
[2025-08-27T11:57:15.969+0000] {manager.py:741} INFO - There are 1 files in /opt/airflow/dags
[2025-08-27T11:57:16.136+0000] {manager.py:879} INFO - 
================================================================================
DAG File Processing Stats

File Path                                       PID  Runtime      # DAGs    # Errors  Last Runtime    Last Run
--------------------------------------------  -----  ---------  --------  ----------  --------------  ----------
/opt/airflow/dags/customer_churn_pipeline.py     65  0.07s             0           0
================================================================================
[2025-08-27T11:57:46.851+0000] {manager.py:879} INFO - 
================================================================================
DAG File Processing Stats

File Path                                     PID    Runtime      # DAGs    # Errors  Last Runtime    Last Run
--------------------------------------------  -----  ---------  --------  ----------  --------------  -------------------
/opt/airflow/dags/customer_churn_pipeline.py                           1           0  4.21s           2025-08-27T11:57:20
================================================================================
[2025-08-27T11:58:17.435+0000] {manager.py:879} INFO - 
================================================================================
DAG File Processing Stats

File Path                                     PID    Runtime      # DAGs    # Errors  Last Runtime    Last Run
--------------------------------------------  -----  ---------  --------  ----------  --------------  -------------------
/opt/airflow/dags/customer_churn_pipeline.py                           1           0  1.25s           2025-08-27T11:57:52
================================================================================
[2025-08-27T11:58:47.858+0000] {manager.py:879} INFO - 
================================================================================
DAG File Processing Stats

File Path                                     PID    Runtime      # DAGs    # Errors  Last Runtime    Last Run
--------------------------------------------  -----  ---------  --------  ----------  --------------  -------------------
/opt/airflow/dags/customer_churn_pipeline.py                           1           0  1.06s           2025-08-27T11:58:23
================================================================================
[2025-08-27T11:59:18.275+0000] {manager.py:879} INFO - 
================================================================================
DAG File Processing Stats

File Path                                     PID    Runtime      # DAGs    # Errors  Last Runtime    Last Run
--------------------------------------------  -----  ---------  --------  ----------  --------------  -------------------
/opt/airflow/dags/customer_churn_pipeline.py                           1           0  1.72s           2025-08-27T11:58:55
================================================================================
[2025-08-27T11:59:48.781+0000] {manager.py:879} INFO - 
================================================================================
DAG File Processing Stats

File Path                                     PID    Runtime      # DAGs    # Errors  Last Runtime    Last Run
--------------------------------------------  -----  ---------  --------  ----------  --------------  -------------------
/opt/airflow/dags/customer_churn_pipeline.py                           1           0  1.10s           2025-08-27T11:59:27
================================================================================
[2025-08-27T12:00:19.274+0000] {manager.py:879} INFO - 
================================================================================
DAG File Processing Stats

File Path                                     PID    Runtime      # DAGs    # Errors  Last Runtime    Last Run
--------------------------------------------  -----  ---------  --------  ----------  --------------  -------------------
/opt/airflow/dags/customer_churn_pipeline.py                           1           0  1.42s           2025-08-27T11:59:59
================================================================================
[2025-08-27T12:00:49.712+0000] {manager.py:879} INFO - 
================================================================================
DAG File Processing Stats

File Path                                     PID    Runtime      # DAGs    # Errors  Last Runtime    Last Run
--------------------------------------------  -----  ---------  --------  ----------  --------------  -------------------
/opt/airflow/dags/customer_churn_pipeline.py                           1           0  1.33s           2025-08-27T12:00:31
================================================================================
[2025-08-27T12:01:19.787+0000] {manager.py:879} INFO - 
================================================================================
DAG File Processing Stats

File Path                                     PID    Runtime      # DAGs    # Errors  Last Runtime    Last Run
--------------------------------------------  -----  ---------  --------  ----------  --------------  -------------------
/opt/airflow/dags/customer_churn_pipeline.py                           1           0  1.48s           2025-08-27T12:01:03
================================================================================
[2025-08-27T12:01:50.085+0000] {manager.py:879} INFO - 
================================================================================
DAG File Processing Stats

File Path                                     PID    Runtime      # DAGs    # Errors  Last Runtime    Last Run
--------------------------------------------  -----  ---------  --------  ----------  --------------  -------------------
/opt/airflow/dags/customer_churn_pipeline.py                           1           0  1.19s           2025-08-27T12:01:34
================================================================================
[2025-08-27T12:02:16.671+0000] {manager.py:738} INFO - Searching for files in /opt/airflow/dags
[2025-08-27T12:02:16.747+0000] {manager.py:741} INFO - There are 1 files in /opt/airflow/dags
[2025-08-27T12:02:20.882+0000] {manager.py:879} INFO - 
================================================================================
DAG File Processing Stats

File Path                                     PID    Runtime      # DAGs    # Errors  Last Runtime    Last Run
--------------------------------------------  -----  ---------  --------  ----------  --------------  -------------------
/opt/airflow/dags/customer_churn_pipeline.py                           1           0  1.27s           2025-08-27T12:02:06
================================================================================
[2025-08-27T12:02:51.378+0000] {manager.py:879} INFO - 
================================================================================
DAG File Processing Stats

File Path                                     PID    Runtime      # DAGs    # Errors  Last Runtime    Last Run
--------------------------------------------  -----  ---------  --------  ----------  --------------  -------------------
/opt/airflow/dags/customer_churn_pipeline.py                           1           0  1.56s           2025-08-27T12:02:38
================================================================================
[2025-08-27T12:03:21.389+0000] {manager.py:879} INFO - 
================================================================================
DAG File Processing Stats

File Path                                     PID    Runtime      # DAGs    # Errors  Last Runtime    Last Run
--------------------------------------------  -----  ---------  --------  ----------  --------------  -------------------
/opt/airflow/dags/customer_churn_pipeline.py                           1           0  1.27s           2025-08-27T12:03:10
================================================================================
[2025-08-27T12:03:51.565+0000] {manager.py:879} INFO - 
================================================================================
DAG File Processing Stats

File Path                                     PID    Runtime      # DAGs    # Errors  Last Runtime    Last Run
--------------------------------------------  -----  ---------  --------  ----------  --------------  -------------------
/opt/airflow/dags/customer_churn_pipeline.py                           1           0  1.73s           2025-08-27T12:03:42
================================================================================
[2025-08-27T12:04:21.592+0000] {manager.py:879} INFO - 
================================================================================
DAG File Processing Stats

File Path                                     PID    Runtime      # DAGs    # Errors  Last Runtime    Last Run
--------------------------------------------  -----  ---------  --------  ----------  --------------  -------------------
/opt/airflow/dags/customer_churn_pipeline.py                           1           0  1.12s           2025-08-27T12:04:14
================================================================================
[2025-08-27T12:04:51.941+0000] {manager.py:879} INFO - 
================================================================================
DAG File Processing Stats

File Path                                     PID    Runtime      # DAGs    # Errors  Last Runtime    Last Run
--------------------------------------------  -----  ---------  --------  ----------  --------------  -------------------
/opt/airflow/dags/customer_churn_pipeline.py                           1           0  1.25s           2025-08-27T12:04:46
================================================================================
[2025-08-27T12:05:22.803+0000] {manager.py:879} INFO - 
================================================================================
DAG File Processing Stats

File Path                                     PID    Runtime      # DAGs    # Errors  Last Runtime    Last Run
--------------------------------------------  -----  ---------  --------  ----------  --------------  -------------------
/opt/airflow/dags/customer_churn_pipeline.py                           1           0  1.58s           2025-08-27T12:05:17
================================================================================
[2025-08-27T12:05:53.406+0000] {manager.py:879} INFO - 
================================================================================
DAG File Processing Stats

File Path                                     PID    Runtime      # DAGs    # Errors  Last Runtime    Last Run
--------------------------------------------  -----  ---------  --------  ----------  --------------  -------------------
/opt/airflow/dags/customer_churn_pipeline.py                           1           0  1.19s           2025-08-27T12:05:49
================================================================================
[2025-08-27T12:06:23.786+0000] {manager.py:879} INFO - 
================================================================================
DAG File Processing Stats

File Path                                     PID    Runtime      # DAGs    # Errors  Last Runtime    Last Run
--------------------------------------------  -----  ---------  --------  ----------  --------------  -------------------
/opt/airflow/dags/customer_churn_pipeline.py                           1           0  1.20s           2025-08-27T12:06:20
================================================================================
[2025-08-27T12:06:53.821+0000] {manager.py:879} INFO - 
================================================================================
DAG File Processing Stats

File Path                                     PID    Runtime      # DAGs    # Errors  Last Runtime    Last Run
--------------------------------------------  -----  ---------  --------  ----------  --------------  -------------------
/opt/airflow/dags/customer_churn_pipeline.py                           1           0  1.36s           2025-08-27T12:06:52
================================================================================
[2025-08-27T12:07:16.812+0000] {manager.py:738} INFO - Searching for files in /opt/airflow/dags
[2025-08-27T12:07:16.904+0000] {manager.py:741} INFO - There are 1 files in /opt/airflow/dags
[2025-08-27T12:07:24.153+0000] {manager.py:879} INFO - 
================================================================================
DAG File Processing Stats

File Path                                       PID  Runtime      # DAGs    # Errors  Last Runtime    Last Run
--------------------------------------------  -----  ---------  --------  ----------  --------------  -------------------
/opt/airflow/dags/customer_churn_pipeline.py    426  1.01s             1           0  1.36s           2025-08-27T12:06:52
================================================================================
[2025-08-27T12:07:54.540+0000] {manager.py:879} INFO - 
================================================================================
DAG File Processing Stats

File Path                                     PID    Runtime      # DAGs    # Errors  Last Runtime    Last Run
--------------------------------------------  -----  ---------  --------  ----------  --------------  -------------------
/opt/airflow/dags/customer_churn_pipeline.py                           1           0  1.41s           2025-08-27T12:07:24
================================================================================
[2025-08-27T12:08:25.149+0000] {manager.py:879} INFO - 
================================================================================
DAG File Processing Stats

File Path                                     PID    Runtime      # DAGs    # Errors  Last Runtime    Last Run
--------------------------------------------  -----  ---------  --------  ----------  --------------  -------------------
/opt/airflow/dags/customer_churn_pipeline.py                           1           0  1.40s           2025-08-27T12:07:56
================================================================================
[2025-08-27T12:08:56.039+0000] {manager.py:879} INFO - 
================================================================================
DAG File Processing Stats

File Path                                     PID    Runtime      # DAGs    # Errors  Last Runtime    Last Run
--------------------------------------------  -----  ---------  --------  ----------  --------------  -------------------
/opt/airflow/dags/customer_churn_pipeline.py                           1           0  1.16s           2025-08-27T12:08:27
================================================================================
[2025-08-27T12:09:26.116+0000] {manager.py:879} INFO - 
================================================================================
DAG File Processing Stats

File Path                                     PID    Runtime      # DAGs    # Errors  Last Runtime    Last Run
--------------------------------------------  -----  ---------  --------  ----------  --------------  -------------------
/opt/airflow/dags/customer_churn_pipeline.py                           1           0  1.47s           2025-08-27T12:08:59
================================================================================
[2025-08-27T12:09:56.143+0000] {manager.py:879} INFO - 
================================================================================
DAG File Processing Stats

File Path                                     PID    Runtime      # DAGs    # Errors  Last Runtime    Last Run
--------------------------------------------  -----  ---------  --------  ----------  --------------  -------------------
/opt/airflow/dags/customer_churn_pipeline.py                           1           0  1.19s           2025-08-27T12:09:30
================================================================================
[2025-08-27T12:10:26.468+0000] {manager.py:879} INFO - 
================================================================================
DAG File Processing Stats

File Path                                     PID    Runtime      # DAGs    # Errors  Last Runtime    Last Run
--------------------------------------------  -----  ---------  --------  ----------  --------------  -------------------
/opt/airflow/dags/customer_churn_pipeline.py                           1           0  1.13s           2025-08-27T12:10:02
================================================================================
[2025-08-27T12:10:56.510+0000] {manager.py:879} INFO - 
================================================================================
DAG File Processing Stats

File Path                                     PID    Runtime      # DAGs    # Errors  Last Runtime    Last Run
--------------------------------------------  -----  ---------  --------  ----------  --------------  -------------------
/opt/airflow/dags/customer_churn_pipeline.py                           1           0  1.32s           2025-08-27T12:10:33
================================================================================
[2025-08-27T12:11:27.116+0000] {manager.py:879} INFO - 
================================================================================
DAG File Processing Stats

File Path                                     PID    Runtime      # DAGs    # Errors  Last Runtime    Last Run
--------------------------------------------  -----  ---------  --------  ----------  --------------  -------------------
/opt/airflow/dags/customer_churn_pipeline.py                           1           0  1.59s           2025-08-27T12:11:06
================================================================================
[2025-08-27T12:11:57.876+0000] {manager.py:879} INFO - 
================================================================================
DAG File Processing Stats

File Path                                     PID    Runtime      # DAGs    # Errors  Last Runtime    Last Run
--------------------------------------------  -----  ---------  --------  ----------  --------------  -------------------
/opt/airflow/dags/customer_churn_pipeline.py                           1           0  1.34s           2025-08-27T12:11:37
================================================================================
[2025-08-27T12:12:17.311+0000] {manager.py:738} INFO - Searching for files in /opt/airflow/dags
[2025-08-27T12:12:17.865+0000] {manager.py:741} INFO - There are 1 files in /opt/airflow/dags
[2025-08-27T12:12:28.094+0000] {manager.py:879} INFO - 
================================================================================
DAG File Processing Stats

File Path                                     PID    Runtime      # DAGs    # Errors  Last Runtime    Last Run
--------------------------------------------  -----  ---------  --------  ----------  --------------  -------------------
/opt/airflow/dags/customer_churn_pipeline.py                           1           0  1.30s           2025-08-27T12:12:09
================================================================================
[2025-08-27T12:12:58.993+0000] {manager.py:879} INFO - 
================================================================================
DAG File Processing Stats

File Path                                     PID    Runtime      # DAGs    # Errors  Last Runtime    Last Run
--------------------------------------------  -----  ---------  --------  ----------  --------------  -------------------
/opt/airflow/dags/customer_churn_pipeline.py                           1           0  1.24s           2025-08-27T12:12:40
================================================================================
[2025-08-27T12:13:29.494+0000] {manager.py:879} INFO - 
================================================================================
DAG File Processing Stats

File Path                                     PID    Runtime      # DAGs    # Errors  Last Runtime    Last Run
--------------------------------------------  -----  ---------  --------  ----------  --------------  -------------------
/opt/airflow/dags/customer_churn_pipeline.py                           1           0  1.16s           2025-08-27T12:13:12
================================================================================
[2025-08-27T12:14:00.047+0000] {manager.py:879} INFO - 
================================================================================
DAG File Processing Stats

File Path                                     PID    Runtime      # DAGs    # Errors  Last Runtime    Last Run
--------------------------------------------  -----  ---------  --------  ----------  --------------  -------------------
/opt/airflow/dags/customer_churn_pipeline.py                           1           0  1.09s           2025-08-27T12:13:43
================================================================================
[2025-08-27T12:14:30.599+0000] {manager.py:879} INFO - 
================================================================================
DAG File Processing Stats

File Path                                     PID    Runtime      # DAGs    # Errors  Last Runtime    Last Run
--------------------------------------------  -----  ---------  --------  ----------  --------------  -------------------
/opt/airflow/dags/customer_churn_pipeline.py                           1           0  1.04s           2025-08-27T12:14:15
================================================================================
[2025-08-27T12:15:01.088+0000] {manager.py:879} INFO - 
================================================================================
DAG File Processing Stats

File Path                                     PID    Runtime      # DAGs    # Errors  Last Runtime    Last Run
--------------------------------------------  -----  ---------  --------  ----------  --------------  -------------------
/opt/airflow/dags/customer_churn_pipeline.py                           1           0  1.59s           2025-08-27T12:14:47
================================================================================
[2025-08-28T00:11:04.740+0000] {manager.py:738} INFO - Searching for files in /opt/airflow/dags
[2025-08-28T00:11:05.726+0000] {manager.py:741} INFO - There are 1 files in /opt/airflow/dags
[2025-08-28T19:30:49.841+0000] {manager.py:879} INFO - 
================================================================================
DAG File Processing Stats

File Path                                     PID    Runtime      # DAGs    # Errors  Last Runtime    Last Run
--------------------------------------------  -----  ---------  --------  ----------  --------------  -------------------
/opt/airflow/dags/customer_churn_pipeline.py                           1           0  1.69s           2025-08-28T00:11:07
================================================================================
[2025-08-28T19:30:49.973+0000] {manager.py:738} INFO - Searching for files in /opt/airflow/dags
[2025-08-28T19:30:54.252+0000] {manager.py:741} INFO - There are 1 files in /opt/airflow/dags
[2025-08-28T19:31:20.762+0000] {manager.py:879} INFO - 
================================================================================
DAG File Processing Stats

File Path                                     PID    Runtime      # DAGs    # Errors  Last Runtime    Last Run
--------------------------------------------  -----  ---------  --------  ----------  --------------  -------------------
/opt/airflow/dags/customer_churn_pipeline.py                           1           0  4.06s           2025-08-28T19:30:59
================================================================================
[2025-08-28T19:31:51.212+0000] {manager.py:879} INFO - 
================================================================================
DAG File Processing Stats

File Path                                     PID    Runtime      # DAGs    # Errors  Last Runtime    Last Run
--------------------------------------------  -----  ---------  --------  ----------  --------------  -------------------
/opt/airflow/dags/customer_churn_pipeline.py                           1           0  1.52s           2025-08-28T19:31:31
================================================================================
[2025-08-28T19:32:21.586+0000] {manager.py:879} INFO - 
================================================================================
DAG File Processing Stats

File Path                                     PID    Runtime      # DAGs    # Errors  Last Runtime    Last Run
--------------------------------------------  -----  ---------  --------  ----------  --------------  -------------------
/opt/airflow/dags/customer_churn_pipeline.py                           1           0  1.79s           2025-08-28T19:32:03
================================================================================
[2025-08-28T19:32:52.072+0000] {manager.py:879} INFO - 
================================================================================
DAG File Processing Stats

File Path                                     PID    Runtime      # DAGs    # Errors  Last Runtime    Last Run
--------------------------------------------  -----  ---------  --------  ----------  --------------  -------------------
/opt/airflow/dags/customer_churn_pipeline.py                           1           0  1.30s           2025-08-28T19:32:34
================================================================================
[2025-08-28T19:33:22.496+0000] {manager.py:879} INFO - 
================================================================================
DAG File Processing Stats

File Path                                     PID    Runtime      # DAGs    # Errors  Last Runtime    Last Run
--------------------------------------------  -----  ---------  --------  ----------  --------------  -------------------
/opt/airflow/dags/customer_churn_pipeline.py                           1           0  1.38s           2025-08-28T19:33:06
================================================================================
[2025-08-28T19:33:52.792+0000] {manager.py:879} INFO - 
================================================================================
DAG File Processing Stats

File Path                                     PID    Runtime      # DAGs    # Errors  Last Runtime    Last Run
--------------------------------------------  -----  ---------  --------  ----------  --------------  -------------------
/opt/airflow/dags/customer_churn_pipeline.py                           1           0  1.13s           2025-08-28T19:33:37
================================================================================
[2025-08-28T19:34:22.776+0000] {manager.py:879} INFO - 
================================================================================
DAG File Processing Stats

File Path                                     PID    Runtime      # DAGs    # Errors  Last Runtime    Last Run
--------------------------------------------  -----  ---------  --------  ----------  --------------  -------------------
/opt/airflow/dags/customer_churn_pipeline.py                           1           0  1.92s           2025-08-28T19:34:10
================================================================================
[2025-08-28T19:34:53.496+0000] {manager.py:879} INFO - 
================================================================================
DAG File Processing Stats

File Path                                     PID    Runtime      # DAGs    # Errors  Last Runtime    Last Run
--------------------------------------------  -----  ---------  --------  ----------  --------------  -------------------
/opt/airflow/dags/customer_churn_pipeline.py                           1           0  1.29s           2025-08-28T19:34:41
================================================================================
[2025-08-28T19:35:23.957+0000] {manager.py:879} INFO - 
================================================================================
DAG File Processing Stats

File Path                                     PID    Runtime      # DAGs    # Errors  Last Runtime    Last Run
--------------------------------------------  -----  ---------  --------  ----------  --------------  -------------------
/opt/airflow/dags/customer_churn_pipeline.py                           1           0  1.35s           2025-08-28T19:35:13
================================================================================
[2025-08-28T19:35:50.343+0000] {manager.py:738} INFO - Searching for files in /opt/airflow/dags
[2025-08-28T19:35:50.493+0000] {manager.py:741} INFO - There are 1 files in /opt/airflow/dags
[2025-08-28T19:35:54.599+0000] {manager.py:879} INFO - 
================================================================================
DAG File Processing Stats

File Path                                     PID    Runtime      # DAGs    # Errors  Last Runtime    Last Run
--------------------------------------------  -----  ---------  --------  ----------  --------------  -------------------
/opt/airflow/dags/customer_churn_pipeline.py                           1           0  1.12s           2025-08-28T19:35:44
================================================================================
[2025-08-28T19:36:24.605+0000] {manager.py:879} INFO - 
================================================================================
DAG File Processing Stats

File Path                                     PID    Runtime      # DAGs    # Errors  Last Runtime    Last Run
--------------------------------------------  -----  ---------  --------  ----------  --------------  -------------------
/opt/airflow/dags/customer_churn_pipeline.py                           1           0  1.69s           2025-08-28T19:36:16
================================================================================
[2025-08-28T19:36:54.962+0000] {manager.py:879} INFO - 
================================================================================
DAG File Processing Stats

File Path                                     PID    Runtime      # DAGs    # Errors  Last Runtime    Last Run
--------------------------------------------  -----  ---------  --------  ----------  --------------  -------------------
/opt/airflow/dags/customer_churn_pipeline.py                           1           0  1.02s           2025-08-28T19:36:47
================================================================================
[2025-08-28T19:37:25.410+0000] {manager.py:879} INFO - 
================================================================================
DAG File Processing Stats

File Path                                     PID    Runtime      # DAGs    # Errors  Last Runtime    Last Run
--------------------------------------------  -----  ---------  --------  ----------  --------------  -------------------
/opt/airflow/dags/customer_churn_pipeline.py                           1           0  1.10s           2025-08-28T19:37:19
================================================================================
[2025-08-28T19:37:55.829+0000] {manager.py:879} INFO - 
================================================================================
DAG File Processing Stats

File Path                                     PID    Runtime      # DAGs    # Errors  Last Runtime    Last Run
--------------------------------------------  -----  ---------  --------  ----------  --------------  -------------------
/opt/airflow/dags/customer_churn_pipeline.py                           1           0  1.21s           2025-08-28T19:37:50
================================================================================
[2025-08-28T19:38:25.781+0000] {manager.py:879} INFO - 
================================================================================
DAG File Processing Stats

File Path                                     PID    Runtime      # DAGs    # Errors  Last Runtime    Last Run
--------------------------------------------  -----  ---------  --------  ----------  --------------  -------------------
/opt/airflow/dags/customer_churn_pipeline.py                           1           0  1.44s           2025-08-28T19:38:22
================================================================================
[2025-08-28T19:38:55.806+0000] {manager.py:879} INFO - 
================================================================================
DAG File Processing Stats

File Path                                     PID    Runtime      # DAGs    # Errors  Last Runtime    Last Run
--------------------------------------------  -----  ---------  --------  ----------  --------------  -------------------
/opt/airflow/dags/customer_churn_pipeline.py                           1           0  1.31s           2025-08-28T19:38:54
================================================================================
[2025-08-28T19:39:25.760+0000] {manager.py:879} INFO - 
================================================================================
DAG File Processing Stats

File Path                                       PID  Runtime      # DAGs    # Errors  Last Runtime    Last Run
--------------------------------------------  -----  ---------  --------  ----------  --------------  -------------------
/opt/airflow/dags/customer_churn_pipeline.py   1053  1.13s             1           0  1.31s           2025-08-28T19:38:54
================================================================================
[2025-08-28T19:39:55.727+0000] {manager.py:879} INFO - 
================================================================================
DAG File Processing Stats

File Path                                     PID    Runtime      # DAGs    # Errors  Last Runtime    Last Run
--------------------------------------------  -----  ---------  --------  ----------  --------------  -------------------
/opt/airflow/dags/customer_churn_pipeline.py                           1           0  1.74s           2025-08-28T19:39:26
================================================================================
[2025-08-28T19:40:26.298+0000] {manager.py:879} INFO - 
================================================================================
DAG File Processing Stats

File Path                                     PID    Runtime      # DAGs    # Errors  Last Runtime    Last Run
--------------------------------------------  -----  ---------  --------  ----------  --------------  -------------------
/opt/airflow/dags/customer_churn_pipeline.py                           1           0  1.20s           2025-08-28T19:39:57
================================================================================
[2025-08-28T19:40:50.841+0000] {manager.py:738} INFO - Searching for files in /opt/airflow/dags
[2025-08-28T19:40:50.911+0000] {manager.py:741} INFO - There are 1 files in /opt/airflow/dags
[2025-08-28T19:40:56.993+0000] {manager.py:879} INFO - 
================================================================================
DAG File Processing Stats

File Path                                     PID    Runtime      # DAGs    # Errors  Last Runtime    Last Run
--------------------------------------------  -----  ---------  --------  ----------  --------------  -------------------
/opt/airflow/dags/customer_churn_pipeline.py                           1           0  1.19s           2025-08-28T19:40:29
================================================================================
[2025-08-28T19:41:27.402+0000] {manager.py:879} INFO - 
================================================================================
DAG File Processing Stats

File Path                                     PID    Runtime      # DAGs    # Errors  Last Runtime    Last Run
--------------------------------------------  -----  ---------  --------  ----------  --------------  -------------------
/opt/airflow/dags/customer_churn_pipeline.py                           1           0  0.96s           2025-08-28T19:41:01
================================================================================
[2025-08-28T19:41:57.794+0000] {manager.py:879} INFO - 
================================================================================
DAG File Processing Stats

File Path                                     PID    Runtime      # DAGs    # Errors  Last Runtime    Last Run
--------------------------------------------  -----  ---------  --------  ----------  --------------  -------------------
/opt/airflow/dags/customer_churn_pipeline.py                           1           0  1.57s           2025-08-28T19:41:33
================================================================================
[2025-08-28T19:42:28.215+0000] {manager.py:879} INFO - 
================================================================================
DAG File Processing Stats

File Path                                     PID    Runtime      # DAGs    # Errors  Last Runtime    Last Run
--------------------------------------------  -----  ---------  --------  ----------  --------------  -------------------
/opt/airflow/dags/customer_churn_pipeline.py                           1           0  1.10s           2025-08-28T19:42:04
================================================================================
[2025-08-28T19:42:58.771+0000] {manager.py:879} INFO - 
================================================================================
DAG File Processing Stats

File Path                                     PID    Runtime      # DAGs    # Errors  Last Runtime    Last Run
--------------------------------------------  -----  ---------  --------  ----------  --------------  -------------------
/opt/airflow/dags/customer_churn_pipeline.py                           1           0  1.34s           2025-08-28T19:42:36
================================================================================
[2025-08-28T19:43:29.239+0000] {manager.py:879} INFO - 
================================================================================
DAG File Processing Stats

File Path                                     PID    Runtime      # DAGs    # Errors  Last Runtime    Last Run
--------------------------------------------  -----  ---------  --------  ----------  --------------  -------------------
/opt/airflow/dags/customer_churn_pipeline.py                           1           0  1.13s           2025-08-28T19:43:07
================================================================================
[2025-08-28T19:43:59.593+0000] {manager.py:879} INFO - 
================================================================================
DAG File Processing Stats

File Path                                     PID    Runtime      # DAGs    # Errors  Last Runtime    Last Run
--------------------------------------------  -----  ---------  --------  ----------  --------------  -------------------
/opt/airflow/dags/customer_churn_pipeline.py                           1           0  1.24s           2025-08-28T19:43:39
================================================================================
[2025-08-28T19:44:10.424+0000] {manager.py:451} INFO - Exiting gracefully upon receiving signal 15
[2025-08-28T19:44:10.429+0000] {manager.py:451} INFO - Exiting gracefully upon receiving signal 15
[2025-08-28T19:44:11.123+0000] {manager.py:451} INFO - Exiting gracefully upon receiving signal 15
[2025-08-28T19:45:29.935+0000] {manager.py:469} INFO - Processing files using up to 2 processes at a time 
[2025-08-28T19:45:29.936+0000] {manager.py:470} INFO - Process each file at most once every 30 seconds
[2025-08-28T19:45:29.938+0000] {manager.py:471} INFO - Checking for new files in /opt/airflow/dags every 300 seconds
[2025-08-28T19:45:29.939+0000] {manager.py:738} INFO - Searching for files in /opt/airflow/dags
[2025-08-28T19:45:30.010+0000] {manager.py:741} INFO - There are 1 files in /opt/airflow/dags
[2025-08-28T19:45:30.138+0000] {manager.py:879} INFO - 
================================================================================
DAG File Processing Stats

File Path                                       PID  Runtime      # DAGs    # Errors  Last Runtime    Last Run
--------------------------------------------  -----  ---------  --------  ----------  --------------  ----------
/opt/airflow/dags/customer_churn_pipeline.py     64  0.05s             0           0
================================================================================
[2025-08-28T19:46:00.216+0000] {manager.py:879} INFO - 
================================================================================
DAG File Processing Stats

File Path                                     PID    Runtime      # DAGs    # Errors  Last Runtime    Last Run
--------------------------------------------  -----  ---------  --------  ----------  --------------  -------------------
/opt/airflow/dags/customer_churn_pipeline.py                           1           0  3.88s           2025-08-28T19:45:33
================================================================================
[2025-08-28T19:46:30.272+0000] {manager.py:879} INFO - 
================================================================================
DAG File Processing Stats

File Path                                     PID    Runtime      # DAGs    # Errors  Last Runtime    Last Run
--------------------------------------------  -----  ---------  --------  ----------  --------------  -------------------
/opt/airflow/dags/customer_churn_pipeline.py                           1           0  1.79s           2025-08-28T19:46:06
================================================================================
[2025-08-28T19:47:00.732+0000] {manager.py:879} INFO - 
================================================================================
DAG File Processing Stats

File Path                                     PID    Runtime      # DAGs    # Errors  Last Runtime    Last Run
--------------------------------------------  -----  ---------  --------  ----------  --------------  -------------------
/opt/airflow/dags/customer_churn_pipeline.py                           1           0  1.04s           2025-08-28T19:46:37
================================================================================
[2025-08-28T19:47:31.314+0000] {manager.py:879} INFO - 
================================================================================
DAG File Processing Stats

File Path                                     PID    Runtime      # DAGs    # Errors  Last Runtime    Last Run
--------------------------------------------  -----  ---------  --------  ----------  --------------  -------------------
/opt/airflow/dags/customer_churn_pipeline.py                           1           0  1.33s           2025-08-28T19:47:09
================================================================================
[2025-08-28T19:48:01.619+0000] {manager.py:879} INFO - 
================================================================================
DAG File Processing Stats

File Path                                     PID    Runtime      # DAGs    # Errors  Last Runtime    Last Run
--------------------------------------------  -----  ---------  --------  ----------  --------------  -------------------
/opt/airflow/dags/customer_churn_pipeline.py                           1           0  1.68s           2025-08-28T19:47:41
================================================================================
[2025-08-28T19:48:31.469+0000] {manager.py:879} INFO - 
================================================================================
DAG File Processing Stats

File Path                                     PID    Runtime      # DAGs    # Errors  Last Runtime    Last Run
--------------------------------------------  -----  ---------  --------  ----------  --------------  -------------------
/opt/airflow/dags/customer_churn_pipeline.py                           1           0  1.64s           2025-08-28T19:48:13
================================================================================
[2025-08-28T19:49:01.516+0000] {manager.py:879} INFO - 
================================================================================
DAG File Processing Stats

File Path                                     PID    Runtime      # DAGs    # Errors  Last Runtime    Last Run
--------------------------------------------  -----  ---------  --------  ----------  --------------  -------------------
/opt/airflow/dags/customer_churn_pipeline.py                           1           0  1.06s           2025-08-28T19:48:44
================================================================================
[2025-08-28T19:49:31.863+0000] {manager.py:879} INFO - 
================================================================================
DAG File Processing Stats

File Path                                     PID    Runtime      # DAGs    # Errors  Last Runtime    Last Run
--------------------------------------------  -----  ---------  --------  ----------  --------------  -------------------
/opt/airflow/dags/customer_churn_pipeline.py                           1           0  1.34s           2025-08-28T19:49:16
================================================================================
[2025-08-28T19:50:02.159+0000] {manager.py:879} INFO - 
================================================================================
DAG File Processing Stats

File Path                                     PID    Runtime      # DAGs    # Errors  Last Runtime    Last Run
--------------------------------------------  -----  ---------  --------  ----------  --------------  -------------------
/opt/airflow/dags/customer_churn_pipeline.py                           1           0  1.48s           2025-08-28T19:49:48
================================================================================
[2025-08-28T19:50:30.499+0000] {manager.py:738} INFO - Searching for files in /opt/airflow/dags
[2025-08-28T19:50:30.615+0000] {manager.py:741} INFO - There are 1 files in /opt/airflow/dags
[2025-08-28T19:50:32.647+0000] {manager.py:879} INFO - 
================================================================================
DAG File Processing Stats

File Path                                     PID    Runtime      # DAGs    # Errors  Last Runtime    Last Run
--------------------------------------------  -----  ---------  --------  ----------  --------------  -------------------
/opt/airflow/dags/customer_churn_pipeline.py                           1           0  1.13s           2025-08-28T19:50:19
================================================================================
[2025-08-28T19:51:03.066+0000] {manager.py:879} INFO - 
================================================================================
DAG File Processing Stats

File Path                                     PID    Runtime      # DAGs    # Errors  Last Runtime    Last Run
--------------------------------------------  -----  ---------  --------  ----------  --------------  -------------------
/opt/airflow/dags/customer_churn_pipeline.py                           1           0  1.86s           2025-08-28T19:50:51
================================================================================
[2025-08-28T19:51:33.343+0000] {manager.py:879} INFO - 
================================================================================
DAG File Processing Stats

File Path                                     PID    Runtime      # DAGs    # Errors  Last Runtime    Last Run
--------------------------------------------  -----  ---------  --------  ----------  --------------  -------------------
/opt/airflow/dags/customer_churn_pipeline.py                           1           0  1.15s           2025-08-28T19:51:23
================================================================================
[2025-08-28T19:52:03.674+0000] {manager.py:879} INFO - 
================================================================================
DAG File Processing Stats

File Path                                     PID    Runtime      # DAGs    # Errors  Last Runtime    Last Run
--------------------------------------------  -----  ---------  --------  ----------  --------------  -------------------
/opt/airflow/dags/customer_churn_pipeline.py                           1           0  1.26s           2025-08-28T19:51:54
================================================================================
[2025-08-28T19:52:16.013+0000] {manager.py:451} INFO - Exiting gracefully upon receiving signal 15
[2025-08-28T19:53:36.912+0000] {manager.py:469} INFO - Processing files using up to 2 processes at a time 
[2025-08-28T19:53:36.917+0000] {manager.py:470} INFO - Process each file at most once every 30 seconds
[2025-08-28T19:53:36.923+0000] {manager.py:471} INFO - Checking for new files in /opt/airflow/dags every 300 seconds
[2025-08-28T19:53:36.929+0000] {manager.py:738} INFO - Searching for files in /opt/airflow/dags
[2025-08-28T19:53:37.143+0000] {manager.py:741} INFO - There are 1 files in /opt/airflow/dags
[2025-08-28T19:53:37.330+0000] {manager.py:879} INFO - 
================================================================================
DAG File Processing Stats

File Path                                       PID  Runtime      # DAGs    # Errors  Last Runtime    Last Run
--------------------------------------------  -----  ---------  --------  ----------  --------------  ----------
/opt/airflow/dags/customer_churn_pipeline.py     65  0.09s             0           0
================================================================================
[2025-08-28T19:54:07.681+0000] {manager.py:879} INFO - 
================================================================================
DAG File Processing Stats

File Path                                     PID    Runtime      # DAGs    # Errors  Last Runtime    Last Run
--------------------------------------------  -----  ---------  --------  ----------  --------------  -------------------
/opt/airflow/dags/customer_churn_pipeline.py                           1           0  3.26s           2025-08-28T19:53:40
================================================================================
[2025-08-28T19:54:37.916+0000] {manager.py:879} INFO - 
================================================================================
DAG File Processing Stats

File Path                                     PID    Runtime      # DAGs    # Errors  Last Runtime    Last Run
--------------------------------------------  -----  ---------  --------  ----------  --------------  -------------------
/opt/airflow/dags/customer_churn_pipeline.py                           1           0  1.52s           2025-08-28T19:54:12
================================================================================
[2025-08-28T19:55:07.861+0000] {manager.py:879} INFO - 
================================================================================
DAG File Processing Stats

File Path                                     PID    Runtime      # DAGs    # Errors  Last Runtime    Last Run
--------------------------------------------  -----  ---------  --------  ----------  --------------  -------------------
/opt/airflow/dags/customer_churn_pipeline.py                           1           0  1.36s           2025-08-28T19:54:43
================================================================================
[2025-08-28T19:55:38.233+0000] {manager.py:879} INFO - 
================================================================================
DAG File Processing Stats

File Path                                     PID    Runtime      # DAGs    # Errors  Last Runtime    Last Run
--------------------------------------------  -----  ---------  --------  ----------  --------------  -------------------
/opt/airflow/dags/customer_churn_pipeline.py                           1           0  1.18s           2025-08-28T19:55:15
================================================================================
[2025-08-28T19:56:08.929+0000] {manager.py:879} INFO - 
================================================================================
DAG File Processing Stats

File Path                                     PID    Runtime      # DAGs    # Errors  Last Runtime    Last Run
--------------------------------------------  -----  ---------  --------  ----------  --------------  -------------------
/opt/airflow/dags/customer_churn_pipeline.py                           1           0  1.32s           2025-08-28T19:55:46
================================================================================
[2025-08-28T19:56:38.490+0000] {manager.py:879} INFO - 
================================================================================
DAG File Processing Stats

File Path                                     PID    Runtime      # DAGs    # Errors  Last Runtime    Last Run
--------------------------------------------  -----  ---------  --------  ----------  --------------  -------------------
/opt/airflow/dags/customer_churn_pipeline.py                           1           0  1.44s           2025-08-28T19:56:19
================================================================================
[2025-08-28T19:57:08.759+0000] {manager.py:879} INFO - 
================================================================================
DAG File Processing Stats

File Path                                     PID    Runtime      # DAGs    # Errors  Last Runtime    Last Run
--------------------------------------------  -----  ---------  --------  ----------  --------------  -------------------
/opt/airflow/dags/customer_churn_pipeline.py                           1           0  1.61s           2025-08-28T19:56:50
================================================================================
[2025-08-28T19:57:39.225+0000] {manager.py:879} INFO - 
================================================================================
DAG File Processing Stats

File Path                                     PID    Runtime      # DAGs    # Errors  Last Runtime    Last Run
--------------------------------------------  -----  ---------  --------  ----------  --------------  -------------------
/opt/airflow/dags/customer_churn_pipeline.py                           1           0  1.18s           2025-08-28T19:57:22
================================================================================
[2025-08-28T19:58:09.566+0000] {manager.py:879} INFO - 
================================================================================
DAG File Processing Stats

File Path                                     PID    Runtime      # DAGs    # Errors  Last Runtime    Last Run
--------------------------------------------  -----  ---------  --------  ----------  --------------  -------------------
/opt/airflow/dags/customer_churn_pipeline.py                           1           0  1.21s           2025-08-28T19:57:53
================================================================================
[2025-08-28T19:58:36.986+0000] {manager.py:738} INFO - Searching for files in /opt/airflow/dags
[2025-08-28T19:58:37.068+0000] {manager.py:741} INFO - There are 1 files in /opt/airflow/dags
[2025-08-28T19:58:39.808+0000] {manager.py:879} INFO - 
================================================================================
DAG File Processing Stats

File Path                                     PID    Runtime      # DAGs    # Errors  Last Runtime    Last Run
--------------------------------------------  -----  ---------  --------  ----------  --------------  -------------------
/opt/airflow/dags/customer_churn_pipeline.py                           1           0  1.26s           2025-08-28T19:58:25
================================================================================
[2025-08-28T19:59:10.416+0000] {manager.py:879} INFO - 
================================================================================
DAG File Processing Stats

File Path                                     PID    Runtime      # DAGs    # Errors  Last Runtime    Last Run
--------------------------------------------  -----  ---------  --------  ----------  --------------  -------------------
/opt/airflow/dags/customer_churn_pipeline.py                           1           0  1.21s           2025-08-28T19:58:56
================================================================================
[2025-08-28T19:59:40.788+0000] {manager.py:879} INFO - 
================================================================================
DAG File Processing Stats

File Path                                     PID    Runtime      # DAGs    # Errors  Last Runtime    Last Run
--------------------------------------------  -----  ---------  --------  ----------  --------------  -------------------
/opt/airflow/dags/customer_churn_pipeline.py                           1           0  1.11s           2025-08-28T19:59:27
================================================================================
[2025-08-28T20:00:10.725+0000] {manager.py:879} INFO - 
================================================================================
DAG File Processing Stats

File Path                                     PID    Runtime      # DAGs    # Errors  Last Runtime    Last Run
--------------------------------------------  -----  ---------  --------  ----------  --------------  -------------------
/opt/airflow/dags/customer_churn_pipeline.py                           1           0  1.67s           2025-08-28T19:59:59
================================================================================
[2025-08-28T20:00:41.008+0000] {manager.py:879} INFO - 
================================================================================
DAG File Processing Stats

File Path                                     PID    Runtime      # DAGs    # Errors  Last Runtime    Last Run
--------------------------------------------  -----  ---------  --------  ----------  --------------  -------------------
/opt/airflow/dags/customer_churn_pipeline.py                           1           0  1.11s           2025-08-28T20:00:30
================================================================================
[2025-08-28T20:01:11.062+0000] {manager.py:879} INFO - 
================================================================================
DAG File Processing Stats

File Path                                     PID    Runtime      # DAGs    # Errors  Last Runtime    Last Run
--------------------------------------------  -----  ---------  --------  ----------  --------------  -------------------
/opt/airflow/dags/customer_churn_pipeline.py                           1           0  1.51s           2025-08-28T20:01:02
================================================================================
[2025-08-28T20:01:41.419+0000] {manager.py:879} INFO - 
================================================================================
DAG File Processing Stats

File Path                                     PID    Runtime      # DAGs    # Errors  Last Runtime    Last Run
--------------------------------------------  -----  ---------  --------  ----------  --------------  -------------------
/opt/airflow/dags/customer_churn_pipeline.py                           1           0  1.34s           2025-08-28T20:01:34
================================================================================
[2025-08-28T20:02:12.040+0000] {manager.py:879} INFO - 
================================================================================
DAG File Processing Stats

File Path                                     PID    Runtime      # DAGs    # Errors  Last Runtime    Last Run
--------------------------------------------  -----  ---------  --------  ----------  --------------  -------------------
/opt/airflow/dags/customer_churn_pipeline.py                           1           0  1.41s           2025-08-28T20:02:06
================================================================================
[2025-08-28T20:02:42.446+0000] {manager.py:879} INFO - 
================================================================================
DAG File Processing Stats

File Path                                     PID    Runtime      # DAGs    # Errors  Last Runtime    Last Run
--------------------------------------------  -----  ---------  --------  ----------  --------------  -------------------
/opt/airflow/dags/customer_churn_pipeline.py                           1           0  1.38s           2025-08-28T20:02:37
================================================================================
[2025-08-28T20:03:12.466+0000] {manager.py:879} INFO - 
================================================================================
DAG File Processing Stats

File Path                                     PID    Runtime      # DAGs    # Errors  Last Runtime    Last Run
--------------------------------------------  -----  ---------  --------  ----------  --------------  -------------------
/opt/airflow/dags/customer_churn_pipeline.py                           1           0  1.34s           2025-08-28T20:03:09
================================================================================
[2025-08-28T20:03:37.155+0000] {manager.py:738} INFO - Searching for files in /opt/airflow/dags
[2025-08-28T20:03:37.227+0000] {manager.py:741} INFO - There are 1 files in /opt/airflow/dags
[2025-08-28T20:03:42.514+0000] {manager.py:879} INFO - 
================================================================================
DAG File Processing Stats

File Path                                     PID    Runtime      # DAGs    # Errors  Last Runtime    Last Run
--------------------------------------------  -----  ---------  --------  ----------  --------------  -------------------
/opt/airflow/dags/customer_churn_pipeline.py                           1           0  1.75s           2025-08-28T20:03:41
================================================================================
[2025-08-28T20:04:12.385+0000] {manager.py:879} INFO - 
================================================================================
DAG File Processing Stats

File Path                                       PID  Runtime      # DAGs    # Errors  Last Runtime    Last Run
--------------------------------------------  -----  ---------  --------  ----------  --------------  -------------------
/opt/airflow/dags/customer_churn_pipeline.py    445  1.02s             1           0  1.75s           2025-08-28T20:03:41
================================================================================
[2025-08-28T20:04:42.308+0000] {manager.py:879} INFO - 
================================================================================
DAG File Processing Stats

File Path                                     PID    Runtime      # DAGs    # Errors  Last Runtime    Last Run
--------------------------------------------  -----  ---------  --------  ----------  --------------  -------------------
/opt/airflow/dags/customer_churn_pipeline.py                           1           0  1.78s           2025-08-28T20:04:13
================================================================================
[2025-08-28T20:05:13.339+0000] {manager.py:879} INFO - 
================================================================================
DAG File Processing Stats

File Path                                     PID    Runtime      # DAGs    # Errors  Last Runtime    Last Run
--------------------------------------------  -----  ---------  --------  ----------  --------------  -------------------
/opt/airflow/dags/customer_churn_pipeline.py                           1           0  1.26s           2025-08-28T20:04:44
================================================================================
[2025-08-28T20:05:43.407+0000] {manager.py:879} INFO - 
================================================================================
DAG File Processing Stats

File Path                                     PID    Runtime      # DAGs    # Errors  Last Runtime    Last Run
--------------------------------------------  -----  ---------  --------  ----------  --------------  -------------------
/opt/airflow/dags/customer_churn_pipeline.py                           1           0  1.26s           2025-08-28T20:05:16
================================================================================
[2025-08-28T20:06:13.556+0000] {manager.py:879} INFO - 
================================================================================
DAG File Processing Stats

File Path                                     PID    Runtime      # DAGs    # Errors  Last Runtime    Last Run
--------------------------------------------  -----  ---------  --------  ----------  --------------  -------------------
/opt/airflow/dags/customer_churn_pipeline.py                           1           0  1.00s           2025-08-28T20:05:48
================================================================================
[2025-08-28T20:06:43.597+0000] {manager.py:879} INFO - 
================================================================================
DAG File Processing Stats

File Path                                     PID    Runtime      # DAGs    # Errors  Last Runtime    Last Run
--------------------------------------------  -----  ---------  --------  ----------  --------------  -------------------
/opt/airflow/dags/customer_churn_pipeline.py                           1           0  0.94s           2025-08-28T20:06:19
================================================================================
[2025-08-28T20:07:15.883+0000] {manager.py:879} INFO - 
================================================================================
DAG File Processing Stats

File Path                                     PID    Runtime      # DAGs    # Errors  Last Runtime    Last Run
--------------------------------------------  -----  ---------  --------  ----------  --------------  -------------------
/opt/airflow/dags/customer_churn_pipeline.py                           1           0  1.02s           2025-08-28T20:06:50
================================================================================
[2025-08-28T20:32:29.757+0000] {manager.py:738} INFO - Searching for files in /opt/airflow/dags
[2025-08-28T20:32:31.543+0000] {manager.py:741} INFO - There are 1 files in /opt/airflow/dags
[2025-08-28T20:32:38.725+0000] {manager.py:879} INFO - 
================================================================================
DAG File Processing Stats

File Path                                     PID    Runtime      # DAGs    # Errors  Last Runtime    Last Run
--------------------------------------------  -----  ---------  --------  ----------  --------------  -------------------
/opt/airflow/dags/customer_churn_pipeline.py                           1           0  1.77s           2025-08-28T20:32:33
================================================================================
[2025-08-29T06:38:35.923+0000] {manager.py:738} INFO - Searching for files in /opt/airflow/dags
[2025-08-29T06:38:37.990+0000] {manager.py:741} INFO - There are 1 files in /opt/airflow/dags
[2025-09-22T11:08:43.664+0000] {manager.py:738} INFO - Searching for files in /opt/airflow/dags
[2025-09-22T11:08:47.600+0000] {manager.py:741} INFO - There are 1 files in /opt/airflow/dags
[2025-09-22T11:08:59.603+0000] {manager.py:879} INFO - 
================================================================================
DAG File Processing Stats

File Path                                     PID    Runtime      # DAGs    # Errors  Last Runtime    Last Run
--------------------------------------------  -----  ---------  --------  ----------  --------------  -------------------
/opt/airflow/dags/customer_churn_pipeline.py                           1           0  2.31s           2025-09-22T11:08:49
================================================================================
[2025-09-22T11:09:29.556+0000] {manager.py:879} INFO - 
================================================================================
DAG File Processing Stats

File Path                                     PID    Runtime      # DAGs    # Errors  Last Runtime    Last Run
--------------------------------------------  -----  ---------  --------  ----------  --------------  -------------------
/opt/airflow/dags/customer_churn_pipeline.py                           1           0  1.39s           2025-09-22T11:09:21
================================================================================
[2025-09-22T11:09:59.567+0000] {manager.py:879} INFO - 
================================================================================
DAG File Processing Stats

File Path                                     PID    Runtime      # DAGs    # Errors  Last Runtime    Last Run
--------------------------------------------  -----  ---------  --------  ----------  --------------  -------------------
/opt/airflow/dags/customer_churn_pipeline.py                           1           0  2.21s           2025-09-22T11:09:54
================================================================================
[2025-09-22T11:10:29.010+0000] {manager.py:879} INFO - 
================================================================================
DAG File Processing Stats

File Path                                       PID  Runtime      # DAGs    # Errors  Last Runtime    Last Run
--------------------------------------------  -----  ---------  --------  ----------  --------------  -------------------
/opt/airflow/dags/customer_churn_pipeline.py    673  4.18s             1           0  2.21s           2025-09-22T11:09:54
================================================================================
[2025-09-22T11:10:57.226+0000] {manager.py:879} INFO - 
================================================================================
DAG File Processing Stats

File Path                                     PID    Runtime      # DAGs    # Errors  Last Runtime    Last Run
--------------------------------------------  -----  ---------  --------  ----------  --------------  -------------------
/opt/airflow/dags/customer_churn_pipeline.py                           1           0  4.23s           2025-09-22T11:10:29
================================================================================
[2025-09-22T11:11:25.028+0000] {manager.py:879} INFO - 
================================================================================
DAG File Processing Stats

File Path                                     PID    Runtime      # DAGs    # Errors  Last Runtime    Last Run
--------------------------------------------  -----  ---------  --------  ----------  --------------  -------------------
/opt/airflow/dags/customer_churn_pipeline.py                           1           0  2.20s           2025-09-22T11:11:01
================================================================================
[2025-09-22T11:11:52.891+0000] {manager.py:879} INFO - 
================================================================================
DAG File Processing Stats

File Path                                     PID    Runtime      # DAGs    # Errors  Last Runtime    Last Run
--------------------------------------------  -----  ---------  --------  ----------  --------------  -------------------
/opt/airflow/dags/customer_churn_pipeline.py                           1           0  3.48s           2025-09-22T11:11:36
================================================================================
[2025-09-22T11:12:20.502+0000] {manager.py:879} INFO - 
================================================================================
DAG File Processing Stats

File Path                                     PID    Runtime      # DAGs    # Errors  Last Runtime    Last Run
--------------------------------------------  -----  ---------  --------  ----------  --------------  -------------------
/opt/airflow/dags/customer_churn_pipeline.py                           1           0  3.66s           2025-09-22T11:12:10
================================================================================
[2025-09-22T11:12:47.812+0000] {manager.py:879} INFO - 
================================================================================
DAG File Processing Stats

File Path                                     PID    Runtime      # DAGs    # Errors  Last Runtime    Last Run
--------------------------------------------  -----  ---------  --------  ----------  --------------  -------------------
/opt/airflow/dags/customer_churn_pipeline.py                           1           0  2.65s           2025-09-22T11:12:43
================================================================================
[2025-09-22T11:13:15.306+0000] {manager.py:879} INFO - 
================================================================================
DAG File Processing Stats

File Path                                     PID    Runtime      # DAGs    # Errors  Last Runtime    Last Run
--------------------------------------------  -----  ---------  --------  ----------  --------------  -------------------
/opt/airflow/dags/customer_churn_pipeline.py                           1           0  1.67s           2025-09-22T11:13:15
================================================================================
[2025-09-22T11:13:43.340+0000] {manager.py:879} INFO - 
================================================================================
DAG File Processing Stats

File Path                                     PID    Runtime      # DAGs    # Errors  Last Runtime    Last Run
--------------------------------------------  -----  ---------  --------  ----------  --------------  -------------------
/opt/airflow/dags/customer_churn_pipeline.py                           1           0  1.67s           2025-09-22T11:13:15
================================================================================
[2025-09-22T11:13:44.355+0000] {manager.py:738} INFO - Searching for files in /opt/airflow/dags
[2025-09-22T11:13:44.542+0000] {manager.py:741} INFO - There are 1 files in /opt/airflow/dags
[2025-09-22T11:14:11.514+0000] {manager.py:879} INFO - 
================================================================================
DAG File Processing Stats

File Path                                     PID    Runtime      # DAGs    # Errors  Last Runtime    Last Run
--------------------------------------------  -----  ---------  --------  ----------  --------------  -------------------
/opt/airflow/dags/customer_churn_pipeline.py                           1           0  -0.41s          2025-09-22T11:13:45
================================================================================
[2025-09-22T11:14:38.942+0000] {manager.py:879} INFO - 
================================================================================
DAG File Processing Stats

File Path                                     PID    Runtime      # DAGs    # Errors  Last Runtime    Last Run
--------------------------------------------  -----  ---------  --------  ----------  --------------  -------------------
/opt/airflow/dags/customer_churn_pipeline.py                           1           0  1.58s           2025-09-22T11:14:17
================================================================================
[2025-09-22T11:15:07.155+0000] {manager.py:879} INFO - 
================================================================================
DAG File Processing Stats

File Path                                     PID    Runtime      # DAGs    # Errors  Last Runtime    Last Run
--------------------------------------------  -----  ---------  --------  ----------  --------------  -------------------
/opt/airflow/dags/customer_churn_pipeline.py                           1           0  2.02s           2025-09-22T11:14:50
================================================================================
[2025-09-22T11:15:35.005+0000] {manager.py:879} INFO - 
================================================================================
DAG File Processing Stats

File Path                                     PID    Runtime      # DAGs    # Errors  Last Runtime    Last Run
--------------------------------------------  -----  ---------  --------  ----------  --------------  -------------------
/opt/airflow/dags/customer_churn_pipeline.py                           1           0  1.44s           2025-09-22T11:15:22
================================================================================
[2025-09-22T11:16:02.921+0000] {manager.py:879} INFO - 
================================================================================
DAG File Processing Stats

File Path                                     PID    Runtime      # DAGs    # Errors  Last Runtime    Last Run
--------------------------------------------  -----  ---------  --------  ----------  --------------  -------------------
/opt/airflow/dags/customer_churn_pipeline.py                           1           0  0.94s           2025-09-22T11:15:53
================================================================================
[2025-09-22T11:16:30.204+0000] {manager.py:879} INFO - 
================================================================================
DAG File Processing Stats

File Path                                     PID    Runtime      # DAGs    # Errors  Last Runtime    Last Run
--------------------------------------------  -----  ---------  --------  ----------  --------------  -------------------
/opt/airflow/dags/customer_churn_pipeline.py                           1           0  1.30s           2025-09-22T11:16:25
================================================================================
[2025-09-22T11:16:55.157+0000] {manager.py:879} INFO - 
================================================================================
DAG File Processing Stats

File Path                                     PID    Runtime      # DAGs    # Errors  Last Runtime    Last Run
--------------------------------------------  -----  ---------  --------  ----------  --------------  -------------------
/opt/airflow/dags/customer_churn_pipeline.py                           1           0  0.93s           2025-09-22T11:16:56
================================================================================
[2025-09-22T11:17:23.042+0000] {manager.py:879} INFO - 
================================================================================
DAG File Processing Stats

File Path                                     PID    Runtime      # DAGs    # Errors  Last Runtime    Last Run
--------------------------------------------  -----  ---------  --------  ----------  --------------  -------------------
/opt/airflow/dags/customer_churn_pipeline.py                           1           0  0.93s           2025-09-22T11:16:56
================================================================================
[2025-09-22T11:17:50.319+0000] {manager.py:879} INFO - 
================================================================================
DAG File Processing Stats

File Path                                     PID    Runtime      # DAGs    # Errors  Last Runtime    Last Run
--------------------------------------------  -----  ---------  --------  ----------  --------------  -------------------
/opt/airflow/dags/customer_churn_pipeline.py                           1           0  1.09s           2025-09-22T11:17:28
================================================================================
[2025-09-22T11:18:18.423+0000] {manager.py:879} INFO - 
================================================================================
DAG File Processing Stats

File Path                                     PID    Runtime      # DAGs    # Errors  Last Runtime    Last Run
--------------------------------------------  -----  ---------  --------  ----------  --------------  -------------------
/opt/airflow/dags/customer_churn_pipeline.py                           1           0  0.97s           2025-09-22T11:17:59
================================================================================
[2025-09-22T11:18:44.906+0000] {manager.py:738} INFO - Searching for files in /opt/airflow/dags
[2025-09-22T11:18:45.011+0000] {manager.py:741} INFO - There are 1 files in /opt/airflow/dags
[2025-09-22T11:18:46.348+0000] {manager.py:879} INFO - 
================================================================================
DAG File Processing Stats

File Path                                     PID    Runtime      # DAGs    # Errors  Last Runtime    Last Run
--------------------------------------------  -----  ---------  --------  ----------  --------------  -------------------
/opt/airflow/dags/customer_churn_pipeline.py                           1           0  0.97s           2025-09-22T11:18:30
================================================================================
[2025-09-22T11:19:14.208+0000] {manager.py:879} INFO - 
================================================================================
DAG File Processing Stats

File Path                                     PID    Runtime      # DAGs    # Errors  Last Runtime    Last Run
--------------------------------------------  -----  ---------  --------  ----------  --------------  -------------------
/opt/airflow/dags/customer_churn_pipeline.py                           1           0  0.92s           2025-09-22T11:19:01
================================================================================
[2025-09-22T11:19:42.070+0000] {manager.py:879} INFO - 
================================================================================
DAG File Processing Stats

File Path                                     PID    Runtime      # DAGs    # Errors  Last Runtime    Last Run
--------------------------------------------  -----  ---------  --------  ----------  --------------  -------------------
/opt/airflow/dags/customer_churn_pipeline.py                           1           0  0.99s           2025-09-22T11:19:33
================================================================================
[2025-09-22T11:20:10.102+0000] {manager.py:879} INFO - 
================================================================================
DAG File Processing Stats

File Path                                     PID    Runtime      # DAGs    # Errors  Last Runtime    Last Run
--------------------------------------------  -----  ---------  --------  ----------  --------------  -------------------
/opt/airflow/dags/customer_churn_pipeline.py                           1           0  0.92s           2025-09-22T11:20:04
================================================================================
[2025-09-22T11:20:38.172+0000] {manager.py:879} INFO - 
================================================================================
DAG File Processing Stats

File Path                                     PID    Runtime      # DAGs    # Errors  Last Runtime    Last Run
--------------------------------------------  -----  ---------  --------  ----------  --------------  -------------------
/opt/airflow/dags/customer_churn_pipeline.py                           1           0  1.04s           2025-09-22T11:20:35
================================================================================
[2025-09-22T11:21:06.125+0000] {manager.py:879} INFO - 
================================================================================
DAG File Processing Stats

File Path                                       PID  Runtime      # DAGs    # Errors  Last Runtime    Last Run
--------------------------------------------  -----  ---------  --------  ----------  --------------  -------------------
/opt/airflow/dags/customer_churn_pipeline.py   1053  0.01s             1           0  1.04s           2025-09-22T11:20:35
================================================================================
[2025-09-22T11:21:33.578+0000] {manager.py:879} INFO - 
================================================================================
DAG File Processing Stats

File Path                                     PID    Runtime      # DAGs    # Errors  Last Runtime    Last Run
--------------------------------------------  -----  ---------  --------  ----------  --------------  -------------------
/opt/airflow/dags/customer_churn_pipeline.py                           1           0  0.96s           2025-09-22T11:21:07
================================================================================
[2025-09-22T11:22:01.523+0000] {manager.py:879} INFO - 
================================================================================
DAG File Processing Stats

File Path                                     PID    Runtime      # DAGs    # Errors  Last Runtime    Last Run
--------------------------------------------  -----  ---------  --------  ----------  --------------  -------------------
/opt/airflow/dags/customer_churn_pipeline.py                           1           0  0.93s           2025-09-22T11:21:38
================================================================================
[2025-09-22T11:22:29.179+0000] {manager.py:879} INFO - 
================================================================================
DAG File Processing Stats

File Path                                     PID    Runtime      # DAGs    # Errors  Last Runtime    Last Run
--------------------------------------------  -----  ---------  --------  ----------  --------------  -------------------
/opt/airflow/dags/customer_churn_pipeline.py                           1           0  0.99s           2025-09-22T11:22:09
================================================================================
[2025-09-22T11:22:57.508+0000] {manager.py:879} INFO - 
================================================================================
DAG File Processing Stats

File Path                                     PID    Runtime      # DAGs    # Errors  Last Runtime    Last Run
--------------------------------------------  -----  ---------  --------  ----------  --------------  -------------------
/opt/airflow/dags/customer_churn_pipeline.py                           1           0  0.85s           2025-09-22T11:22:41
================================================================================
[2025-09-22T11:23:25.332+0000] {manager.py:879} INFO - 
================================================================================
DAG File Processing Stats

File Path                                     PID    Runtime      # DAGs    # Errors  Last Runtime    Last Run
--------------------------------------------  -----  ---------  --------  ----------  --------------  -------------------
/opt/airflow/dags/customer_churn_pipeline.py                           1           0  0.86s           2025-09-22T11:23:12
================================================================================
[2025-09-22T11:23:45.643+0000] {manager.py:738} INFO - Searching for files in /opt/airflow/dags
[2025-09-22T11:23:45.699+0000] {manager.py:741} INFO - There are 1 files in /opt/airflow/dags
[2025-09-22T11:23:53.295+0000] {manager.py:879} INFO - 
================================================================================
DAG File Processing Stats

File Path                                     PID    Runtime      # DAGs    # Errors  Last Runtime    Last Run
--------------------------------------------  -----  ---------  --------  ----------  --------------  -------------------
/opt/airflow/dags/customer_churn_pipeline.py                           1           0  0.93s           2025-09-22T11:23:44
================================================================================
[2025-09-22T11:24:20.584+0000] {manager.py:879} INFO - 
================================================================================
DAG File Processing Stats

File Path                                     PID    Runtime      # DAGs    # Errors  Last Runtime    Last Run
--------------------------------------------  -----  ---------  --------  ----------  --------------  -------------------
/opt/airflow/dags/customer_churn_pipeline.py                           1           0  0.95s           2025-09-22T11:24:16
================================================================================
[2025-09-22T11:24:48.713+0000] {manager.py:879} INFO - 
================================================================================
DAG File Processing Stats

File Path                                     PID    Runtime      # DAGs    # Errors  Last Runtime    Last Run
--------------------------------------------  -----  ---------  --------  ----------  --------------  -------------------
/opt/airflow/dags/customer_churn_pipeline.py                           1           0  0.85s           2025-09-22T11:24:47
================================================================================
[2025-09-22T11:25:16.613+0000] {manager.py:879} INFO - 
================================================================================
DAG File Processing Stats

File Path                                     PID    Runtime      # DAGs    # Errors  Last Runtime    Last Run
--------------------------------------------  -----  ---------  --------  ----------  --------------  -------------------
/opt/airflow/dags/customer_churn_pipeline.py                           1           0  0.85s           2025-09-22T11:24:47
================================================================================
[2025-09-22T11:25:44.475+0000] {manager.py:879} INFO - 
================================================================================
DAG File Processing Stats

File Path                                     PID    Runtime      # DAGs    # Errors  Last Runtime    Last Run
--------------------------------------------  -----  ---------  --------  ----------  --------------  -------------------
/opt/airflow/dags/customer_churn_pipeline.py                           1           0  1.78s           2025-09-22T11:25:20
================================================================================
[2025-09-22T11:26:12.057+0000] {manager.py:879} INFO - 
================================================================================
DAG File Processing Stats

File Path                                     PID    Runtime      # DAGs    # Errors  Last Runtime    Last Run
--------------------------------------------  -----  ---------  --------  ----------  --------------  -------------------
/opt/airflow/dags/customer_churn_pipeline.py                           1           0  1.69s           2025-09-22T11:25:52
================================================================================
[2025-09-22T11:26:39.897+0000] {manager.py:879} INFO - 
================================================================================
DAG File Processing Stats

File Path                                     PID    Runtime      # DAGs    # Errors  Last Runtime    Last Run
--------------------------------------------  -----  ---------  --------  ----------  --------------  -------------------
/opt/airflow/dags/customer_churn_pipeline.py                           1           0  1.99s           2025-09-22T11:26:25
================================================================================
[2025-09-22T11:27:07.689+0000] {manager.py:879} INFO - 
================================================================================
DAG File Processing Stats

File Path                                     PID    Runtime      # DAGs    # Errors  Last Runtime    Last Run
--------------------------------------------  -----  ---------  --------  ----------  --------------  -------------------
/opt/airflow/dags/customer_churn_pipeline.py                           1           0  -0.92s          2025-09-22T11:26:55
================================================================================
[2025-09-22T11:27:35.224+0000] {manager.py:879} INFO - 
================================================================================
DAG File Processing Stats

File Path                                     PID    Runtime      # DAGs    # Errors  Last Runtime    Last Run
--------------------------------------------  -----  ---------  --------  ----------  --------------  -------------------
/opt/airflow/dags/customer_churn_pipeline.py                           1           0  2.88s           2025-09-22T11:27:28
================================================================================
[2025-09-22T11:28:02.546+0000] {manager.py:879} INFO - 
================================================================================
DAG File Processing Stats

File Path                                       PID  Runtime      # DAGs    # Errors  Last Runtime    Last Run
--------------------------------------------  -----  ---------  --------  ----------  --------------  -------------------
/opt/airflow/dags/customer_churn_pipeline.py   1300  2.43s             1           0  2.88s           2025-09-22T11:27:28
================================================================================
[2025-09-22T11:28:29.885+0000] {manager.py:879} INFO - 
================================================================================
DAG File Processing Stats

File Path                                     PID    Runtime      # DAGs    # Errors  Last Runtime    Last Run
--------------------------------------------  -----  ---------  --------  ----------  --------------  -------------------
/opt/airflow/dags/customer_churn_pipeline.py                           1           0  6.76s           2025-09-22T11:28:06
================================================================================
[2025-09-22T11:28:45.787+0000] {manager.py:738} INFO - Searching for files in /opt/airflow/dags
[2025-09-22T11:28:44.451+0000] {manager.py:741} INFO - There are 1 files in /opt/airflow/dags
[2025-09-22T11:28:57.521+0000] {manager.py:879} INFO - 
================================================================================
DAG File Processing Stats

File Path                                     PID    Runtime      # DAGs    # Errors  Last Runtime    Last Run
--------------------------------------------  -----  ---------  --------  ----------  --------------  -------------------
/opt/airflow/dags/customer_churn_pipeline.py                           1           0  7.14s           2025-09-22T11:28:44
================================================================================
[2025-09-22T11:29:25.319+0000] {manager.py:879} INFO - 
================================================================================
DAG File Processing Stats

File Path                                     PID    Runtime      # DAGs    # Errors  Last Runtime    Last Run
--------------------------------------------  -----  ---------  --------  ----------  --------------  -------------------
/opt/airflow/dags/customer_churn_pipeline.py                           1           0  9.60s           2025-09-22T11:29:25
================================================================================
[2025-09-22T11:29:52.836+0000] {manager.py:879} INFO - 
================================================================================
DAG File Processing Stats

File Path                                     PID    Runtime      # DAGs    # Errors  Last Runtime    Last Run
--------------------------------------------  -----  ---------  --------  ----------  --------------  -------------------
/opt/airflow/dags/customer_churn_pipeline.py                           1           0  9.60s           2025-09-22T11:29:25
================================================================================
[2025-09-22T11:30:20.953+0000] {manager.py:879} INFO - 
================================================================================
DAG File Processing Stats

File Path                                     PID    Runtime      # DAGs    # Errors  Last Runtime    Last Run
--------------------------------------------  -----  ---------  --------  ----------  --------------  -------------------
/opt/airflow/dags/customer_churn_pipeline.py                           1           0  4.95s           2025-09-22T11:30:01
================================================================================
[2025-09-22T11:30:49.082+0000] {manager.py:879} INFO - 
================================================================================
DAG File Processing Stats

File Path                                     PID    Runtime      # DAGs    # Errors  Last Runtime    Last Run
--------------------------------------------  -----  ---------  --------  ----------  --------------  -------------------
/opt/airflow/dags/customer_churn_pipeline.py                           1           0  2.81s           2025-09-22T11:30:34
================================================================================
[2025-09-22T12:12:14.226+0000] {manager.py:469} INFO - Processing files using up to 2 processes at a time 
[2025-09-22T12:12:14.228+0000] {manager.py:470} INFO - Process each file at most once every 30 seconds
[2025-09-22T12:12:14.229+0000] {manager.py:471} INFO - Checking for new files in /opt/airflow/dags every 300 seconds
[2025-09-22T12:12:14.230+0000] {manager.py:738} INFO - Searching for files in /opt/airflow/dags
[2025-09-22T12:12:14.998+0000] {manager.py:741} INFO - There are 1 files in /opt/airflow/dags
[2025-09-22T12:12:16.085+0000] {manager.py:879} INFO - 
================================================================================
DAG File Processing Stats

File Path                                       PID  Runtime      # DAGs    # Errors  Last Runtime    Last Run
--------------------------------------------  -----  ---------  --------  ----------  --------------  ----------
/opt/airflow/dags/customer_churn_pipeline.py     62  0.56s             0           0
================================================================================
[2025-09-22T12:12:44.021+0000] {manager.py:879} INFO - 
================================================================================
DAG File Processing Stats

File Path                                     PID    Runtime      # DAGs    # Errors  Last Runtime    Last Run
--------------------------------------------  -----  ---------  --------  ----------  --------------  -------------------
/opt/airflow/dags/customer_churn_pipeline.py                           1           0  13.89s          2025-09-22T12:12:29
================================================================================
[2025-09-22T12:13:11.836+0000] {manager.py:879} INFO - 
================================================================================
DAG File Processing Stats

File Path                                     PID    Runtime      # DAGs    # Errors  Last Runtime    Last Run
--------------------------------------------  -----  ---------  --------  ----------  --------------  -------------------
/opt/airflow/dags/customer_churn_pipeline.py                           1           0  5.10s           2025-09-22T12:13:04
================================================================================
[2025-09-22T12:13:40.069+0000] {manager.py:879} INFO - 
================================================================================
DAG File Processing Stats

File Path                                     PID    Runtime      # DAGs    # Errors  Last Runtime    Last Run
--------------------------------------------  -----  ---------  --------  ----------  --------------  -------------------
/opt/airflow/dags/customer_churn_pipeline.py                           1           0  4.40s           2025-09-22T12:13:40
================================================================================
[2025-09-22T12:14:08.606+0000] {manager.py:879} INFO - 
================================================================================
DAG File Processing Stats

File Path                                     PID    Runtime      # DAGs    # Errors  Last Runtime    Last Run
--------------------------------------------  -----  ---------  --------  ----------  --------------  -------------------
/opt/airflow/dags/customer_churn_pipeline.py                           1           0  4.40s           2025-09-22T12:13:40
================================================================================
[2025-09-22T12:14:37.221+0000] {manager.py:879} INFO - 
================================================================================
DAG File Processing Stats

File Path                                     PID    Runtime      # DAGs    # Errors  Last Runtime    Last Run
--------------------------------------------  -----  ---------  --------  ----------  --------------  -------------------
/opt/airflow/dags/customer_churn_pipeline.py                           1           0  1.99s           2025-09-22T12:14:12
================================================================================
[2025-09-22T12:15:05.677+0000] {manager.py:879} INFO - 
================================================================================
DAG File Processing Stats

File Path                                     PID    Runtime      # DAGs    # Errors  Last Runtime    Last Run
--------------------------------------------  -----  ---------  --------  ----------  --------------  -------------------
/opt/airflow/dags/customer_churn_pipeline.py                           1           0  1.60s           2025-09-22T12:14:44
================================================================================
[2025-09-22T12:15:33.392+0000] {manager.py:879} INFO - 
================================================================================
DAG File Processing Stats

File Path                                     PID    Runtime      # DAGs    # Errors  Last Runtime    Last Run
--------------------------------------------  -----  ---------  --------  ----------  --------------  -------------------
/opt/airflow/dags/customer_churn_pipeline.py                           1           0  1.89s           2025-09-22T12:15:16
================================================================================
[2025-09-22T12:16:01.168+0000] {manager.py:879} INFO - 
================================================================================
DAG File Processing Stats

File Path                                     PID    Runtime      # DAGs    # Errors  Last Runtime    Last Run
--------------------------------------------  -----  ---------  --------  ----------  --------------  -------------------
/opt/airflow/dags/customer_churn_pipeline.py                           1           0  1.42s           2025-09-22T12:15:49
================================================================================
[2025-09-22T12:16:29.192+0000] {manager.py:879} INFO - 
================================================================================
DAG File Processing Stats

File Path                                     PID    Runtime      # DAGs    # Errors  Last Runtime    Last Run
--------------------------------------------  -----  ---------  --------  ----------  --------------  -------------------
/opt/airflow/dags/customer_churn_pipeline.py                           1           0  1.41s           2025-09-22T12:16:20
================================================================================
[2025-09-22T12:16:57.105+0000] {manager.py:879} INFO - 
================================================================================
DAG File Processing Stats

File Path                                     PID    Runtime      # DAGs    # Errors  Last Runtime    Last Run
--------------------------------------------  -----  ---------  --------  ----------  --------------  -------------------
/opt/airflow/dags/customer_churn_pipeline.py                           1           0  1.46s           2025-09-22T12:16:52
================================================================================
[2025-09-22T12:17:14.238+0000] {manager.py:738} INFO - Searching for files in /opt/airflow/dags
[2025-09-22T12:17:14.640+0000] {manager.py:741} INFO - There are 1 files in /opt/airflow/dags
[2025-09-22T12:17:24.859+0000] {manager.py:879} INFO - 
================================================================================
DAG File Processing Stats

File Path                                       PID  Runtime      # DAGs    # Errors  Last Runtime    Last Run
--------------------------------------------  -----  ---------  --------  ----------  --------------  -------------------
/opt/airflow/dags/customer_churn_pipeline.py    233  1.02s             1           0  1.46s           2025-09-22T12:16:52
================================================================================
[2025-09-22T12:17:53.474+0000] {manager.py:879} INFO - 
================================================================================
DAG File Processing Stats

File Path                                     PID    Runtime      # DAGs    # Errors  Last Runtime    Last Run
--------------------------------------------  -----  ---------  --------  ----------  --------------  -------------------
/opt/airflow/dags/customer_churn_pipeline.py                           1           0  1.45s           2025-09-22T12:17:25
================================================================================
[2025-09-22T12:18:21.419+0000] {manager.py:879} INFO - 
================================================================================
DAG File Processing Stats

File Path                                     PID    Runtime      # DAGs    # Errors  Last Runtime    Last Run
--------------------------------------------  -----  ---------  --------  ----------  --------------  -------------------
/opt/airflow/dags/customer_churn_pipeline.py                           1           0  1.57s           2025-09-22T12:17:57
================================================================================
[2025-09-22T12:18:49.490+0000] {manager.py:879} INFO - 
================================================================================
DAG File Processing Stats

File Path                                     PID    Runtime      # DAGs    # Errors  Last Runtime    Last Run
--------------------------------------------  -----  ---------  --------  ----------  --------------  -------------------
/opt/airflow/dags/customer_churn_pipeline.py                           1           0  1.75s           2025-09-22T12:18:30
================================================================================
[2025-09-22T12:19:17.685+0000] {manager.py:879} INFO - 
================================================================================
DAG File Processing Stats

File Path                                     PID    Runtime      # DAGs    # Errors  Last Runtime    Last Run
--------------------------------------------  -----  ---------  --------  ----------  --------------  -------------------
/opt/airflow/dags/customer_churn_pipeline.py                           1           0  1.51s           2025-09-22T12:19:02
================================================================================
[2025-09-22T12:19:45.432+0000] {manager.py:879} INFO - 
================================================================================
DAG File Processing Stats

File Path                                     PID    Runtime      # DAGs    # Errors  Last Runtime    Last Run
--------------------------------------------  -----  ---------  --------  ----------  --------------  -------------------
/opt/airflow/dags/customer_churn_pipeline.py                           1           0  1.90s           2025-09-22T12:19:34
================================================================================
[2025-09-22T12:20:13.237+0000] {manager.py:879} INFO - 
================================================================================
DAG File Processing Stats

File Path                                     PID    Runtime      # DAGs    # Errors  Last Runtime    Last Run
--------------------------------------------  -----  ---------  --------  ----------  --------------  -------------------
/opt/airflow/dags/customer_churn_pipeline.py                           1           0  1.78s           2025-09-22T12:20:06
================================================================================
[2025-09-22T12:20:41.948+0000] {manager.py:879} INFO - 
================================================================================
DAG File Processing Stats

File Path                                     PID    Runtime      # DAGs    # Errors  Last Runtime    Last Run
--------------------------------------------  -----  ---------  --------  ----------  --------------  -------------------
/opt/airflow/dags/customer_churn_pipeline.py                           1           0  1.64s           2025-09-22T12:20:39
================================================================================
[2025-09-22T12:21:07.840+0000] {manager.py:879} INFO - 
================================================================================
DAG File Processing Stats

File Path                                     PID    Runtime      # DAGs    # Errors  Last Runtime    Last Run
--------------------------------------------  -----  ---------  --------  ----------  --------------  -------------------
/opt/airflow/dags/customer_churn_pipeline.py                           1           0  1.64s           2025-09-22T12:20:39
================================================================================
[2025-09-22T12:21:35.882+0000] {manager.py:879} INFO - 
================================================================================
DAG File Processing Stats

File Path                                     PID    Runtime      # DAGs    # Errors  Last Runtime    Last Run
--------------------------------------------  -----  ---------  --------  ----------  --------------  -------------------
/opt/airflow/dags/customer_churn_pipeline.py                           1           0  1.58s           2025-09-22T12:21:11
================================================================================
[2025-09-22T12:22:04.446+0000] {manager.py:879} INFO - 
================================================================================
DAG File Processing Stats

File Path                                     PID    Runtime      # DAGs    # Errors  Last Runtime    Last Run
--------------------------------------------  -----  ---------  --------  ----------  --------------  -------------------
/opt/airflow/dags/customer_churn_pipeline.py                           1           0  1.75s           2025-09-22T12:21:43
================================================================================
[2025-09-22T12:22:14.714+0000] {manager.py:738} INFO - Searching for files in /opt/airflow/dags
[2025-09-22T12:22:15.010+0000] {manager.py:741} INFO - There are 1 files in /opt/airflow/dags
[2025-09-22T12:22:32.852+0000] {manager.py:879} INFO - 
================================================================================
DAG File Processing Stats

File Path                                     PID    Runtime      # DAGs    # Errors  Last Runtime    Last Run
--------------------------------------------  -----  ---------  --------  ----------  --------------  -------------------
/opt/airflow/dags/customer_churn_pipeline.py                           1           0  1.66s           2025-09-22T12:22:16
================================================================================
[2025-09-22T12:23:00.663+0000] {manager.py:879} INFO - 
================================================================================
DAG File Processing Stats

File Path                                     PID    Runtime      # DAGs    # Errors  Last Runtime    Last Run
--------------------------------------------  -----  ---------  --------  ----------  --------------  -------------------
/opt/airflow/dags/customer_churn_pipeline.py                           1           0  1.39s           2025-09-22T12:22:48
================================================================================
[2025-09-22T12:23:29.147+0000] {manager.py:879} INFO - 
================================================================================
DAG File Processing Stats

File Path                                     PID    Runtime      # DAGs    # Errors  Last Runtime    Last Run
--------------------------------------------  -----  ---------  --------  ----------  --------------  -------------------
/opt/airflow/dags/customer_churn_pipeline.py                           1           0  1.21s           2025-09-22T12:23:20
================================================================================
[2025-09-22T12:23:57.574+0000] {manager.py:879} INFO - 
================================================================================
DAG File Processing Stats

File Path                                     PID    Runtime      # DAGs    # Errors  Last Runtime    Last Run
--------------------------------------------  -----  ---------  --------  ----------  --------------  -------------------
/opt/airflow/dags/customer_churn_pipeline.py                           1           0  1.27s           2025-09-22T12:23:51
================================================================================
[2025-09-22T12:24:25.390+0000] {manager.py:879} INFO - 
================================================================================
DAG File Processing Stats

File Path                                     PID    Runtime      # DAGs    # Errors  Last Runtime    Last Run
--------------------------------------------  -----  ---------  --------  ----------  --------------  -------------------
/opt/airflow/dags/customer_churn_pipeline.py                           1           0  -0.90s          2025-09-22T12:24:21
================================================================================
[2025-09-22T12:24:53.660+0000] {manager.py:879} INFO - 
================================================================================
DAG File Processing Stats

File Path                                     PID    Runtime      # DAGs    # Errors  Last Runtime    Last Run
--------------------------------------------  -----  ---------  --------  ----------  --------------  -------------------
/opt/airflow/dags/customer_churn_pipeline.py                           1           0  1.35s           2025-09-22T12:24:52
================================================================================
[2025-09-22T12:25:22.318+0000] {manager.py:879} INFO - 
================================================================================
DAG File Processing Stats

File Path                                     PID    Runtime      # DAGs    # Errors  Last Runtime    Last Run
--------------------------------------------  -----  ---------  --------  ----------  --------------  -------------------
/opt/airflow/dags/customer_churn_pipeline.py                           1           0  1.35s           2025-09-22T12:24:52
================================================================================
[2025-09-22T12:25:50.116+0000] {manager.py:879} INFO - 
================================================================================
DAG File Processing Stats

File Path                                     PID    Runtime      # DAGs    # Errors  Last Runtime    Last Run
--------------------------------------------  -----  ---------  --------  ----------  --------------  -------------------
/opt/airflow/dags/customer_churn_pipeline.py                           1           0  1.43s           2025-09-22T12:25:24
================================================================================
[2025-09-22T12:26:18.603+0000] {manager.py:879} INFO - 
================================================================================
DAG File Processing Stats

File Path                                     PID    Runtime      # DAGs    # Errors  Last Runtime    Last Run
--------------------------------------------  -----  ---------  --------  ----------  --------------  -------------------
/opt/airflow/dags/customer_churn_pipeline.py                           1           0  1.50s           2025-09-22T12:25:56
================================================================================
[2025-09-22T12:26:46.658+0000] {manager.py:879} INFO - 
================================================================================
DAG File Processing Stats

File Path                                     PID    Runtime      # DAGs    # Errors  Last Runtime    Last Run
--------------------------------------------  -----  ---------  --------  ----------  --------------  -------------------
/opt/airflow/dags/customer_churn_pipeline.py                           1           0  1.93s           2025-09-22T12:26:29
================================================================================
[2025-09-22T12:27:14.372+0000] {manager.py:879} INFO - 
================================================================================
DAG File Processing Stats

File Path                                     PID    Runtime      # DAGs    # Errors  Last Runtime    Last Run
--------------------------------------------  -----  ---------  --------  ----------  --------------  -------------------
/opt/airflow/dags/customer_churn_pipeline.py                           1           0  1.49s           2025-09-22T12:27:00
================================================================================
[2025-09-22T12:27:15.177+0000] {manager.py:738} INFO - Searching for files in /opt/airflow/dags
[2025-09-22T12:27:15.300+0000] {manager.py:741} INFO - There are 1 files in /opt/airflow/dags
[2025-09-22T12:27:42.142+0000] {manager.py:879} INFO - 
================================================================================
DAG File Processing Stats

File Path                                     PID    Runtime      # DAGs    # Errors  Last Runtime    Last Run
--------------------------------------------  -----  ---------  --------  ----------  --------------  -------------------
/opt/airflow/dags/customer_churn_pipeline.py                           1           0  1.39s           2025-09-22T12:27:32
================================================================================
[2025-09-22T12:28:10.208+0000] {manager.py:879} INFO - 
================================================================================
DAG File Processing Stats

File Path                                     PID    Runtime      # DAGs    # Errors  Last Runtime    Last Run
--------------------------------------------  -----  ---------  --------  ----------  --------------  -------------------
/opt/airflow/dags/customer_churn_pipeline.py                           1           0  1.53s           2025-09-22T12:28:04
================================================================================
[2025-09-22T12:28:38.247+0000] {manager.py:879} INFO - 
================================================================================
DAG File Processing Stats

File Path                                     PID    Runtime      # DAGs    # Errors  Last Runtime    Last Run
--------------------------------------------  -----  ---------  --------  ----------  --------------  -------------------
/opt/airflow/dags/customer_churn_pipeline.py                           1           0  1.42s           2025-09-22T12:28:36
================================================================================
[2025-09-22T12:51:48.609+0000] {manager.py:738} INFO - Searching for files in /opt/airflow/dags
[2025-09-22T13:14:50.194+0000] {manager.py:741} INFO - There are 1 files in /opt/airflow/dags
[2025-09-22T13:14:50.306+0000] {manager.py:738} INFO - Searching for files in /opt/airflow/dags
[2025-09-22T13:14:50.467+0000] {manager.py:741} INFO - There are 1 files in /opt/airflow/dags
[2025-09-22T13:14:56.034+0000] {manager.py:879} INFO - 
================================================================================
DAG File Processing Stats

File Path                                     PID    Runtime      # DAGs    # Errors  Last Runtime    Last Run
--------------------------------------------  -----  ---------  --------  ----------  --------------  -------------------
/opt/airflow/dags/customer_churn_pipeline.py                           1           0  -1.32s          2025-09-22T13:14:48
================================================================================
[2025-09-22T13:15:26.113+0000] {manager.py:879} INFO - 
================================================================================
DAG File Processing Stats

File Path                                     PID    Runtime      # DAGs    # Errors  Last Runtime    Last Run
--------------------------------------------  -----  ---------  --------  ----------  --------------  -------------------
/opt/airflow/dags/customer_churn_pipeline.py                           1           0  1.04s           2025-09-22T13:15:20
================================================================================
[2025-09-22T13:15:54.475+0000] {manager.py:879} INFO - 
================================================================================
DAG File Processing Stats

File Path                                     PID    Runtime      # DAGs    # Errors  Last Runtime    Last Run
--------------------------------------------  -----  ---------  --------  ----------  --------------  -------------------
/opt/airflow/dags/customer_churn_pipeline.py                           1           0  1.07s           2025-09-22T13:15:51
================================================================================
[2025-09-22T13:16:22.848+0000] {manager.py:879} INFO - 
================================================================================
DAG File Processing Stats

File Path                                       PID  Runtime      # DAGs    # Errors  Last Runtime    Last Run
--------------------------------------------  -----  ---------  --------  ----------  --------------  -------------------
/opt/airflow/dags/customer_churn_pipeline.py    708  1.02s             1           0  1.07s           2025-09-22T13:15:51
================================================================================
[2025-09-22T13:16:51.450+0000] {manager.py:879} INFO - 
================================================================================
DAG File Processing Stats

File Path                                     PID    Runtime      # DAGs    # Errors  Last Runtime    Last Run
--------------------------------------------  -----  ---------  --------  ----------  --------------  -------------------
/opt/airflow/dags/customer_churn_pipeline.py                           1           0  1.13s           2025-09-22T13:16:22
================================================================================
[2025-09-22T13:17:20.026+0000] {manager.py:879} INFO - 
================================================================================
DAG File Processing Stats

File Path                                     PID    Runtime      # DAGs    # Errors  Last Runtime    Last Run
--------------------------------------------  -----  ---------  --------  ----------  --------------  -------------------
/opt/airflow/dags/customer_churn_pipeline.py                           1           0  1.05s           2025-09-22T13:16:54
================================================================================
[2025-09-22T13:17:48.334+0000] {manager.py:879} INFO - 
================================================================================
DAG File Processing Stats

File Path                                     PID    Runtime      # DAGs    # Errors  Last Runtime    Last Run
--------------------------------------------  -----  ---------  --------  ----------  --------------  -------------------
/opt/airflow/dags/customer_churn_pipeline.py                           1           0  1.16s           2025-09-22T13:17:26
================================================================================
[2025-09-22T13:18:16.952+0000] {manager.py:879} INFO - 
================================================================================
DAG File Processing Stats

File Path                                     PID    Runtime      # DAGs    # Errors  Last Runtime    Last Run
--------------------------------------------  -----  ---------  --------  ----------  --------------  -------------------
/opt/airflow/dags/customer_churn_pipeline.py                           1           0  1.08s           2025-09-22T13:17:57
================================================================================
[2025-09-22T13:18:45.736+0000] {manager.py:879} INFO - 
================================================================================
DAG File Processing Stats

File Path                                     PID    Runtime      # DAGs    # Errors  Last Runtime    Last Run
--------------------------------------------  -----  ---------  --------  ----------  --------------  -------------------
/opt/airflow/dags/customer_churn_pipeline.py                           1           0  1.17s           2025-09-22T13:18:29
================================================================================
[2025-09-22T13:19:14.277+0000] {manager.py:879} INFO - 
================================================================================
DAG File Processing Stats

File Path                                     PID    Runtime      # DAGs    # Errors  Last Runtime    Last Run
--------------------------------------------  -----  ---------  --------  ----------  --------------  -------------------
/opt/airflow/dags/customer_churn_pipeline.py                           1           0  1.24s           2025-09-22T13:19:01
================================================================================
[2025-09-22T13:19:42.085+0000] {manager.py:879} INFO - 
================================================================================
DAG File Processing Stats

File Path                                     PID    Runtime      # DAGs    # Errors  Last Runtime    Last Run
--------------------------------------------  -----  ---------  --------  ----------  --------------  -------------------
/opt/airflow/dags/customer_churn_pipeline.py                           1           0  1.16s           2025-09-22T13:19:32
================================================================================
[2025-09-22T13:19:51.162+0000] {manager.py:738} INFO - Searching for files in /opt/airflow/dags
[2025-09-22T13:19:51.281+0000] {manager.py:741} INFO - There are 1 files in /opt/airflow/dags
[2025-09-22T13:20:10.512+0000] {manager.py:879} INFO - 
================================================================================
DAG File Processing Stats

File Path                                     PID    Runtime      # DAGs    # Errors  Last Runtime    Last Run
--------------------------------------------  -----  ---------  --------  ----------  --------------  -------------------
/opt/airflow/dags/customer_churn_pipeline.py                           1           0  1.28s           2025-09-22T13:20:04
================================================================================
[2025-09-22T13:20:38.908+0000] {manager.py:879} INFO - 
================================================================================
DAG File Processing Stats

File Path                                     PID    Runtime      # DAGs    # Errors  Last Runtime    Last Run
--------------------------------------------  -----  ---------  --------  ----------  --------------  -------------------
/opt/airflow/dags/customer_churn_pipeline.py                           1           0  1.14s           2025-09-22T13:20:35
================================================================================
[2025-09-22T13:21:07.452+0000] {manager.py:879} INFO - 
================================================================================
DAG File Processing Stats

File Path                                       PID  Runtime      # DAGs    # Errors  Last Runtime    Last Run
--------------------------------------------  -----  ---------  --------  ----------  --------------  -------------------
/opt/airflow/dags/customer_churn_pipeline.py    879  1.10s             1           0  1.14s           2025-09-22T13:20:35
================================================================================
[2025-09-22T13:21:35.947+0000] {manager.py:879} INFO - 
================================================================================
DAG File Processing Stats

File Path                                     PID    Runtime      # DAGs    # Errors  Last Runtime    Last Run
--------------------------------------------  -----  ---------  --------  ----------  --------------  -------------------
/opt/airflow/dags/customer_churn_pipeline.py                           1           0  1.44s           2025-09-22T13:21:07
================================================================================
[2025-09-22T13:22:04.279+0000] {manager.py:879} INFO - 
================================================================================
DAG File Processing Stats

File Path                                     PID    Runtime      # DAGs    # Errors  Last Runtime    Last Run
--------------------------------------------  -----  ---------  --------  ----------  --------------  -------------------
/opt/airflow/dags/customer_churn_pipeline.py                           1           0  1.10s           2025-09-22T13:21:39
================================================================================
[2025-09-22T13:22:32.764+0000] {manager.py:879} INFO - 
================================================================================
DAG File Processing Stats

File Path                                     PID    Runtime      # DAGs    # Errors  Last Runtime    Last Run
--------------------------------------------  -----  ---------  --------  ----------  --------------  -------------------
/opt/airflow/dags/customer_churn_pipeline.py                           1           0  1.03s           2025-09-22T13:22:10
================================================================================
[2025-09-22T13:23:01.242+0000] {manager.py:879} INFO - 
================================================================================
DAG File Processing Stats

File Path                                     PID    Runtime      # DAGs    # Errors  Last Runtime    Last Run
--------------------------------------------  -----  ---------  --------  ----------  --------------  -------------------
/opt/airflow/dags/customer_churn_pipeline.py                           1           0  1.10s           2025-09-22T13:22:42
================================================================================
[2025-09-22T13:23:29.540+0000] {manager.py:879} INFO - 
================================================================================
DAG File Processing Stats

File Path                                     PID    Runtime      # DAGs    # Errors  Last Runtime    Last Run
--------------------------------------------  -----  ---------  --------  ----------  --------------  -------------------
/opt/airflow/dags/customer_churn_pipeline.py                           1           0  1.16s           2025-09-22T13:23:13
================================================================================
[2025-09-22T13:23:57.482+0000] {manager.py:879} INFO - 
================================================================================
DAG File Processing Stats

File Path                                     PID    Runtime      # DAGs    # Errors  Last Runtime    Last Run
--------------------------------------------  -----  ---------  --------  ----------  --------------  -------------------
/opt/airflow/dags/customer_churn_pipeline.py                           1           0  1.64s           2025-09-22T13:23:45
================================================================================
[2025-09-22T13:24:25.177+0000] {manager.py:879} INFO - 
================================================================================
DAG File Processing Stats

File Path                                     PID    Runtime      # DAGs    # Errors  Last Runtime    Last Run
--------------------------------------------  -----  ---------  --------  ----------  --------------  -------------------
/opt/airflow/dags/customer_churn_pipeline.py                           1           0  1.33s           2025-09-22T13:24:17
================================================================================
[2025-09-22T13:24:51.470+0000] {manager.py:738} INFO - Searching for files in /opt/airflow/dags
[2025-09-22T13:24:51.550+0000] {manager.py:741} INFO - There are 1 files in /opt/airflow/dags
[2025-09-22T13:24:53.619+0000] {manager.py:879} INFO - 
================================================================================
DAG File Processing Stats

File Path                                     PID    Runtime      # DAGs    # Errors  Last Runtime    Last Run
--------------------------------------------  -----  ---------  --------  ----------  --------------  -------------------
/opt/airflow/dags/customer_churn_pipeline.py                           1           0  1.19s           2025-09-22T13:24:48
================================================================================
[2025-09-22T13:25:21.490+0000] {manager.py:879} INFO - 
================================================================================
DAG File Processing Stats

File Path                                     PID    Runtime      # DAGs    # Errors  Last Runtime    Last Run
--------------------------------------------  -----  ---------  --------  ----------  --------------  -------------------
/opt/airflow/dags/customer_churn_pipeline.py                           1           0  1.21s           2025-09-22T13:25:20
================================================================================
[2025-09-22T13:25:49.956+0000] {manager.py:879} INFO - 
================================================================================
DAG File Processing Stats

File Path                                     PID    Runtime      # DAGs    # Errors  Last Runtime    Last Run
--------------------------------------------  -----  ---------  --------  ----------  --------------  -------------------
/opt/airflow/dags/customer_churn_pipeline.py                           1           0  1.21s           2025-09-22T13:25:20
================================================================================
[2025-09-22T13:26:18.278+0000] {manager.py:879} INFO - 
================================================================================
DAG File Processing Stats

File Path                                     PID    Runtime      # DAGs    # Errors  Last Runtime    Last Run
--------------------------------------------  -----  ---------  --------  ----------  --------------  -------------------
/opt/airflow/dags/customer_churn_pipeline.py                           1           0  1.10s           2025-09-22T13:25:52
================================================================================
[2025-09-22T13:26:46.701+0000] {manager.py:879} INFO - 
================================================================================
DAG File Processing Stats

File Path                                     PID    Runtime      # DAGs    # Errors  Last Runtime    Last Run
--------------------------------------------  -----  ---------  --------  ----------  --------------  -------------------
/opt/airflow/dags/customer_churn_pipeline.py                           1           0  1.06s           2025-09-22T13:26:23
================================================================================
[2025-09-22T13:27:14.658+0000] {manager.py:879} INFO - 
================================================================================
DAG File Processing Stats

File Path                                     PID    Runtime      # DAGs    # Errors  Last Runtime    Last Run
--------------------------------------------  -----  ---------  --------  ----------  --------------  -------------------
/opt/airflow/dags/customer_churn_pipeline.py                           1           0  -1.78s          2025-09-22T13:26:52
================================================================================
[2025-09-22T13:27:43.251+0000] {manager.py:879} INFO - 
================================================================================
DAG File Processing Stats

File Path                                     PID    Runtime      # DAGs    # Errors  Last Runtime    Last Run
--------------------------------------------  -----  ---------  --------  ----------  --------------  -------------------
/opt/airflow/dags/customer_churn_pipeline.py                           1           0  1.12s           2025-09-22T13:27:24
================================================================================
[2025-09-22T13:28:11.760+0000] {manager.py:879} INFO - 
================================================================================
DAG File Processing Stats

File Path                                     PID    Runtime      # DAGs    # Errors  Last Runtime    Last Run
--------------------------------------------  -----  ---------  --------  ----------  --------------  -------------------
/opt/airflow/dags/customer_churn_pipeline.py                           1           0  1.13s           2025-09-22T13:27:56
================================================================================
[2025-09-22T13:28:40.233+0000] {manager.py:879} INFO - 
================================================================================
DAG File Processing Stats

File Path                                     PID    Runtime      # DAGs    # Errors  Last Runtime    Last Run
--------------------------------------------  -----  ---------  --------  ----------  --------------  -------------------
/opt/airflow/dags/customer_churn_pipeline.py                           1           0  1.09s           2025-09-22T13:28:28
================================================================================
[2025-09-22T13:29:08.449+0000] {manager.py:879} INFO - 
================================================================================
DAG File Processing Stats

File Path                                     PID    Runtime      # DAGs    # Errors  Last Runtime    Last Run
--------------------------------------------  -----  ---------  --------  ----------  --------------  -------------------
/opt/airflow/dags/customer_churn_pipeline.py                           1           0  1.26s           2025-09-22T13:28:59
================================================================================
[2025-09-22T13:29:36.739+0000] {manager.py:879} INFO - 
================================================================================
DAG File Processing Stats

File Path                                     PID    Runtime      # DAGs    # Errors  Last Runtime    Last Run
--------------------------------------------  -----  ---------  --------  ----------  --------------  -------------------
/opt/airflow/dags/customer_churn_pipeline.py                           1           0  1.29s           2025-09-22T13:29:30
================================================================================
[2025-09-22T13:29:51.853+0000] {manager.py:738} INFO - Searching for files in /opt/airflow/dags
[2025-09-22T13:29:51.972+0000] {manager.py:741} INFO - There are 1 files in /opt/airflow/dags
[2025-09-22T13:30:04.455+0000] {manager.py:879} INFO - 
================================================================================
DAG File Processing Stats

File Path                                     PID    Runtime      # DAGs    # Errors  Last Runtime    Last Run
--------------------------------------------  -----  ---------  --------  ----------  --------------  -------------------
/opt/airflow/dags/customer_churn_pipeline.py                           1           0  1.24s           2025-09-22T13:30:02
================================================================================
[2025-09-22T13:30:32.707+0000] {manager.py:879} INFO - 
================================================================================
DAG File Processing Stats

File Path                                       PID  Runtime      # DAGs    # Errors  Last Runtime    Last Run
--------------------------------------------  -----  ---------  --------  ----------  --------------  -------------------
/opt/airflow/dags/customer_churn_pipeline.py   1221  0.00s             1           0  1.24s           2025-09-22T13:30:02
================================================================================
[2025-09-22T13:31:01.003+0000] {manager.py:879} INFO - 
================================================================================
DAG File Processing Stats

File Path                                     PID    Runtime      # DAGs    # Errors  Last Runtime    Last Run
--------------------------------------------  -----  ---------  --------  ----------  --------------  -------------------
/opt/airflow/dags/customer_churn_pipeline.py                           1           0  1.26s           2025-09-22T13:30:33
================================================================================
[2025-09-22T13:31:29.476+0000] {manager.py:879} INFO - 
================================================================================
DAG File Processing Stats

File Path                                     PID    Runtime      # DAGs    # Errors  Last Runtime    Last Run
--------------------------------------------  -----  ---------  --------  ----------  --------------  -------------------
/opt/airflow/dags/customer_churn_pipeline.py                           1           0  1.25s           2025-09-22T13:31:06
================================================================================
[2025-09-22T13:31:57.915+0000] {manager.py:879} INFO - 
================================================================================
DAG File Processing Stats

File Path                                     PID    Runtime      # DAGs    # Errors  Last Runtime    Last Run
--------------------------------------------  -----  ---------  --------  ----------  --------------  -------------------
/opt/airflow/dags/customer_churn_pipeline.py                           1           0  1.24s           2025-09-22T13:31:37
================================================================================
[2025-09-22T13:32:26.198+0000] {manager.py:879} INFO - 
================================================================================
DAG File Processing Stats

File Path                                     PID    Runtime      # DAGs    # Errors  Last Runtime    Last Run
--------------------------------------------  -----  ---------  --------  ----------  --------------  -------------------
/opt/airflow/dags/customer_churn_pipeline.py                           1           0  1.70s           2025-09-22T13:32:09
================================================================================
[2025-09-22T13:32:52.210+0000] {manager.py:879} INFO - 
================================================================================
DAG File Processing Stats

File Path                                     PID    Runtime      # DAGs    # Errors  Last Runtime    Last Run
--------------------------------------------  -----  ---------  --------  ----------  --------------  -------------------
/opt/airflow/dags/customer_churn_pipeline.py                           1           0  1.26s           2025-09-22T13:32:41
================================================================================
[2025-09-22T13:33:20.575+0000] {manager.py:879} INFO - 
================================================================================
DAG File Processing Stats

File Path                                     PID    Runtime      # DAGs    # Errors  Last Runtime    Last Run
--------------------------------------------  -----  ---------  --------  ----------  --------------  -------------------
/opt/airflow/dags/customer_churn_pipeline.py                           1           0  1.04s           2025-09-22T13:33:12
================================================================================
[2025-09-22T13:33:49.092+0000] {manager.py:879} INFO - 
================================================================================
DAG File Processing Stats

File Path                                     PID    Runtime      # DAGs    # Errors  Last Runtime    Last Run
--------------------------------------------  -----  ---------  --------  ----------  --------------  -------------------
/opt/airflow/dags/customer_churn_pipeline.py                           1           0  1.21s           2025-09-22T13:33:44
================================================================================
[2025-09-22T13:34:17.453+0000] {manager.py:879} INFO - 
================================================================================
DAG File Processing Stats

File Path                                     PID    Runtime      # DAGs    # Errors  Last Runtime    Last Run
--------------------------------------------  -----  ---------  --------  ----------  --------------  -------------------
/opt/airflow/dags/customer_churn_pipeline.py                           1           0  1.07s           2025-09-22T13:34:15
================================================================================
[2025-09-22T13:34:45.895+0000] {manager.py:879} INFO - 
================================================================================
DAG File Processing Stats

File Path                                       PID  Runtime      # DAGs    # Errors  Last Runtime    Last Run
--------------------------------------------  -----  ---------  --------  ----------  --------------  -------------------
/opt/airflow/dags/customer_churn_pipeline.py   1373  0.01s             1           0  1.07s           2025-09-22T13:34:15
================================================================================
[2025-09-22T13:34:52.105+0000] {manager.py:738} INFO - Searching for files in /opt/airflow/dags
[2025-09-22T13:34:52.201+0000] {manager.py:741} INFO - There are 1 files in /opt/airflow/dags
[2025-09-22T13:35:13.664+0000] {manager.py:879} INFO - 
================================================================================
DAG File Processing Stats

File Path                                     PID    Runtime      # DAGs    # Errors  Last Runtime    Last Run
--------------------------------------------  -----  ---------  --------  ----------  --------------  -------------------
/opt/airflow/dags/customer_churn_pipeline.py                           1           0  1.24s           2025-09-22T13:34:47
================================================================================
[2025-09-22T13:35:41.402+0000] {manager.py:879} INFO - 
================================================================================
DAG File Processing Stats

File Path                                     PID    Runtime      # DAGs    # Errors  Last Runtime    Last Run
--------------------------------------------  -----  ---------  --------  ----------  --------------  -------------------
/opt/airflow/dags/customer_churn_pipeline.py                           1           0  1.36s           2025-09-22T13:35:19
================================================================================
[2025-09-22T13:36:09.839+0000] {manager.py:879} INFO - 
================================================================================
DAG File Processing Stats

File Path                                     PID    Runtime      # DAGs    # Errors  Last Runtime    Last Run
--------------------------------------------  -----  ---------  --------  ----------  --------------  -------------------
/opt/airflow/dags/customer_churn_pipeline.py                           1           0  1.11s           2025-09-22T13:35:50
================================================================================
[2025-09-22T13:36:37.668+0000] {manager.py:879} INFO - 
================================================================================
DAG File Processing Stats

File Path                                     PID    Runtime      # DAGs    # Errors  Last Runtime    Last Run
--------------------------------------------  -----  ---------  --------  ----------  --------------  -------------------
/opt/airflow/dags/customer_churn_pipeline.py                           1           0  1.67s           2025-09-22T13:36:23
================================================================================
[2025-09-22T13:37:06.197+0000] {manager.py:879} INFO - 
================================================================================
DAG File Processing Stats

File Path                                     PID    Runtime      # DAGs    # Errors  Last Runtime    Last Run
--------------------------------------------  -----  ---------  --------  ----------  --------------  -------------------
/opt/airflow/dags/customer_churn_pipeline.py                           1           0  1.15s           2025-09-22T13:36:55
================================================================================
[2025-09-22T13:37:33.948+0000] {manager.py:879} INFO - 
================================================================================
DAG File Processing Stats

File Path                                     PID    Runtime      # DAGs    # Errors  Last Runtime    Last Run
--------------------------------------------  -----  ---------  --------  ----------  --------------  -------------------
/opt/airflow/dags/customer_churn_pipeline.py                           1           0  1.27s           2025-09-22T13:37:27
================================================================================
[2025-09-22T13:38:01.706+0000] {manager.py:879} INFO - 
================================================================================
DAG File Processing Stats

File Path                                     PID    Runtime      # DAGs    # Errors  Last Runtime    Last Run
--------------------------------------------  -----  ---------  --------  ----------  --------------  -------------------
/opt/airflow/dags/customer_churn_pipeline.py                           1           0  1.28s           2025-09-22T13:37:58
================================================================================
[2025-09-22T13:38:29.530+0000] {manager.py:879} INFO - 
================================================================================
DAG File Processing Stats

File Path                                       PID  Runtime      # DAGs    # Errors  Last Runtime    Last Run
--------------------------------------------  -----  ---------  --------  ----------  --------------  -------------------
/opt/airflow/dags/customer_churn_pipeline.py   1506  0.01s             1           0  1.28s           2025-09-22T13:37:58
================================================================================
[2025-09-22T13:38:57.936+0000] {manager.py:879} INFO - 
================================================================================
DAG File Processing Stats

File Path                                     PID    Runtime      # DAGs    # Errors  Last Runtime    Last Run
--------------------------------------------  -----  ---------  --------  ----------  --------------  -------------------
/opt/airflow/dags/customer_churn_pipeline.py                           1           0  1.24s           2025-09-22T13:38:30
================================================================================
[2025-09-22T13:39:26.141+0000] {manager.py:879} INFO - 
================================================================================
DAG File Processing Stats

File Path                                     PID    Runtime      # DAGs    # Errors  Last Runtime    Last Run
--------------------------------------------  -----  ---------  --------  ----------  --------------  -------------------
/opt/airflow/dags/customer_churn_pipeline.py                           1           0  1.35s           2025-09-22T13:39:02
================================================================================
[2025-09-22T13:39:53.020+0000] {manager.py:738} INFO - Searching for files in /opt/airflow/dags
[2025-09-22T13:39:53.303+0000] {manager.py:741} INFO - There are 1 files in /opt/airflow/dags
[2025-09-22T13:39:54.393+0000] {manager.py:879} INFO - 
================================================================================
DAG File Processing Stats

File Path                                     PID    Runtime      # DAGs    # Errors  Last Runtime    Last Run
--------------------------------------------  -----  ---------  --------  ----------  --------------  -------------------
/opt/airflow/dags/customer_churn_pipeline.py                           1           0  1.16s           2025-09-22T13:39:33
================================================================================
[2025-09-22T13:40:22.406+0000] {manager.py:879} INFO - 
================================================================================
DAG File Processing Stats

File Path                                     PID    Runtime      # DAGs    # Errors  Last Runtime    Last Run
--------------------------------------------  -----  ---------  --------  ----------  --------------  -------------------
/opt/airflow/dags/customer_churn_pipeline.py                           1           0  1.12s           2025-09-22T13:40:05
================================================================================
[2025-09-22T13:40:50.584+0000] {manager.py:879} INFO - 
================================================================================
DAG File Processing Stats

File Path                                     PID    Runtime      # DAGs    # Errors  Last Runtime    Last Run
--------------------------------------------  -----  ---------  --------  ----------  --------------  -------------------
/opt/airflow/dags/customer_churn_pipeline.py                           1           0  1.63s           2025-09-22T13:40:37
================================================================================
[2025-09-22T13:41:18.397+0000] {manager.py:879} INFO - 
================================================================================
DAG File Processing Stats

File Path                                     PID    Runtime      # DAGs    # Errors  Last Runtime    Last Run
--------------------------------------------  -----  ---------  --------  ----------  --------------  -------------------
/opt/airflow/dags/customer_churn_pipeline.py                           1           0  1.43s           2025-09-22T13:41:09
================================================================================
[2025-09-22T13:41:59.934+0000] {manager.py:879} INFO - 
================================================================================
DAG File Processing Stats

File Path                                     PID    Runtime      # DAGs    # Errors  Last Runtime    Last Run
--------------------------------------------  -----  ---------  --------  ----------  --------------  -------------------
/opt/airflow/dags/customer_churn_pipeline.py                           1           0  1.10s           2025-09-22T13:41:50
================================================================================
[2025-09-22T13:42:30.066+0000] {manager.py:879} INFO - 
================================================================================
DAG File Processing Stats

File Path                                     PID    Runtime      # DAGs    # Errors  Last Runtime    Last Run
--------------------------------------------  -----  ---------  --------  ----------  --------------  -------------------
/opt/airflow/dags/customer_churn_pipeline.py                           1           0  0.55s           2025-09-22T13:42:21
================================================================================
[2025-09-22T13:42:58.615+0000] {manager.py:879} INFO - 
================================================================================
DAG File Processing Stats

File Path                                     PID    Runtime      # DAGs    # Errors  Last Runtime    Last Run
--------------------------------------------  -----  ---------  --------  ----------  --------------  -------------------
/opt/airflow/dags/customer_churn_pipeline.py                           1           0  1.20s           2025-09-22T13:42:53
================================================================================
[2025-09-22T13:43:27.696+0000] {manager.py:879} INFO - 
================================================================================
DAG File Processing Stats

File Path                                     PID    Runtime      # DAGs    # Errors  Last Runtime    Last Run
--------------------------------------------  -----  ---------  --------  ----------  --------------  -------------------
/opt/airflow/dags/customer_churn_pipeline.py                           1           0  1.08s           2025-09-22T13:43:25
================================================================================
[2025-09-22T13:43:56.199+0000] {manager.py:879} INFO - 
================================================================================
DAG File Processing Stats

File Path                                       PID  Runtime      # DAGs    # Errors  Last Runtime    Last Run
--------------------------------------------  -----  ---------  --------  ----------  --------------  -------------------
/opt/airflow/dags/customer_churn_pipeline.py   1696  0.01s             1           0  1.08s           2025-09-22T13:43:25
================================================================================
[2025-09-22T13:44:24.614+0000] {manager.py:879} INFO - 
================================================================================
DAG File Processing Stats

File Path                                     PID    Runtime      # DAGs    # Errors  Last Runtime    Last Run
--------------------------------------------  -----  ---------  --------  ----------  --------------  -------------------
/opt/airflow/dags/customer_churn_pipeline.py                           1           0  1.21s           2025-09-22T13:43:57
================================================================================
[2025-09-22T13:44:53.255+0000] {manager.py:738} INFO - Searching for files in /opt/airflow/dags
[2025-09-22T13:44:53.376+0000] {manager.py:741} INFO - There are 1 files in /opt/airflow/dags
[2025-09-22T13:44:53.399+0000] {manager.py:879} INFO - 
================================================================================
DAG File Processing Stats

File Path                                     PID    Runtime      # DAGs    # Errors  Last Runtime    Last Run
--------------------------------------------  -----  ---------  --------  ----------  --------------  -------------------
/opt/airflow/dags/customer_churn_pipeline.py                           1           0  1.19s           2025-09-22T13:44:28
================================================================================
[2025-09-22T13:45:21.962+0000] {manager.py:879} INFO - 
================================================================================
DAG File Processing Stats

File Path                                     PID    Runtime      # DAGs    # Errors  Last Runtime    Last Run
--------------------------------------------  -----  ---------  --------  ----------  --------------  -------------------
/opt/airflow/dags/customer_churn_pipeline.py                           1           0  1.19s           2025-09-22T13:45:00
================================================================================
[2025-09-22T13:45:49.691+0000] {manager.py:879} INFO - 
================================================================================
DAG File Processing Stats

File Path                                     PID    Runtime      # DAGs    # Errors  Last Runtime    Last Run
--------------------------------------------  -----  ---------  --------  ----------  --------------  -------------------
/opt/airflow/dags/customer_churn_pipeline.py                           1           0  1.19s           2025-09-22T13:45:32
================================================================================
[2025-09-22T13:46:17.966+0000] {manager.py:879} INFO - 
================================================================================
DAG File Processing Stats

File Path                                     PID    Runtime      # DAGs    # Errors  Last Runtime    Last Run
--------------------------------------------  -----  ---------  --------  ----------  --------------  -------------------
/opt/airflow/dags/customer_churn_pipeline.py                           1           0  1.23s           2025-09-22T13:46:04
================================================================================
[2025-09-22T13:46:45.722+0000] {manager.py:879} INFO - 
================================================================================
DAG File Processing Stats

File Path                                     PID    Runtime      # DAGs    # Errors  Last Runtime    Last Run
--------------------------------------------  -----  ---------  --------  ----------  --------------  -------------------
/opt/airflow/dags/customer_churn_pipeline.py                           1           0  1.49s           2025-09-22T13:46:35
================================================================================
[2025-09-22T13:47:13.482+0000] {manager.py:879} INFO - 
================================================================================
DAG File Processing Stats

File Path                                     PID    Runtime      # DAGs    # Errors  Last Runtime    Last Run
--------------------------------------------  -----  ---------  --------  ----------  --------------  -------------------
/opt/airflow/dags/customer_churn_pipeline.py                           1           0  1.65s           2025-09-22T13:47:08
================================================================================
[2025-09-22T13:47:41.685+0000] {manager.py:879} INFO - 
================================================================================
DAG File Processing Stats

File Path                                     PID    Runtime      # DAGs    # Errors  Last Runtime    Last Run
--------------------------------------------  -----  ---------  --------  ----------  --------------  -------------------
/opt/airflow/dags/customer_churn_pipeline.py                           1           0  1.54s           2025-09-22T13:47:40
================================================================================
[2025-09-22T13:48:09.683+0000] {manager.py:879} INFO - 
================================================================================
DAG File Processing Stats

File Path                                     PID    Runtime      # DAGs    # Errors  Last Runtime    Last Run
--------------------------------------------  -----  ---------  --------  ----------  --------------  -------------------
/opt/airflow/dags/customer_churn_pipeline.py                           1           0  1.54s           2025-09-22T13:47:40
================================================================================
[2025-09-22T13:48:38.380+0000] {manager.py:879} INFO - 
================================================================================
DAG File Processing Stats

File Path                                     PID    Runtime      # DAGs    # Errors  Last Runtime    Last Run
--------------------------------------------  -----  ---------  --------  ----------  --------------  -------------------
/opt/airflow/dags/customer_churn_pipeline.py                           1           0  1.18s           2025-09-22T13:48:11
================================================================================
[2025-09-22T13:49:06.953+0000] {manager.py:879} INFO - 
================================================================================
DAG File Processing Stats

File Path                                     PID    Runtime      # DAGs    # Errors  Last Runtime    Last Run
--------------------------------------------  -----  ---------  --------  ----------  --------------  -------------------
/opt/airflow/dags/customer_churn_pipeline.py                           1           0  1.04s           2025-09-22T13:48:42
================================================================================
[2025-09-22T13:49:35.339+0000] {manager.py:879} INFO - 
================================================================================
DAG File Processing Stats

File Path                                     PID    Runtime      # DAGs    # Errors  Last Runtime    Last Run
--------------------------------------------  -----  ---------  --------  ----------  --------------  -------------------
/opt/airflow/dags/customer_churn_pipeline.py                           1           0  1.14s           2025-09-22T13:49:14
================================================================================
[2025-09-22T13:49:53.657+0000] {manager.py:738} INFO - Searching for files in /opt/airflow/dags
[2025-09-22T13:49:53.798+0000] {manager.py:741} INFO - There are 1 files in /opt/airflow/dags
[2025-09-22T13:50:03.146+0000] {manager.py:879} INFO - 
================================================================================
DAG File Processing Stats

File Path                                     PID    Runtime      # DAGs    # Errors  Last Runtime    Last Run
--------------------------------------------  -----  ---------  --------  ----------  --------------  -------------------
/opt/airflow/dags/customer_churn_pipeline.py                           1           0  1.29s           2025-09-22T13:49:45
================================================================================
[2025-09-22T13:50:30.919+0000] {manager.py:879} INFO - 
================================================================================
DAG File Processing Stats

File Path                                     PID    Runtime      # DAGs    # Errors  Last Runtime    Last Run
--------------------------------------------  -----  ---------  --------  ----------  --------------  -------------------
/opt/airflow/dags/customer_churn_pipeline.py                           1           0  1.28s           2025-09-22T13:50:17
================================================================================
[2025-09-22T13:50:58.640+0000] {manager.py:879} INFO - 
================================================================================
DAG File Processing Stats

File Path                                     PID    Runtime      # DAGs    # Errors  Last Runtime    Last Run
--------------------------------------------  -----  ---------  --------  ----------  --------------  -------------------
/opt/airflow/dags/customer_churn_pipeline.py                           1           0  1.40s           2025-09-22T13:50:49
================================================================================
[2025-09-22T13:51:26.666+0000] {manager.py:879} INFO - 
================================================================================
DAG File Processing Stats

File Path                                     PID    Runtime      # DAGs    # Errors  Last Runtime    Last Run
--------------------------------------------  -----  ---------  --------  ----------  --------------  -------------------
/opt/airflow/dags/customer_churn_pipeline.py                           1           0  1.06s           2025-09-22T13:51:20
================================================================================
[2025-09-22T13:51:55.049+0000] {manager.py:879} INFO - 
================================================================================
DAG File Processing Stats

File Path                                     PID    Runtime      # DAGs    # Errors  Last Runtime    Last Run
--------------------------------------------  -----  ---------  --------  ----------  --------------  -------------------
/opt/airflow/dags/customer_churn_pipeline.py                           1           0  1.18s           2025-09-22T13:51:52
================================================================================
[2025-09-22T13:52:23.615+0000] {manager.py:879} INFO - 
================================================================================
DAG File Processing Stats

File Path                                       PID  Runtime      # DAGs    # Errors  Last Runtime    Last Run
--------------------------------------------  -----  ---------  --------  ----------  --------------  -------------------
/opt/airflow/dags/customer_churn_pipeline.py   2000  1.03s             1           0  1.18s           2025-09-22T13:51:52
================================================================================
[2025-09-22T13:52:52.262+0000] {manager.py:879} INFO - 
================================================================================
DAG File Processing Stats

File Path                                     PID    Runtime      # DAGs    # Errors  Last Runtime    Last Run
--------------------------------------------  -----  ---------  --------  ----------  --------------  -------------------
/opt/airflow/dags/customer_churn_pipeline.py                           1           0  1.34s           2025-09-22T13:52:23
================================================================================
[2025-09-22T13:53:20.536+0000] {manager.py:879} INFO - 
================================================================================
DAG File Processing Stats

File Path                                     PID    Runtime      # DAGs    # Errors  Last Runtime    Last Run
--------------------------------------------  -----  ---------  --------  ----------  --------------  -------------------
/opt/airflow/dags/customer_churn_pipeline.py                           1           0  1.64s           2025-09-22T13:52:56
================================================================================
[2025-09-22T13:53:48.386+0000] {manager.py:879} INFO - 
================================================================================
DAG File Processing Stats

File Path                                     PID    Runtime      # DAGs    # Errors  Last Runtime    Last Run
--------------------------------------------  -----  ---------  --------  ----------  --------------  -------------------
/opt/airflow/dags/customer_churn_pipeline.py                           1           0  1.64s           2025-09-22T13:53:28
================================================================================
[2025-09-22T13:54:16.117+0000] {manager.py:879} INFO - 
================================================================================
DAG File Processing Stats

File Path                                     PID    Runtime      # DAGs    # Errors  Last Runtime    Last Run
--------------------------------------------  -----  ---------  --------  ----------  --------------  -------------------
/opt/airflow/dags/customer_churn_pipeline.py                           1           0  1.31s           2025-09-22T13:53:59
================================================================================
[2025-09-22T13:54:44.632+0000] {manager.py:879} INFO - 
================================================================================
DAG File Processing Stats

File Path                                     PID    Runtime      # DAGs    # Errors  Last Runtime    Last Run
--------------------------------------------  -----  ---------  --------  ----------  --------------  -------------------
/opt/airflow/dags/customer_churn_pipeline.py                           1           0  1.36s           2025-09-22T13:54:31
================================================================================
[2025-09-22T13:54:53.780+0000] {manager.py:738} INFO - Searching for files in /opt/airflow/dags
[2025-09-22T13:54:53.864+0000] {manager.py:741} INFO - There are 1 files in /opt/airflow/dags
[2025-09-22T13:55:12.416+0000] {manager.py:879} INFO - 
================================================================================
DAG File Processing Stats

File Path                                     PID    Runtime      # DAGs    # Errors  Last Runtime    Last Run
--------------------------------------------  -----  ---------  --------  ----------  --------------  -------------------
/opt/airflow/dags/customer_churn_pipeline.py                           1           0  1.28s           2025-09-22T13:55:03
================================================================================
[2025-09-22T13:55:40.150+0000] {manager.py:879} INFO - 
================================================================================
DAG File Processing Stats

File Path                                     PID    Runtime      # DAGs    # Errors  Last Runtime    Last Run
--------------------------------------------  -----  ---------  --------  ----------  --------------  -------------------
/opt/airflow/dags/customer_churn_pipeline.py                           1           0  1.28s           2025-09-22T13:55:35
================================================================================
[2025-09-22T13:56:08.392+0000] {manager.py:879} INFO - 
================================================================================
DAG File Processing Stats

File Path                                     PID    Runtime      # DAGs    # Errors  Last Runtime    Last Run
--------------------------------------------  -----  ---------  --------  ----------  --------------  -------------------
/opt/airflow/dags/customer_churn_pipeline.py                           1           0  1.48s           2025-09-22T13:56:06
================================================================================
[2025-09-22T13:56:36.744+0000] {manager.py:879} INFO - 
================================================================================
DAG File Processing Stats

File Path                                       PID  Runtime      # DAGs    # Errors  Last Runtime    Last Run
--------------------------------------------  -----  ---------  --------  ----------  --------------  -------------------
/opt/airflow/dags/customer_churn_pipeline.py   2152  0.01s             1           0  1.48s           2025-09-22T13:56:06
================================================================================
[2025-09-22T13:57:05.322+0000] {manager.py:879} INFO - 
================================================================================
DAG File Processing Stats

File Path                                     PID    Runtime      # DAGs    # Errors  Last Runtime    Last Run
--------------------------------------------  -----  ---------  --------  ----------  --------------  -------------------
/opt/airflow/dags/customer_churn_pipeline.py                           1           0  1.09s           2025-09-22T13:56:37
================================================================================
[2025-09-22T13:57:33.608+0000] {manager.py:879} INFO - 
================================================================================
DAG File Processing Stats

File Path                                     PID    Runtime      # DAGs    # Errors  Last Runtime    Last Run
--------------------------------------------  -----  ---------  --------  ----------  --------------  -------------------
/opt/airflow/dags/customer_churn_pipeline.py                           1           0  1.27s           2025-09-22T13:57:09
================================================================================
[2025-09-22T13:58:01.910+0000] {manager.py:879} INFO - 
================================================================================
DAG File Processing Stats

File Path                                     PID    Runtime      # DAGs    # Errors  Last Runtime    Last Run
--------------------------------------------  -----  ---------  --------  ----------  --------------  -------------------
/opt/airflow/dags/customer_churn_pipeline.py                           1           0  1.16s           2025-09-22T13:57:41
================================================================================
[2025-09-22T13:58:30.400+0000] {manager.py:879} INFO - 
================================================================================
DAG File Processing Stats

File Path                                     PID    Runtime      # DAGs    # Errors  Last Runtime    Last Run
--------------------------------------------  -----  ---------  --------  ----------  --------------  -------------------
/opt/airflow/dags/customer_churn_pipeline.py                           1           0  1.21s           2025-09-22T13:58:13
================================================================================
[2025-09-22T13:58:58.211+0000] {manager.py:879} INFO - 
================================================================================
DAG File Processing Stats

File Path                                     PID    Runtime      # DAGs    # Errors  Last Runtime    Last Run
--------------------------------------------  -----  ---------  --------  ----------  --------------  -------------------
/opt/airflow/dags/customer_churn_pipeline.py                           1           0  1.14s           2025-09-22T13:58:44
================================================================================
[2025-09-22T13:59:26.953+0000] {manager.py:879} INFO - 
================================================================================
DAG File Processing Stats

File Path                                     PID    Runtime      # DAGs    # Errors  Last Runtime    Last Run
--------------------------------------------  -----  ---------  --------  ----------  --------------  -------------------
/opt/airflow/dags/customer_churn_pipeline.py                           1           0  1.23s           2025-09-22T13:59:16
================================================================================
[2025-09-22T13:59:53.834+0000] {manager.py:738} INFO - Searching for files in /opt/airflow/dags
[2025-09-22T13:59:53.956+0000] {manager.py:741} INFO - There are 1 files in /opt/airflow/dags
[2025-09-22T13:59:55.025+0000] {manager.py:879} INFO - 
================================================================================
DAG File Processing Stats

File Path                                     PID    Runtime      # DAGs    # Errors  Last Runtime    Last Run
--------------------------------------------  -----  ---------  --------  ----------  --------------  -------------------
/opt/airflow/dags/customer_churn_pipeline.py                           1           0  1.18s           2025-09-22T13:59:48
================================================================================
[2025-09-22T14:00:23.540+0000] {manager.py:879} INFO - 
================================================================================
DAG File Processing Stats

File Path                                     PID    Runtime      # DAGs    # Errors  Last Runtime    Last Run
--------------------------------------------  -----  ---------  --------  ----------  --------------  -------------------
/opt/airflow/dags/customer_churn_pipeline.py                           1           0  1.08s           2025-09-22T14:00:20
================================================================================
[2025-09-22T14:00:51.934+0000] {manager.py:879} INFO - 
================================================================================
DAG File Processing Stats

File Path                                       PID  Runtime      # DAGs    # Errors  Last Runtime    Last Run
--------------------------------------------  -----  ---------  --------  ----------  --------------  -------------------
/opt/airflow/dags/customer_churn_pipeline.py   2304  1.02s             1           0  1.08s           2025-09-22T14:00:20
================================================================================
[2025-09-22T14:01:18.299+0000] {manager.py:879} INFO - 
================================================================================
DAG File Processing Stats

File Path                                     PID    Runtime      # DAGs    # Errors  Last Runtime    Last Run
--------------------------------------------  -----  ---------  --------  ----------  --------------  -------------------
/opt/airflow/dags/customer_churn_pipeline.py                           1           0  1.09s           2025-09-22T14:00:52
================================================================================
[2025-09-22T14:01:46.714+0000] {manager.py:879} INFO - 
================================================================================
DAG File Processing Stats

File Path                                     PID    Runtime      # DAGs    # Errors  Last Runtime    Last Run
--------------------------------------------  -----  ---------  --------  ----------  --------------  -------------------
/opt/airflow/dags/customer_churn_pipeline.py                           1           0  1.14s           2025-09-22T14:01:23
================================================================================
[2025-09-22T14:02:14.923+0000] {manager.py:879} INFO - 
================================================================================
DAG File Processing Stats

File Path                                     PID    Runtime      # DAGs    # Errors  Last Runtime    Last Run
--------------------------------------------  -----  ---------  --------  ----------  --------------  -------------------
/opt/airflow/dags/customer_churn_pipeline.py                           1           0  1.82s           2025-09-22T14:01:55
================================================================================
[2025-09-22T14:02:42.922+0000] {manager.py:879} INFO - 
================================================================================
DAG File Processing Stats

File Path                                     PID    Runtime      # DAGs    # Errors  Last Runtime    Last Run
--------------------------------------------  -----  ---------  --------  ----------  --------------  -------------------
/opt/airflow/dags/customer_churn_pipeline.py                           1           0  1.65s           2025-09-22T14:02:27
================================================================================
[2025-09-22T14:03:10.949+0000] {manager.py:879} INFO - 
================================================================================
DAG File Processing Stats

File Path                                     PID    Runtime      # DAGs    # Errors  Last Runtime    Last Run
--------------------------------------------  -----  ---------  --------  ----------  --------------  -------------------
/opt/airflow/dags/customer_churn_pipeline.py                           1           0  1.68s           2025-09-22T14:02:59
================================================================================
[2025-09-22T14:03:39.037+0000] {manager.py:879} INFO - 
================================================================================
DAG File Processing Stats

File Path                                     PID    Runtime      # DAGs    # Errors  Last Runtime    Last Run
--------------------------------------------  -----  ---------  --------  ----------  --------------  -------------------
/opt/airflow/dags/customer_churn_pipeline.py                           1           0  1.67s           2025-09-22T14:03:31
================================================================================
[2025-09-22T14:04:07.282+0000] {manager.py:879} INFO - 
================================================================================
DAG File Processing Stats

File Path                                     PID    Runtime      # DAGs    # Errors  Last Runtime    Last Run
--------------------------------------------  -----  ---------  --------  ----------  --------------  -------------------
/opt/airflow/dags/customer_churn_pipeline.py                           1           0  1.60s           2025-09-22T14:04:04
================================================================================
[2025-09-22T14:04:35.791+0000] {manager.py:879} INFO - 
================================================================================
DAG File Processing Stats

File Path                                       PID  Runtime      # DAGs    # Errors  Last Runtime    Last Run
--------------------------------------------  -----  ---------  --------  ----------  --------------  -------------------
/opt/airflow/dags/customer_churn_pipeline.py   2437  1.03s             1           0  1.60s           2025-09-22T14:04:04
================================================================================
[2025-09-22T14:04:54.060+0000] {manager.py:738} INFO - Searching for files in /opt/airflow/dags
[2025-09-22T14:04:54.214+0000] {manager.py:741} INFO - There are 1 files in /opt/airflow/dags
[2025-09-22T14:05:04.287+0000] {manager.py:879} INFO - 
================================================================================
DAG File Processing Stats

File Path                                     PID    Runtime      # DAGs    # Errors  Last Runtime    Last Run
--------------------------------------------  -----  ---------  --------  ----------  --------------  -------------------
/opt/airflow/dags/customer_churn_pipeline.py                           1           0  1.78s           2025-09-22T14:04:36
================================================================================
[2025-09-22T14:05:32.289+0000] {manager.py:879} INFO - 
================================================================================
DAG File Processing Stats

File Path                                     PID    Runtime      # DAGs    # Errors  Last Runtime    Last Run
--------------------------------------------  -----  ---------  --------  ----------  --------------  -------------------
/opt/airflow/dags/customer_churn_pipeline.py                           1           0  1.74s           2025-09-22T14:05:09
================================================================================
[2025-09-22T14:06:00.434+0000] {manager.py:879} INFO - 
================================================================================
DAG File Processing Stats

File Path                                     PID    Runtime      # DAGs    # Errors  Last Runtime    Last Run
--------------------------------------------  -----  ---------  --------  ----------  --------------  -------------------
/opt/airflow/dags/customer_churn_pipeline.py                           1           0  1.70s           2025-09-22T14:05:41
================================================================================
[2025-09-22T14:06:28.494+0000] {manager.py:879} INFO - 
================================================================================
DAG File Processing Stats

File Path                                     PID    Runtime      # DAGs    # Errors  Last Runtime    Last Run
--------------------------------------------  -----  ---------  --------  ----------  --------------  -------------------
/opt/airflow/dags/customer_churn_pipeline.py                           1           0  1.62s           2025-09-22T14:06:13
================================================================================
[2025-09-22T14:06:56.259+0000] {manager.py:879} INFO - 
================================================================================
DAG File Processing Stats

File Path                                     PID    Runtime      # DAGs    # Errors  Last Runtime    Last Run
--------------------------------------------  -----  ---------  --------  ----------  --------------  -------------------
/opt/airflow/dags/customer_churn_pipeline.py                           1           0  1.67s           2025-09-22T14:06:45
================================================================================
[2025-09-22T14:07:24.417+0000] {manager.py:879} INFO - 
================================================================================
DAG File Processing Stats

File Path                                     PID    Runtime      # DAGs    # Errors  Last Runtime    Last Run
--------------------------------------------  -----  ---------  --------  ----------  --------------  -------------------
/opt/airflow/dags/customer_churn_pipeline.py                           1           0  1.76s           2025-09-22T14:07:17
================================================================================
[2025-09-22T14:07:52.476+0000] {manager.py:879} INFO - 
================================================================================
DAG File Processing Stats

File Path                                     PID    Runtime      # DAGs    # Errors  Last Runtime    Last Run
--------------------------------------------  -----  ---------  --------  ----------  --------------  -------------------
/opt/airflow/dags/customer_churn_pipeline.py                           1           0  1.58s           2025-09-22T14:07:49
================================================================================
[2025-09-22T14:08:20.224+0000] {manager.py:879} INFO - 
================================================================================
DAG File Processing Stats

File Path                                       PID  Runtime      # DAGs    # Errors  Last Runtime    Last Run
--------------------------------------------  -----  ---------  --------  ----------  --------------  -------------------
/opt/airflow/dags/customer_churn_pipeline.py   2570  0.55s             1           0  1.58s           2025-09-22T14:07:49
================================================================================
[2025-09-22T14:08:48.408+0000] {manager.py:879} INFO - 
================================================================================
DAG File Processing Stats

File Path                                     PID    Runtime      # DAGs    # Errors  Last Runtime    Last Run
--------------------------------------------  -----  ---------  --------  ----------  --------------  -------------------
/opt/airflow/dags/customer_churn_pipeline.py                           1           0  1.77s           2025-09-22T14:08:21
================================================================================
[2025-09-22T14:09:16.594+0000] {manager.py:879} INFO - 
================================================================================
DAG File Processing Stats

File Path                                     PID    Runtime      # DAGs    # Errors  Last Runtime    Last Run
--------------------------------------------  -----  ---------  --------  ----------  --------------  -------------------
/opt/airflow/dags/customer_churn_pipeline.py                           1           0  1.83s           2025-09-22T14:08:53
================================================================================
[2025-09-22T14:09:44.767+0000] {manager.py:879} INFO - 
================================================================================
DAG File Processing Stats

File Path                                     PID    Runtime      # DAGs    # Errors  Last Runtime    Last Run
--------------------------------------------  -----  ---------  --------  ----------  --------------  -------------------
/opt/airflow/dags/customer_churn_pipeline.py                           1           0  1.79s           2025-09-22T14:09:25
================================================================================
[2025-09-22T14:09:54.195+0000] {manager.py:738} INFO - Searching for files in /opt/airflow/dags
[2025-09-22T14:09:54.305+0000] {manager.py:741} INFO - There are 1 files in /opt/airflow/dags
[2025-09-22T14:10:12.873+0000] {manager.py:879} INFO - 
================================================================================
DAG File Processing Stats

File Path                                     PID    Runtime      # DAGs    # Errors  Last Runtime    Last Run
--------------------------------------------  -----  ---------  --------  ----------  --------------  -------------------
/opt/airflow/dags/customer_churn_pipeline.py                           1           0  1.86s           2025-09-22T14:09:58
================================================================================
[2025-09-22T14:10:41.319+0000] {manager.py:879} INFO - 
================================================================================
DAG File Processing Stats

File Path                                     PID    Runtime      # DAGs    # Errors  Last Runtime    Last Run
--------------------------------------------  -----  ---------  --------  ----------  --------------  -------------------
/opt/airflow/dags/customer_churn_pipeline.py                           1           0  1.64s           2025-09-22T14:10:30
================================================================================
[2025-09-22T14:11:09.625+0000] {manager.py:879} INFO - 
================================================================================
DAG File Processing Stats

File Path                                     PID    Runtime      # DAGs    # Errors  Last Runtime    Last Run
--------------------------------------------  -----  ---------  --------  ----------  --------------  -------------------
/opt/airflow/dags/customer_churn_pipeline.py                           1           0  -0.52s          2025-09-22T14:11:00
================================================================================
[2025-09-22T14:11:37.654+0000] {manager.py:879} INFO - 
================================================================================
DAG File Processing Stats

File Path                                     PID    Runtime      # DAGs    # Errors  Last Runtime    Last Run
--------------------------------------------  -----  ---------  --------  ----------  --------------  -------------------
/opt/airflow/dags/customer_churn_pipeline.py                           1           0  1.63s           2025-09-22T14:11:32
================================================================================
[2025-09-22T14:12:05.868+0000] {manager.py:879} INFO - 
================================================================================
DAG File Processing Stats

File Path                                     PID    Runtime      # DAGs    # Errors  Last Runtime    Last Run
--------------------------------------------  -----  ---------  --------  ----------  --------------  -------------------
/opt/airflow/dags/customer_churn_pipeline.py                           1           0  1.56s           2025-09-22T14:12:04
================================================================================
[2025-09-22T14:12:33.565+0000] {manager.py:879} INFO - 
================================================================================
DAG File Processing Stats

File Path                                     PID    Runtime      # DAGs    # Errors  Last Runtime    Last Run
--------------------------------------------  -----  ---------  --------  ----------  --------------  -------------------
/opt/airflow/dags/customer_churn_pipeline.py                           1           0  1.56s           2025-09-22T14:12:04
================================================================================
[2025-09-22T14:13:01.793+0000] {manager.py:879} INFO - 
================================================================================
DAG File Processing Stats

File Path                                     PID    Runtime      # DAGs    # Errors  Last Runtime    Last Run
--------------------------------------------  -----  ---------  --------  ----------  --------------  -------------------
/opt/airflow/dags/customer_churn_pipeline.py                           1           0  1.75s           2025-09-22T14:12:37
================================================================================
[2025-09-22T14:13:30.159+0000] {manager.py:879} INFO - 
================================================================================
DAG File Processing Stats

File Path                                     PID    Runtime      # DAGs    # Errors  Last Runtime    Last Run
--------------------------------------------  -----  ---------  --------  ----------  --------------  -------------------
/opt/airflow/dags/customer_churn_pipeline.py                           1           0  1.71s           2025-09-22T14:13:09
================================================================================
[2025-09-22T14:13:58.354+0000] {manager.py:879} INFO - 
================================================================================
DAG File Processing Stats

File Path                                     PID    Runtime      # DAGs    # Errors  Last Runtime    Last Run
--------------------------------------------  -----  ---------  --------  ----------  --------------  -------------------
/opt/airflow/dags/customer_churn_pipeline.py                           1           0  1.69s           2025-09-22T14:13:42
================================================================================
[2025-09-22T14:14:26.587+0000] {manager.py:879} INFO - 
================================================================================
DAG File Processing Stats

File Path                                     PID    Runtime      # DAGs    # Errors  Last Runtime    Last Run
--------------------------------------------  -----  ---------  --------  ----------  --------------  -------------------
/opt/airflow/dags/customer_churn_pipeline.py                           1           0  1.71s           2025-09-22T14:14:14
================================================================================
[2025-09-22T14:14:54.684+0000] {manager.py:738} INFO - Searching for files in /opt/airflow/dags
[2025-09-22T14:14:54.803+0000] {manager.py:741} INFO - There are 1 files in /opt/airflow/dags
[2025-09-22T14:14:54.828+0000] {manager.py:879} INFO - 
================================================================================
DAG File Processing Stats

File Path                                     PID    Runtime      # DAGs    # Errors  Last Runtime    Last Run
--------------------------------------------  -----  ---------  --------  ----------  --------------  -------------------
/opt/airflow/dags/customer_churn_pipeline.py                           1           0  1.84s           2025-09-22T14:14:46
================================================================================
[2025-09-22T14:15:22.972+0000] {manager.py:879} INFO - 
================================================================================
DAG File Processing Stats

File Path                                     PID    Runtime      # DAGs    # Errors  Last Runtime    Last Run
--------------------------------------------  -----  ---------  --------  ----------  --------------  -------------------
/opt/airflow/dags/customer_churn_pipeline.py                           1           0  1.69s           2025-09-22T14:15:18
================================================================================
[2025-09-22T14:15:51.179+0000] {manager.py:879} INFO - 
================================================================================
DAG File Processing Stats

File Path                                     PID    Runtime      # DAGs    # Errors  Last Runtime    Last Run
--------------------------------------------  -----  ---------  --------  ----------  --------------  -------------------
/opt/airflow/dags/customer_churn_pipeline.py                           1           0  1.64s           2025-09-22T14:15:51
================================================================================
[2025-09-22T14:16:19.468+0000] {manager.py:879} INFO - 
================================================================================
DAG File Processing Stats

File Path                                     PID    Runtime      # DAGs    # Errors  Last Runtime    Last Run
--------------------------------------------  -----  ---------  --------  ----------  --------------  -------------------
/opt/airflow/dags/customer_churn_pipeline.py                           1           0  1.64s           2025-09-22T14:15:51
================================================================================
[2025-09-22T14:16:47.325+0000] {manager.py:879} INFO - 
================================================================================
DAG File Processing Stats

File Path                                     PID    Runtime      # DAGs    # Errors  Last Runtime    Last Run
--------------------------------------------  -----  ---------  --------  ----------  --------------  -------------------
/opt/airflow/dags/customer_churn_pipeline.py                           1           0  1.58s           2025-09-22T14:16:23
================================================================================
[2025-09-22T14:17:15.096+0000] {manager.py:879} INFO - 
================================================================================
DAG File Processing Stats

File Path                                     PID    Runtime      # DAGs    # Errors  Last Runtime    Last Run
--------------------------------------------  -----  ---------  --------  ----------  --------------  -------------------
/opt/airflow/dags/customer_churn_pipeline.py                           1           0  1.06s           2025-09-22T14:16:54
================================================================================
[2025-09-22T14:17:43.638+0000] {manager.py:879} INFO - 
================================================================================
DAG File Processing Stats

File Path                                     PID    Runtime      # DAGs    # Errors  Last Runtime    Last Run
--------------------------------------------  -----  ---------  --------  ----------  --------------  -------------------
/opt/airflow/dags/customer_churn_pipeline.py                           1           0  1.10s           2025-09-22T14:17:26
================================================================================
[2025-09-22T14:18:11.939+0000] {manager.py:879} INFO - 
================================================================================
DAG File Processing Stats

File Path                                     PID    Runtime      # DAGs    # Errors  Last Runtime    Last Run
--------------------------------------------  -----  ---------  --------  ----------  --------------  -------------------
/opt/airflow/dags/customer_churn_pipeline.py                           1           0  -1.19s          2025-09-22T14:17:55
================================================================================
[2025-09-22T14:18:40.270+0000] {manager.py:879} INFO - 
================================================================================
DAG File Processing Stats

File Path                                     PID    Runtime      # DAGs    # Errors  Last Runtime    Last Run
--------------------------------------------  -----  ---------  --------  ----------  --------------  -------------------
/opt/airflow/dags/customer_churn_pipeline.py                           1           0  1.66s           2025-09-22T14:18:27
================================================================================
[2025-09-22T14:19:08.675+0000] {manager.py:879} INFO - 
================================================================================
DAG File Processing Stats

File Path                                     PID    Runtime      # DAGs    # Errors  Last Runtime    Last Run
--------------------------------------------  -----  ---------  --------  ----------  --------------  -------------------
/opt/airflow/dags/customer_churn_pipeline.py                           1           0  1.78s           2025-09-22T14:19:00
================================================================================
[2025-09-22T14:19:37.353+0000] {manager.py:879} INFO - 
================================================================================
DAG File Processing Stats

File Path                                     PID    Runtime      # DAGs    # Errors  Last Runtime    Last Run
--------------------------------------------  -----  ---------  --------  ----------  --------------  -------------------
/opt/airflow/dags/customer_churn_pipeline.py                           1           0  2.01s           2025-09-22T14:19:33
================================================================================
[2025-09-22T14:19:54.685+0000] {manager.py:738} INFO - Searching for files in /opt/airflow/dags
[2025-09-22T14:19:54.799+0000] {manager.py:741} INFO - There are 1 files in /opt/airflow/dags
[2025-09-22T14:20:05.233+0000] {manager.py:879} INFO - 
================================================================================
DAG File Processing Stats

File Path                                       PID  Runtime      # DAGs    # Errors  Last Runtime    Last Run
--------------------------------------------  -----  ---------  --------  ----------  --------------  -------------------
/opt/airflow/dags/customer_churn_pipeline.py   2988  1.04s             1           0  2.01s           2025-09-22T14:19:33
================================================================================
[2025-09-22T14:20:33.284+0000] {manager.py:879} INFO - 
================================================================================
DAG File Processing Stats

File Path                                     PID    Runtime      # DAGs    # Errors  Last Runtime    Last Run
--------------------------------------------  -----  ---------  --------  ----------  --------------  -------------------
/opt/airflow/dags/customer_churn_pipeline.py                           1           0  2.66s           2025-09-22T14:20:06
================================================================================
[2025-09-22T14:21:01.838+0000] {manager.py:879} INFO - 
================================================================================
DAG File Processing Stats

File Path                                     PID    Runtime      # DAGs    # Errors  Last Runtime    Last Run
--------------------------------------------  -----  ---------  --------  ----------  --------------  -------------------
/opt/airflow/dags/customer_churn_pipeline.py                           1           0  2.15s           2025-09-22T14:20:39
================================================================================
[2025-09-22T14:21:30.519+0000] {manager.py:879} INFO - 
================================================================================
DAG File Processing Stats

File Path                                     PID    Runtime      # DAGs    # Errors  Last Runtime    Last Run
--------------------------------------------  -----  ---------  --------  ----------  --------------  -------------------
/opt/airflow/dags/customer_churn_pipeline.py                           1           0  -0.30s          2025-09-22T14:21:09
================================================================================
[2025-09-22T14:21:58.528+0000] {manager.py:879} INFO - 
================================================================================
DAG File Processing Stats

File Path                                     PID    Runtime      # DAGs    # Errors  Last Runtime    Last Run
--------------------------------------------  -----  ---------  --------  ----------  --------------  -------------------
/opt/airflow/dags/customer_churn_pipeline.py                           1           0  1.49s           2025-09-22T14:21:42
================================================================================
[2025-09-22T14:22:26.994+0000] {manager.py:879} INFO - 
================================================================================
DAG File Processing Stats

File Path                                     PID    Runtime      # DAGs    # Errors  Last Runtime    Last Run
--------------------------------------------  -----  ---------  --------  ----------  --------------  -------------------
/opt/airflow/dags/customer_churn_pipeline.py                           1           0  1.40s           2025-09-22T14:22:13
================================================================================
[2025-09-22T14:22:55.343+0000] {manager.py:879} INFO - 
================================================================================
DAG File Processing Stats

File Path                                     PID    Runtime      # DAGs    # Errors  Last Runtime    Last Run
--------------------------------------------  -----  ---------  --------  ----------  --------------  -------------------
/opt/airflow/dags/customer_churn_pipeline.py                           1           0  1.24s           2025-09-22T14:22:45
================================================================================
[2025-09-22T14:23:23.603+0000] {manager.py:879} INFO - 
================================================================================
DAG File Processing Stats

File Path                                     PID    Runtime      # DAGs    # Errors  Last Runtime    Last Run
--------------------------------------------  -----  ---------  --------  ----------  --------------  -------------------
/opt/airflow/dags/customer_churn_pipeline.py                           1           0  1.37s           2025-09-22T14:23:16
================================================================================
[2025-09-22T14:23:51.600+0000] {manager.py:879} INFO - 
================================================================================
DAG File Processing Stats

File Path                                     PID    Runtime      # DAGs    # Errors  Last Runtime    Last Run
--------------------------------------------  -----  ---------  --------  ----------  --------------  -------------------
/opt/airflow/dags/customer_churn_pipeline.py                           1           0  1.42s           2025-09-22T14:23:48
================================================================================
[2025-09-22T14:24:19.924+0000] {manager.py:879} INFO - 
================================================================================
DAG File Processing Stats

File Path                                       PID  Runtime      # DAGs    # Errors  Last Runtime    Last Run
--------------------------------------------  -----  ---------  --------  ----------  --------------  -------------------
/opt/airflow/dags/customer_churn_pipeline.py   3140  1.11s             1           0  1.42s           2025-09-22T14:23:48
================================================================================
[2025-09-22T14:24:48.271+0000] {manager.py:879} INFO - 
================================================================================
DAG File Processing Stats

File Path                                     PID    Runtime      # DAGs    # Errors  Last Runtime    Last Run
--------------------------------------------  -----  ---------  --------  ----------  --------------  -------------------
/opt/airflow/dags/customer_churn_pipeline.py                           1           0  14.00s          2025-09-22T14:24:32
================================================================================
[2025-09-22T14:24:55.449+0000] {manager.py:738} INFO - Searching for files in /opt/airflow/dags
[2025-09-22T14:24:56.278+0000] {manager.py:741} INFO - There are 1 files in /opt/airflow/dags
[2025-09-22T14:25:16.773+0000] {manager.py:879} INFO - 
================================================================================
DAG File Processing Stats

File Path                                       PID  Runtime      # DAGs    # Errors  Last Runtime    Last Run
--------------------------------------------  -----  ---------  --------  ----------  --------------  -------------------
/opt/airflow/dags/customer_churn_pipeline.py   3159  12.82s            1           0  14.00s          2025-09-22T14:24:32
================================================================================
[2025-09-22T14:25:45.003+0000] {manager.py:879} INFO - 
================================================================================
DAG File Processing Stats

File Path                                     PID    Runtime      # DAGs    # Errors  Last Runtime    Last Run
--------------------------------------------  -----  ---------  --------  ----------  --------------  -------------------
/opt/airflow/dags/customer_churn_pipeline.py                           1           0  15.59s          2025-09-22T14:25:19
================================================================================
[2025-09-22T14:26:13.418+0000] {manager.py:879} INFO - 
================================================================================
DAG File Processing Stats

File Path                                     PID    Runtime      # DAGs    # Errors  Last Runtime    Last Run
--------------------------------------------  -----  ---------  --------  ----------  --------------  -------------------
/opt/airflow/dags/customer_churn_pipeline.py                           1           0  16.95s          2025-09-22T14:26:07
================================================================================
[2025-09-22T14:26:41.162+0000] {manager.py:879} INFO - 
================================================================================
DAG File Processing Stats

File Path                                       PID  Runtime      # DAGs    # Errors  Last Runtime    Last Run
--------------------------------------------  -----  ---------  --------  ----------  --------------  -------------------
/opt/airflow/dags/customer_churn_pipeline.py   3197  3.20s             1           0  16.95s          2025-09-22T14:26:07
================================================================================
[2025-09-22T14:27:08.980+0000] {manager.py:879} INFO - 
================================================================================
DAG File Processing Stats

File Path                                     PID    Runtime      # DAGs    # Errors  Last Runtime    Last Run
--------------------------------------------  -----  ---------  --------  ----------  --------------  -------------------
/opt/airflow/dags/customer_churn_pipeline.py                           1           0  14.08s          2025-09-22T14:26:52
================================================================================
[2025-09-22T14:27:37.142+0000] {manager.py:879} INFO - 
================================================================================
DAG File Processing Stats

File Path                                       PID  Runtime      # DAGs    # Errors  Last Runtime    Last Run
--------------------------------------------  -----  ---------  --------  ----------  --------------  -------------------
/opt/airflow/dags/customer_churn_pipeline.py   3216  14.91s            1           0  14.08s          2025-09-22T14:26:52
================================================================================
[2025-09-22T14:28:04.890+0000] {manager.py:879} INFO - 
================================================================================
DAG File Processing Stats

File Path                                     PID    Runtime      # DAGs    # Errors  Last Runtime    Last Run
--------------------------------------------  -----  ---------  --------  ----------  --------------  -------------------
/opt/airflow/dags/customer_churn_pipeline.py                           1           0  16.52s          2025-09-22T14:27:38
================================================================================
[2025-09-22T14:28:32.801+0000] {manager.py:879} INFO - 
================================================================================
DAG File Processing Stats

File Path                                     PID    Runtime      # DAGs    # Errors  Last Runtime    Last Run
--------------------------------------------  -----  ---------  --------  ----------  --------------  -------------------
/opt/airflow/dags/customer_churn_pipeline.py                           1           0  16.39s          2025-09-22T14:28:25
================================================================================
[2025-09-22T14:29:01.387+0000] {manager.py:879} INFO - 
================================================================================
DAG File Processing Stats

File Path                                       PID  Runtime      # DAGs    # Errors  Last Runtime    Last Run
--------------------------------------------  -----  ---------  --------  ----------  --------------  -------------------
/opt/airflow/dags/customer_churn_pipeline.py   3254  5.30s             1           0  16.39s          2025-09-22T14:28:25
================================================================================
[2025-09-22T14:29:30.042+0000] {manager.py:879} INFO - 
================================================================================
DAG File Processing Stats

File Path                                     PID    Runtime      # DAGs    # Errors  Last Runtime    Last Run
--------------------------------------------  -----  ---------  --------  ----------  --------------  -------------------
/opt/airflow/dags/customer_churn_pipeline.py                           1           0  14.76s          2025-09-22T14:29:10
================================================================================
[2025-09-22T14:29:55.623+0000] {manager.py:738} INFO - Searching for files in /opt/airflow/dags
[2025-09-22T14:29:56.104+0000] {manager.py:741} INFO - There are 1 files in /opt/airflow/dags
[2025-09-22T14:29:56.117+0000] {manager.py:879} INFO - 
================================================================================
DAG File Processing Stats

File Path                                       PID  Runtime      # DAGs    # Errors  Last Runtime    Last Run
--------------------------------------------  -----  ---------  --------  ----------  --------------  -------------------
/opt/airflow/dags/customer_churn_pipeline.py   3273  14.33s            1           0  14.76s          2025-09-22T14:29:10
================================================================================
[2025-09-22T14:30:24.561+0000] {manager.py:879} INFO - 
================================================================================
DAG File Processing Stats

File Path                                     PID    Runtime      # DAGs    # Errors  Last Runtime    Last Run
--------------------------------------------  -----  ---------  --------  ----------  --------------  -------------------
/opt/airflow/dags/customer_churn_pipeline.py                           1           0  16.40s          2025-09-22T14:29:58
================================================================================
[2025-09-22T14:30:53.089+0000] {manager.py:879} INFO - 
================================================================================
DAG File Processing Stats

File Path                                     PID    Runtime      # DAGs    # Errors  Last Runtime    Last Run
--------------------------------------------  -----  ---------  --------  ----------  --------------  -------------------
/opt/airflow/dags/customer_churn_pipeline.py                           1           0  17.04s          2025-09-22T14:30:45
================================================================================
[2025-09-22T14:31:20.813+0000] {manager.py:879} INFO - 
================================================================================
DAG File Processing Stats

File Path                                       PID  Runtime      # DAGs    # Errors  Last Runtime    Last Run
--------------------------------------------  -----  ---------  --------  ----------  --------------  -------------------
/opt/airflow/dags/customer_churn_pipeline.py   3311  4.19s             1           0  17.04s          2025-09-22T14:30:45
================================================================================
[2025-09-22T14:31:49.120+0000] {manager.py:879} INFO - 
================================================================================
DAG File Processing Stats

File Path                                     PID    Runtime      # DAGs    # Errors  Last Runtime    Last Run
--------------------------------------------  -----  ---------  --------  ----------  --------------  -------------------
/opt/airflow/dags/customer_churn_pipeline.py                           1           0  15.66s          2025-09-22T14:31:32
================================================================================
[2025-09-22T14:32:17.668+0000] {manager.py:879} INFO - 
================================================================================
DAG File Processing Stats

File Path                                       PID  Runtime      # DAGs    # Errors  Last Runtime    Last Run
--------------------------------------------  -----  ---------  --------  ----------  --------------  -------------------
/opt/airflow/dags/customer_churn_pipeline.py   3330  14.69s            1           0  15.66s          2025-09-22T14:31:32
================================================================================
[2025-09-22T14:32:46.297+0000] {manager.py:879} INFO - 
================================================================================
DAG File Processing Stats

File Path                                     PID    Runtime      # DAGs    # Errors  Last Runtime    Last Run
--------------------------------------------  -----  ---------  --------  ----------  --------------  -------------------
/opt/airflow/dags/customer_churn_pipeline.py                           1           0  14.77s          2025-09-22T14:32:17
================================================================================
[2025-09-22T14:33:14.224+0000] {manager.py:879} INFO - 
================================================================================
DAG File Processing Stats

File Path                                     PID    Runtime      # DAGs    # Errors  Last Runtime    Last Run
--------------------------------------------  -----  ---------  --------  ----------  --------------  -------------------
/opt/airflow/dags/customer_churn_pipeline.py                           1           0  17.45s          2025-09-22T14:33:05
================================================================================
[2025-09-22T14:33:42.716+0000] {manager.py:879} INFO - 
================================================================================
DAG File Processing Stats

File Path                                       PID  Runtime      # DAGs    # Errors  Last Runtime    Last Run
--------------------------------------------  -----  ---------  --------  ----------  --------------  -------------------
/opt/airflow/dags/customer_churn_pipeline.py   3368  6.36s             1           0  17.45s          2025-09-22T14:33:05
================================================================================
[2025-09-22T14:34:11.191+0000] {manager.py:879} INFO - 
================================================================================
DAG File Processing Stats

File Path                                     PID    Runtime      # DAGs    # Errors  Last Runtime    Last Run
--------------------------------------------  -----  ---------  --------  ----------  --------------  -------------------
/opt/airflow/dags/customer_churn_pipeline.py                           1           0  18.21s          2025-09-22T14:33:54
================================================================================
[2025-09-22T14:34:38.993+0000] {manager.py:879} INFO - 
================================================================================
DAG File Processing Stats

File Path                                       PID  Runtime      # DAGs    # Errors  Last Runtime    Last Run
--------------------------------------------  -----  ---------  --------  ----------  --------------  -------------------
/opt/airflow/dags/customer_churn_pipeline.py   3387  13.70s            1           0  18.21s          2025-09-22T14:33:54
================================================================================
[2025-09-22T14:34:55.729+0000] {manager.py:738} INFO - Searching for files in /opt/airflow/dags
[2025-09-22T14:34:56.184+0000] {manager.py:741} INFO - There are 1 files in /opt/airflow/dags
[2025-09-22T14:35:06.816+0000] {manager.py:879} INFO - 
================================================================================
DAG File Processing Stats

File Path                                     PID    Runtime      # DAGs    # Errors  Last Runtime    Last Run
--------------------------------------------  -----  ---------  --------  ----------  --------------  -------------------
/opt/airflow/dags/customer_churn_pipeline.py                           1           0  15.49s          2025-09-22T14:34:40
================================================================================
[2025-09-22T14:35:34.674+0000] {manager.py:879} INFO - 
================================================================================
DAG File Processing Stats

File Path                                     PID    Runtime      # DAGs    # Errors  Last Runtime    Last Run
--------------------------------------------  -----  ---------  --------  ----------  --------------  -------------------
/opt/airflow/dags/customer_churn_pipeline.py                           1           0  17.38s          2025-09-22T14:35:28
================================================================================
[2025-09-22T14:36:02.969+0000] {manager.py:879} INFO - 
================================================================================
DAG File Processing Stats

File Path                                       PID  Runtime      # DAGs    # Errors  Last Runtime    Last Run
--------------------------------------------  -----  ---------  --------  ----------  --------------  -------------------
/opt/airflow/dags/customer_churn_pipeline.py   3425  4.28s             1           0  17.38s          2025-09-22T14:35:28
================================================================================
[2025-09-22T14:36:31.311+0000] {manager.py:879} INFO - 
================================================================================
DAG File Processing Stats

File Path                                     PID    Runtime      # DAGs    # Errors  Last Runtime    Last Run
--------------------------------------------  -----  ---------  --------  ----------  --------------  -------------------
/opt/airflow/dags/customer_churn_pipeline.py                           1           0  17.86s          2025-09-22T14:36:16
================================================================================
[2025-09-22T14:36:59.836+0000] {manager.py:879} INFO - 
================================================================================
DAG File Processing Stats

File Path                                       PID  Runtime      # DAGs    # Errors  Last Runtime    Last Run
--------------------------------------------  -----  ---------  --------  ----------  --------------  -------------------
/opt/airflow/dags/customer_churn_pipeline.py   3444  12.47s            1           0  17.86s          2025-09-22T14:36:16
================================================================================
[2025-09-22T14:37:28.251+0000] {manager.py:879} INFO - 
================================================================================
DAG File Processing Stats

File Path                                     PID    Runtime      # DAGs    # Errors  Last Runtime    Last Run
--------------------------------------------  -----  ---------  --------  ----------  --------------  -------------------
/opt/airflow/dags/customer_churn_pipeline.py                           1           0  15.72s          2025-09-22T14:37:03
================================================================================
[2025-09-22T14:37:56.107+0000] {manager.py:879} INFO - 
================================================================================
DAG File Processing Stats

File Path                                     PID    Runtime      # DAGs    # Errors  Last Runtime    Last Run
--------------------------------------------  -----  ---------  --------  ----------  --------------  -------------------
/opt/airflow/dags/customer_churn_pipeline.py                           1           0  15.01s          2025-09-22T14:37:48
================================================================================
[2025-09-22T14:38:24.349+0000] {manager.py:879} INFO - 
================================================================================
DAG File Processing Stats

File Path                                       PID  Runtime      # DAGs    # Errors  Last Runtime    Last Run
--------------------------------------------  -----  ---------  --------  ----------  --------------  -------------------
/opt/airflow/dags/customer_churn_pipeline.py   3482  5.30s             1           0  15.01s          2025-09-22T14:37:48
================================================================================
[2025-09-22T14:38:52.320+0000] {manager.py:879} INFO - 
================================================================================
DAG File Processing Stats

File Path                                     PID    Runtime      # DAGs    # Errors  Last Runtime    Last Run
--------------------------------------------  -----  ---------  --------  ----------  --------------  -------------------
/opt/airflow/dags/customer_churn_pipeline.py                           1           0  16.58s          2025-09-22T14:38:35
================================================================================
[2025-09-22T14:39:20.755+0000] {manager.py:879} INFO - 
================================================================================
DAG File Processing Stats

File Path                                     PID    Runtime      # DAGs    # Errors  Last Runtime    Last Run
--------------------------------------------  -----  ---------  --------  ----------  --------------  -------------------
/opt/airflow/dags/customer_churn_pipeline.py                           1           0  13.64s          2025-09-22T14:39:19
================================================================================
[2025-09-22T14:39:49.218+0000] {manager.py:879} INFO - 
================================================================================
DAG File Processing Stats

File Path                                     PID    Runtime      # DAGs    # Errors  Last Runtime    Last Run
--------------------------------------------  -----  ---------  --------  ----------  --------------  -------------------
/opt/airflow/dags/customer_churn_pipeline.py                           1           0  13.64s          2025-09-22T14:39:19
================================================================================
[2025-09-22T14:39:55.813+0000] {manager.py:738} INFO - Searching for files in /opt/airflow/dags
[2025-09-22T14:39:56.261+0000] {manager.py:741} INFO - There are 1 files in /opt/airflow/dags
[2025-09-22T14:40:17.198+0000] {manager.py:879} INFO - 
================================================================================
DAG File Processing Stats

File Path                                     PID    Runtime      # DAGs    # Errors  Last Runtime    Last Run
--------------------------------------------  -----  ---------  --------  ----------  --------------  -------------------
/opt/airflow/dags/customer_churn_pipeline.py                           1           0  17.38s          2025-09-22T14:40:07
================================================================================
[2025-09-22T14:40:44.925+0000] {manager.py:879} INFO - 
================================================================================
DAG File Processing Stats

File Path                                       PID  Runtime      # DAGs    # Errors  Last Runtime    Last Run
--------------------------------------------  -----  ---------  --------  ----------  --------------  -------------------
/opt/airflow/dags/customer_churn_pipeline.py   3539  6.62s             1           0  17.38s          2025-09-22T14:40:07
================================================================================
[2025-09-22T14:41:13.359+0000] {manager.py:879} INFO - 
================================================================================
DAG File Processing Stats

File Path                                     PID    Runtime      # DAGs    # Errors  Last Runtime    Last Run
--------------------------------------------  -----  ---------  --------  ----------  --------------  -------------------
/opt/airflow/dags/customer_churn_pipeline.py                           1           0  17.25s          2025-09-22T14:40:55
================================================================================
[2025-09-22T14:41:41.894+0000] {manager.py:879} INFO - 
================================================================================
DAG File Processing Stats

File Path                                     PID    Runtime      # DAGs    # Errors  Last Runtime    Last Run
--------------------------------------------  -----  ---------  --------  ----------  --------------  -------------------
/opt/airflow/dags/customer_churn_pipeline.py                           1           0  14.77s          2025-09-22T14:41:40
================================================================================
[2025-09-22T14:42:10.210+0000] {manager.py:879} INFO - 
================================================================================
DAG File Processing Stats

File Path                                     PID    Runtime      # DAGs    # Errors  Last Runtime    Last Run
--------------------------------------------  -----  ---------  --------  ----------  --------------  -------------------
/opt/airflow/dags/customer_churn_pipeline.py                           1           0  14.77s          2025-09-22T14:41:40
================================================================================
[2025-09-22T14:42:37.931+0000] {manager.py:879} INFO - 
================================================================================
DAG File Processing Stats

File Path                                     PID    Runtime      # DAGs    # Errors  Last Runtime    Last Run
--------------------------------------------  -----  ---------  --------  ----------  --------------  -------------------
/opt/airflow/dags/customer_churn_pipeline.py                           1           0  13.80s          2025-09-22T14:42:25
================================================================================
[2025-09-22T14:43:06.446+0000] {manager.py:879} INFO - 
================================================================================
DAG File Processing Stats

File Path                                       PID  Runtime      # DAGs    # Errors  Last Runtime    Last Run
--------------------------------------------  -----  ---------  --------  ----------  --------------  -------------------
/opt/airflow/dags/customer_churn_pipeline.py   3596  10.62s            1           0  13.80s          2025-09-22T14:42:25
================================================================================
[2025-09-22T14:43:34.783+0000] {manager.py:879} INFO - 
================================================================================
DAG File Processing Stats

File Path                                     PID    Runtime      # DAGs    # Errors  Last Runtime    Last Run
--------------------------------------------  -----  ---------  --------  ----------  --------------  -------------------
/opt/airflow/dags/customer_churn_pipeline.py                           1           0  17.04s          2025-09-22T14:43:12
================================================================================
[2025-09-22T14:44:02.732+0000] {manager.py:879} INFO - 
================================================================================
DAG File Processing Stats

File Path                                     PID    Runtime      # DAGs    # Errors  Last Runtime    Last Run
--------------------------------------------  -----  ---------  --------  ----------  --------------  -------------------
/opt/airflow/dags/customer_churn_pipeline.py                           1           0  15.16s          2025-09-22T14:43:58
================================================================================
[2025-09-22T14:44:31.062+0000] {manager.py:879} INFO - 
================================================================================
DAG File Processing Stats

File Path                                       PID  Runtime      # DAGs    # Errors  Last Runtime    Last Run
--------------------------------------------  -----  ---------  --------  ----------  --------------  -------------------
/opt/airflow/dags/customer_churn_pipeline.py   3634  2.21s             1           0  15.16s          2025-09-22T14:43:58
================================================================================
[2025-09-22T14:44:56.356+0000] {manager.py:738} INFO - Searching for files in /opt/airflow/dags
[2025-09-22T14:44:56.822+0000] {manager.py:741} INFO - There are 1 files in /opt/airflow/dags
[2025-09-22T14:44:59.095+0000] {manager.py:879} INFO - 
================================================================================
DAG File Processing Stats

File Path                                     PID    Runtime      # DAGs    # Errors  Last Runtime    Last Run
--------------------------------------------  -----  ---------  --------  ----------  --------------  -------------------
/opt/airflow/dags/customer_churn_pipeline.py                           1           0  16.92s          2025-09-22T14:44:45
================================================================================
[2025-09-22T14:45:27.660+0000] {manager.py:879} INFO - 
================================================================================
DAG File Processing Stats

File Path                                       PID  Runtime      # DAGs    # Errors  Last Runtime    Last Run
--------------------------------------------  -----  ---------  --------  ----------  --------------  -------------------
/opt/airflow/dags/customer_churn_pipeline.py   3653  11.69s            1           0  16.92s          2025-09-22T14:44:45
================================================================================
[2025-09-22T14:45:55.526+0000] {manager.py:879} INFO - 
================================================================================
DAG File Processing Stats

File Path                                     PID    Runtime      # DAGs    # Errors  Last Runtime    Last Run
--------------------------------------------  -----  ---------  --------  ----------  --------------  -------------------
/opt/airflow/dags/customer_churn_pipeline.py                           1           0  16.56s          2025-09-22T14:45:32
================================================================================
[2025-09-22T14:46:23.394+0000] {manager.py:879} INFO - 
================================================================================
DAG File Processing Stats

File Path                                     PID    Runtime      # DAGs    # Errors  Last Runtime    Last Run
--------------------------------------------  -----  ---------  --------  ----------  --------------  -------------------
/opt/airflow/dags/customer_churn_pipeline.py                           1           0  14.48s          2025-09-22T14:46:17
================================================================================
[2025-09-22T14:46:51.357+0000] {manager.py:879} INFO - 
================================================================================
DAG File Processing Stats

File Path                                       PID  Runtime      # DAGs    # Errors  Last Runtime    Last Run
--------------------------------------------  -----  ---------  --------  ----------  --------------  -------------------
/opt/airflow/dags/customer_churn_pipeline.py   3691  3.21s             1           0  14.48s          2025-09-22T14:46:17
================================================================================
[2025-09-22T14:47:19.532+0000] {manager.py:879} INFO - 
================================================================================
DAG File Processing Stats

File Path                                     PID    Runtime      # DAGs    # Errors  Last Runtime    Last Run
--------------------------------------------  -----  ---------  --------  ----------  --------------  -------------------
/opt/airflow/dags/customer_churn_pipeline.py                           1           0  14.43s          2025-09-22T14:47:02
================================================================================
[2025-09-22T14:47:47.575+0000] {manager.py:879} INFO - 
================================================================================
DAG File Processing Stats

File Path                                       PID  Runtime      # DAGs    # Errors  Last Runtime    Last Run
--------------------------------------------  -----  ---------  --------  ----------  --------------  -------------------
/opt/airflow/dags/customer_churn_pipeline.py   3710  14.83s            1           0  14.43s          2025-09-22T14:47:02
================================================================================
[2025-09-22T14:48:15.841+0000] {manager.py:879} INFO - 
================================================================================
DAG File Processing Stats

File Path                                     PID    Runtime      # DAGs    # Errors  Last Runtime    Last Run
--------------------------------------------  -----  ---------  --------  ----------  --------------  -------------------
/opt/airflow/dags/customer_churn_pipeline.py                           1           0  17.86s          2025-09-22T14:47:50
================================================================================
[2025-09-22T14:48:43.861+0000] {manager.py:879} INFO - 
================================================================================
DAG File Processing Stats

File Path                                     PID    Runtime      # DAGs    # Errors  Last Runtime    Last Run
--------------------------------------------  -----  ---------  --------  ----------  --------------  -------------------
/opt/airflow/dags/customer_churn_pipeline.py                           1           0  14.11s          2025-09-22T14:48:35
================================================================================
[2025-09-22T14:49:12.142+0000] {manager.py:879} INFO - 
================================================================================
DAG File Processing Stats

File Path                                       PID  Runtime      # DAGs    # Errors  Last Runtime    Last Run
--------------------------------------------  -----  ---------  --------  ----------  --------------  -------------------
/opt/airflow/dags/customer_churn_pipeline.py   3748  6.52s             1           0  14.11s          2025-09-22T14:48:35
================================================================================
[2025-09-22T14:49:40.061+0000] {manager.py:879} INFO - 
================================================================================
DAG File Processing Stats

File Path                                     PID    Runtime      # DAGs    # Errors  Last Runtime    Last Run
--------------------------------------------  -----  ---------  --------  ----------  --------------  -------------------
/opt/airflow/dags/customer_churn_pipeline.py                           1           0  17.54s          2025-09-22T14:49:23
================================================================================
[2025-09-22T14:49:56.893+0000] {manager.py:738} INFO - Searching for files in /opt/airflow/dags
[2025-09-22T14:49:57.377+0000] {manager.py:741} INFO - There are 1 files in /opt/airflow/dags
[2025-09-22T14:50:08.121+0000] {manager.py:879} INFO - 
================================================================================
DAG File Processing Stats

File Path                                       PID  Runtime      # DAGs    # Errors  Last Runtime    Last Run
--------------------------------------------  -----  ---------  --------  ----------  --------------  -------------------
/opt/airflow/dags/customer_churn_pipeline.py   3767  14.46s            1           0  17.54s          2025-09-22T14:49:23
================================================================================
[2025-09-22T14:50:36.568+0000] {manager.py:879} INFO - 
================================================================================
DAG File Processing Stats

File Path                                     PID    Runtime      # DAGs    # Errors  Last Runtime    Last Run
--------------------------------------------  -----  ---------  --------  ----------  --------------  -------------------
/opt/airflow/dags/customer_churn_pipeline.py                           1           0  16.47s          2025-09-22T14:50:10
================================================================================
[2025-09-22T14:51:04.557+0000] {manager.py:879} INFO - 
================================================================================
DAG File Processing Stats

File Path                                     PID    Runtime      # DAGs    # Errors  Last Runtime    Last Run
--------------------------------------------  -----  ---------  --------  ----------  --------------  -------------------
/opt/airflow/dags/customer_churn_pipeline.py                           1           0  14.10s          2025-09-22T14:50:54
================================================================================
[2025-09-22T14:51:32.448+0000] {manager.py:879} INFO - 
================================================================================
DAG File Processing Stats

File Path                                       PID  Runtime      # DAGs    # Errors  Last Runtime    Last Run
--------------------------------------------  -----  ---------  --------  ----------  --------------  -------------------
/opt/airflow/dags/customer_churn_pipeline.py   3805  6.68s             1           0  14.10s          2025-09-22T14:50:54
================================================================================
[2025-09-22T14:52:00.540+0000] {manager.py:879} INFO - 
================================================================================
DAG File Processing Stats

File Path                                     PID    Runtime      # DAGs    # Errors  Last Runtime    Last Run
--------------------------------------------  -----  ---------  --------  ----------  --------------  -------------------
/opt/airflow/dags/customer_churn_pipeline.py                           1           0  15.77s          2025-09-22T14:51:41
================================================================================
[2025-09-22T14:52:28.647+0000] {manager.py:879} INFO - 
================================================================================
DAG File Processing Stats

File Path                                     PID    Runtime      # DAGs    # Errors  Last Runtime    Last Run
--------------------------------------------  -----  ---------  --------  ----------  --------------  -------------------
/opt/airflow/dags/customer_churn_pipeline.py                           1           0  15.49s          2025-09-22T14:52:27
================================================================================
[2025-09-22T14:52:57.119+0000] {manager.py:879} INFO - 
================================================================================
DAG File Processing Stats

File Path                                     PID    Runtime      # DAGs    # Errors  Last Runtime    Last Run
--------------------------------------------  -----  ---------  --------  ----------  --------------  -------------------
/opt/airflow/dags/customer_churn_pipeline.py                           1           0  15.49s          2025-09-22T14:52:27
================================================================================
[2025-09-22T14:53:24.891+0000] {manager.py:879} INFO - 
================================================================================
DAG File Processing Stats

File Path                                     PID    Runtime      # DAGs    # Errors  Last Runtime    Last Run
--------------------------------------------  -----  ---------  --------  ----------  --------------  -------------------
/opt/airflow/dags/customer_churn_pipeline.py                           1           0  14.98s          2025-09-22T14:53:13
================================================================================
[2025-09-22T14:53:53.405+0000] {manager.py:879} INFO - 
================================================================================
DAG File Processing Stats

File Path                                       PID  Runtime      # DAGs    # Errors  Last Runtime    Last Run
--------------------------------------------  -----  ---------  --------  ----------  --------------  -------------------
/opt/airflow/dags/customer_churn_pipeline.py   3862  9.55s             1           0  14.98s          2025-09-22T14:53:13
================================================================================
[2025-09-22T14:54:21.989+0000] {manager.py:879} INFO - 
================================================================================
DAG File Processing Stats

File Path                                     PID    Runtime      # DAGs    # Errors  Last Runtime    Last Run
--------------------------------------------  -----  ---------  --------  ----------  --------------  -------------------
/opt/airflow/dags/customer_churn_pipeline.py                           1           0  13.93s          2025-09-22T14:53:57
================================================================================
[2025-09-22T14:54:49.956+0000] {manager.py:879} INFO - 
================================================================================
DAG File Processing Stats

File Path                                     PID    Runtime      # DAGs    # Errors  Last Runtime    Last Run
--------------------------------------------  -----  ---------  --------  ----------  --------------  -------------------
/opt/airflow/dags/customer_churn_pipeline.py                           1           0  17.33s          2025-09-22T14:54:45
================================================================================
[2025-09-22T14:54:57.210+0000] {manager.py:738} INFO - Searching for files in /opt/airflow/dags
[2025-09-22T14:54:57.683+0000] {manager.py:741} INFO - There are 1 files in /opt/airflow/dags
[2025-09-22T14:55:18.310+0000] {manager.py:879} INFO - 
================================================================================
DAG File Processing Stats

File Path                                       PID  Runtime      # DAGs    # Errors  Last Runtime    Last Run
--------------------------------------------  -----  ---------  --------  ----------  --------------  -------------------
/opt/airflow/dags/customer_churn_pipeline.py   3900  2.24s             1           0  17.33s          2025-09-22T14:54:45
================================================================================
[2025-09-22T14:55:46.669+0000] {manager.py:879} INFO - 
================================================================================
DAG File Processing Stats

File Path                                     PID    Runtime      # DAGs    # Errors  Last Runtime    Last Run
--------------------------------------------  -----  ---------  --------  ----------  --------------  -------------------
/opt/airflow/dags/customer_churn_pipeline.py                           1           0  16.02s          2025-09-22T14:55:32
================================================================================
[2025-09-22T14:56:15.181+0000] {manager.py:879} INFO - 
================================================================================
DAG File Processing Stats

File Path                                       PID  Runtime      # DAGs    # Errors  Last Runtime    Last Run
--------------------------------------------  -----  ---------  --------  ----------  --------------  -------------------
/opt/airflow/dags/customer_churn_pipeline.py   3919  12.77s            1           0  16.02s          2025-09-22T14:55:32
================================================================================
[2025-09-22T14:56:43.547+0000] {manager.py:879} INFO - 
================================================================================
DAG File Processing Stats

File Path                                     PID    Runtime      # DAGs    # Errors  Last Runtime    Last Run
--------------------------------------------  -----  ---------  --------  ----------  --------------  -------------------
/opt/airflow/dags/customer_churn_pipeline.py                           1           0  14.69s          2025-09-22T14:56:17
================================================================================
[2025-09-22T14:57:11.272+0000] {manager.py:879} INFO - 
================================================================================
DAG File Processing Stats

File Path                                     PID    Runtime      # DAGs    # Errors  Last Runtime    Last Run
--------------------------------------------  -----  ---------  --------  ----------  --------------  -------------------
/opt/airflow/dags/customer_churn_pipeline.py                           1           0  17.10s          2025-09-22T14:57:04
================================================================================
[2025-09-22T14:57:39.214+0000] {manager.py:879} INFO - 
================================================================================
DAG File Processing Stats

File Path                                       PID  Runtime      # DAGs    # Errors  Last Runtime    Last Run
--------------------------------------------  -----  ---------  --------  ----------  --------------  -------------------
/opt/airflow/dags/customer_churn_pipeline.py   3957  3.37s             1           0  17.10s          2025-09-22T14:57:04
================================================================================
[2025-09-22T14:58:07.000+0000] {manager.py:879} INFO - 
================================================================================
DAG File Processing Stats

File Path                                     PID    Runtime      # DAGs    # Errors  Last Runtime    Last Run
--------------------------------------------  -----  ---------  --------  ----------  --------------  -------------------
/opt/airflow/dags/customer_churn_pipeline.py                           1           0  15.26s          2025-09-22T14:57:51
================================================================================
[2025-09-22T14:58:35.329+0000] {manager.py:879} INFO - 
================================================================================
DAG File Processing Stats

File Path                                       PID  Runtime      # DAGs    # Errors  Last Runtime    Last Run
--------------------------------------------  -----  ---------  --------  ----------  --------------  -------------------
/opt/airflow/dags/customer_churn_pipeline.py   3976  13.88s            1           0  15.26s          2025-09-22T14:57:51
================================================================================
[2025-09-22T14:59:03.716+0000] {manager.py:879} INFO - 
================================================================================
DAG File Processing Stats

File Path                                     PID    Runtime      # DAGs    # Errors  Last Runtime    Last Run
--------------------------------------------  -----  ---------  --------  ----------  --------------  -------------------
/opt/airflow/dags/customer_churn_pipeline.py                           1           0  14.12s          2025-09-22T14:58:35
================================================================================
[2025-09-22T14:59:32.148+0000] {manager.py:879} INFO - 
================================================================================
DAG File Processing Stats

File Path                                     PID    Runtime      # DAGs    # Errors  Last Runtime    Last Run
--------------------------------------------  -----  ---------  --------  ----------  --------------  -------------------
/opt/airflow/dags/customer_churn_pipeline.py                           1           0  16.90s          2025-09-22T14:59:22
================================================================================
[2025-09-22T14:59:57.687+0000] {manager.py:738} INFO - Searching for files in /opt/airflow/dags
[2025-09-22T14:59:58.225+0000] {manager.py:741} INFO - There are 1 files in /opt/airflow/dags
[2025-09-22T14:59:58.227+0000] {manager.py:879} INFO - 
================================================================================
DAG File Processing Stats

File Path                                       PID  Runtime      # DAGs    # Errors  Last Runtime    Last Run
--------------------------------------------  -----  ---------  --------  ----------  --------------  -------------------
/opt/airflow/dags/customer_churn_pipeline.py   4014  4.84s             1           0  16.90s          2025-09-22T14:59:22
================================================================================
[2025-09-22T15:00:26.625+0000] {manager.py:879} INFO - 
================================================================================
DAG File Processing Stats

File Path                                     PID    Runtime      # DAGs    # Errors  Last Runtime    Last Run
--------------------------------------------  -----  ---------  --------  ----------  --------------  -------------------
/opt/airflow/dags/customer_churn_pipeline.py                           1           0  14.69s          2025-09-22T15:00:08
================================================================================
[2025-09-22T15:00:54.359+0000] {manager.py:879} INFO - 
================================================================================
DAG File Processing Stats

File Path                                       PID  Runtime      # DAGs    # Errors  Last Runtime    Last Run
--------------------------------------------  -----  ---------  --------  ----------  --------------  -------------------
/opt/airflow/dags/customer_churn_pipeline.py   4033  15.85s            1           0  14.69s          2025-09-22T15:00:08
================================================================================
[2025-09-22T15:01:22.855+0000] {manager.py:879} INFO - 
================================================================================
DAG File Processing Stats

File Path                                     PID    Runtime      # DAGs    # Errors  Last Runtime    Last Run
--------------------------------------------  -----  ---------  --------  ----------  --------------  -------------------
/opt/airflow/dags/customer_churn_pipeline.py                           1           0  16.03s          2025-09-22T15:00:54
================================================================================
[2025-09-22T15:01:50.603+0000] {manager.py:879} INFO - 
================================================================================
DAG File Processing Stats

File Path                                     PID    Runtime      # DAGs    # Errors  Last Runtime    Last Run
--------------------------------------------  -----  ---------  --------  ----------  --------------  -------------------
/opt/airflow/dags/customer_churn_pipeline.py                           1           0  17.62s          2025-09-22T15:01:42
================================================================================
[2025-09-22T15:02:18.475+0000] {manager.py:879} INFO - 
================================================================================
DAG File Processing Stats

File Path                                       PID  Runtime      # DAGs    # Errors  Last Runtime    Last Run
--------------------------------------------  -----  ---------  --------  ----------  --------------  -------------------
/opt/airflow/dags/customer_churn_pipeline.py   4071  5.36s             1           0  17.62s          2025-09-22T15:01:42
================================================================================
[2025-09-22T15:02:46.710+0000] {manager.py:879} INFO - 
================================================================================
DAG File Processing Stats

File Path                                     PID    Runtime      # DAGs    # Errors  Last Runtime    Last Run
--------------------------------------------  -----  ---------  --------  ----------  --------------  -------------------
/opt/airflow/dags/customer_churn_pipeline.py                           1           0  14.73s          2025-09-22T15:02:27
================================================================================
[2025-09-22T15:03:14.557+0000] {manager.py:879} INFO - 
================================================================================
DAG File Processing Stats

File Path                                     PID    Runtime      # DAGs    # Errors  Last Runtime    Last Run
--------------------------------------------  -----  ---------  --------  ----------  --------------  -------------------
/opt/airflow/dags/customer_churn_pipeline.py                           1           0  14.87s          2025-09-22T15:03:13
================================================================================
[2025-09-22T15:03:42.816+0000] {manager.py:879} INFO - 
================================================================================
DAG File Processing Stats

File Path                                     PID    Runtime      # DAGs    # Errors  Last Runtime    Last Run
--------------------------------------------  -----  ---------  --------  ----------  --------------  -------------------
/opt/airflow/dags/customer_churn_pipeline.py                           1           0  14.87s          2025-09-22T15:03:13
================================================================================
[2025-09-22T15:04:11.032+0000] {manager.py:879} INFO - 
================================================================================
DAG File Processing Stats

File Path                                     PID    Runtime      # DAGs    # Errors  Last Runtime    Last Run
--------------------------------------------  -----  ---------  --------  ----------  --------------  -------------------
/opt/airflow/dags/customer_churn_pipeline.py                           1           0  16.52s          2025-09-22T15:04:00
================================================================================
[2025-09-22T15:04:38.879+0000] {manager.py:879} INFO - 
================================================================================
DAG File Processing Stats

File Path                                       PID  Runtime      # DAGs    # Errors  Last Runtime    Last Run
--------------------------------------------  -----  ---------  --------  ----------  --------------  -------------------
/opt/airflow/dags/customer_churn_pipeline.py   4128  7.27s             1           0  16.52s          2025-09-22T15:04:00
================================================================================
[2025-09-22T15:04:57.826+0000] {manager.py:738} INFO - Searching for files in /opt/airflow/dags
[2025-09-22T15:04:58.282+0000] {manager.py:741} INFO - There are 1 files in /opt/airflow/dags
[2025-09-22T15:05:06.759+0000] {manager.py:879} INFO - 
================================================================================
DAG File Processing Stats

File Path                                     PID    Runtime      # DAGs    # Errors  Last Runtime    Last Run
--------------------------------------------  -----  ---------  --------  ----------  --------------  -------------------
/opt/airflow/dags/customer_churn_pipeline.py                           1           0  16.86s          2025-09-22T15:04:48
================================================================================
[2025-09-22T15:05:34.499+0000] {manager.py:879} INFO - 
================================================================================
DAG File Processing Stats

File Path                                     PID    Runtime      # DAGs    # Errors  Last Runtime    Last Run
--------------------------------------------  -----  ---------  --------  ----------  --------------  -------------------
/opt/airflow/dags/customer_churn_pipeline.py                           1           0  14.25s          2025-09-22T15:05:33
================================================================================
[2025-09-22T15:06:02.844+0000] {manager.py:879} INFO - 
================================================================================
DAG File Processing Stats

File Path                                     PID    Runtime      # DAGs    # Errors  Last Runtime    Last Run
--------------------------------------------  -----  ---------  --------  ----------  --------------  -------------------
/opt/airflow/dags/customer_churn_pipeline.py                           1           0  14.25s          2025-09-22T15:05:33
================================================================================
[2025-09-22T15:06:31.086+0000] {manager.py:879} INFO - 
================================================================================
DAG File Processing Stats

File Path                                     PID    Runtime      # DAGs    # Errors  Last Runtime    Last Run
--------------------------------------------  -----  ---------  --------  ----------  --------------  -------------------
/opt/airflow/dags/customer_churn_pipeline.py                           1           0  16.50s          2025-09-22T15:06:20
================================================================================
[2025-09-22T15:06:58.943+0000] {manager.py:879} INFO - 
================================================================================
DAG File Processing Stats

File Path                                       PID  Runtime      # DAGs    # Errors  Last Runtime    Last Run
--------------------------------------------  -----  ---------  --------  ----------  --------------  -------------------
/opt/airflow/dags/customer_churn_pipeline.py   4185  7.32s             1           0  16.50s          2025-09-22T15:06:20
================================================================================
[2025-09-22T15:07:27.187+0000] {manager.py:879} INFO - 
================================================================================
DAG File Processing Stats

File Path                                     PID    Runtime      # DAGs    # Errors  Last Runtime    Last Run
--------------------------------------------  -----  ---------  --------  ----------  --------------  -------------------
/opt/airflow/dags/customer_churn_pipeline.py                           1           0  15.49s          2025-09-22T15:07:07
================================================================================
[2025-09-22T15:07:55.521+0000] {manager.py:879} INFO - 
================================================================================
DAG File Processing Stats

File Path                                     PID    Runtime      # DAGs    # Errors  Last Runtime    Last Run
--------------------------------------------  -----  ---------  --------  ----------  --------------  -------------------
/opt/airflow/dags/customer_churn_pipeline.py                           1           0  15.42s          2025-09-22T15:07:53
================================================================================
[2025-09-22T15:08:24.383+0000] {manager.py:879} INFO - 
================================================================================
DAG File Processing Stats

File Path                                       PID  Runtime      # DAGs    # Errors  Last Runtime    Last Run
--------------------------------------------  -----  ---------  --------  ----------  --------------  -------------------
/opt/airflow/dags/customer_churn_pipeline.py   4223  0.07s             1           0  15.42s          2025-09-22T15:07:53
================================================================================
[2025-09-22T15:08:52.922+0000] {manager.py:879} INFO - 
================================================================================
DAG File Processing Stats

File Path                                     PID    Runtime      # DAGs    # Errors  Last Runtime    Last Run
--------------------------------------------  -----  ---------  --------  ----------  --------------  -------------------
/opt/airflow/dags/customer_churn_pipeline.py                           1           0  17.35s          2025-09-22T15:08:41
================================================================================
[2025-09-22T15:09:21.566+0000] {manager.py:879} INFO - 
================================================================================
DAG File Processing Stats

File Path                                       PID  Runtime      # DAGs    # Errors  Last Runtime    Last Run
--------------------------------------------  -----  ---------  --------  ----------  --------------  -------------------
/opt/airflow/dags/customer_churn_pipeline.py   4242  9.38s             1           0  17.35s          2025-09-22T15:08:41
================================================================================
[2025-09-22T15:09:50.065+0000] {manager.py:879} INFO - 
================================================================================
DAG File Processing Stats

File Path                                     PID    Runtime      # DAGs    # Errors  Last Runtime    Last Run
--------------------------------------------  -----  ---------  --------  ----------  --------------  -------------------
/opt/airflow/dags/customer_churn_pipeline.py                           1           0  14.96s          2025-09-22T15:09:27
================================================================================
[2025-09-22T15:09:57.895+0000] {manager.py:738} INFO - Searching for files in /opt/airflow/dags
[2025-09-22T15:09:58.362+0000] {manager.py:741} INFO - There are 1 files in /opt/airflow/dags
[2025-09-22T15:10:18.398+0000] {manager.py:879} INFO - 
================================================================================
DAG File Processing Stats

File Path                                     PID    Runtime      # DAGs    # Errors  Last Runtime    Last Run
--------------------------------------------  -----  ---------  --------  ----------  --------------  -------------------
/opt/airflow/dags/customer_churn_pipeline.py                           1           0  14.34s          2025-09-22T15:10:12
================================================================================
[2025-09-22T15:10:47.038+0000] {manager.py:879} INFO - 
================================================================================
DAG File Processing Stats

File Path                                       PID  Runtime      # DAGs    # Errors  Last Runtime    Last Run
--------------------------------------------  -----  ---------  --------  ----------  --------------  -------------------
/opt/airflow/dags/customer_churn_pipeline.py   4280  4.31s             1           0  14.34s          2025-09-22T15:10:12
================================================================================
[2025-09-22T15:11:15.504+0000] {manager.py:879} INFO - 
================================================================================
DAG File Processing Stats

File Path                                     PID    Runtime      # DAGs    # Errors  Last Runtime    Last Run
--------------------------------------------  -----  ---------  --------  ----------  --------------  -------------------
/opt/airflow/dags/customer_churn_pipeline.py                           1           0  17.01s          2025-09-22T15:10:59
================================================================================
[2025-09-22T15:11:44.197+0000] {manager.py:879} INFO - 
================================================================================
DAG File Processing Stats

File Path                                       PID  Runtime      # DAGs    # Errors  Last Runtime    Last Run
--------------------------------------------  -----  ---------  --------  ----------  --------------  -------------------
/opt/airflow/dags/customer_churn_pipeline.py   4299  13.76s            1           0  17.01s          2025-09-22T15:10:59
================================================================================
[2025-09-22T15:12:12.466+0000] {manager.py:879} INFO - 
================================================================================
DAG File Processing Stats

File Path                                     PID    Runtime      # DAGs    # Errors  Last Runtime    Last Run
--------------------------------------------  -----  ---------  --------  ----------  --------------  -------------------
/opt/airflow/dags/customer_churn_pipeline.py                           1           0  16.08s          2025-09-22T15:11:46
================================================================================
[2025-09-22T15:12:40.936+0000] {manager.py:879} INFO - 
================================================================================
DAG File Processing Stats

File Path                                     PID    Runtime      # DAGs    # Errors  Last Runtime    Last Run
--------------------------------------------  -----  ---------  --------  ----------  --------------  -------------------
/opt/airflow/dags/customer_churn_pipeline.py                           1           0  14.63s          2025-09-22T15:12:31
================================================================================
[2025-09-22T15:13:09.591+0000] {manager.py:879} INFO - 
================================================================================
DAG File Processing Stats

File Path                                       PID  Runtime      # DAGs    # Errors  Last Runtime    Last Run
--------------------------------------------  -----  ---------  --------  ----------  --------------  -------------------
/opt/airflow/dags/customer_churn_pipeline.py   4337  7.53s             1           0  14.63s          2025-09-22T15:12:31
================================================================================
[2025-09-22T15:13:37.687+0000] {manager.py:879} INFO - 
================================================================================
DAG File Processing Stats

File Path                                     PID    Runtime      # DAGs    # Errors  Last Runtime    Last Run
--------------------------------------------  -----  ---------  --------  ----------  --------------  -------------------
/opt/airflow/dags/customer_churn_pipeline.py                           1           0  16.78s          2025-09-22T15:13:18
================================================================================
[2025-09-22T15:14:05.508+0000] {manager.py:879} INFO - 
================================================================================
DAG File Processing Stats

File Path                                     PID    Runtime      # DAGs    # Errors  Last Runtime    Last Run
--------------------------------------------  -----  ---------  --------  ----------  --------------  -------------------
/opt/airflow/dags/customer_churn_pipeline.py                           1           0  15.06s          2025-09-22T15:14:04
================================================================================
[2025-09-22T15:14:33.769+0000] {manager.py:879} INFO - 
================================================================================
DAG File Processing Stats

File Path                                     PID    Runtime      # DAGs    # Errors  Last Runtime    Last Run
--------------------------------------------  -----  ---------  --------  ----------  --------------  -------------------
/opt/airflow/dags/customer_churn_pipeline.py                           1           0  15.06s          2025-09-22T15:14:04
================================================================================
[2025-09-22T15:14:58.297+0000] {manager.py:738} INFO - Searching for files in /opt/airflow/dags
[2025-09-22T15:14:58.755+0000] {manager.py:741} INFO - There are 1 files in /opt/airflow/dags
[2025-09-22T15:15:02.127+0000] {manager.py:879} INFO - 
================================================================================
DAG File Processing Stats

File Path                                     PID    Runtime      # DAGs    # Errors  Last Runtime    Last Run
--------------------------------------------  -----  ---------  --------  ----------  --------------  -------------------
/opt/airflow/dags/customer_churn_pipeline.py                           1           0  15.10s          2025-09-22T15:14:50
================================================================================
[2025-09-22T15:15:30.696+0000] {manager.py:879} INFO - 
================================================================================
DAG File Processing Stats

File Path                                       PID  Runtime      # DAGs    # Errors  Last Runtime    Last Run
--------------------------------------------  -----  ---------  --------  ----------  --------------  -------------------
/opt/airflow/dags/customer_churn_pipeline.py   4394  9.62s             1           0  15.10s          2025-09-22T15:14:50
================================================================================
[2025-09-22T15:15:59.154+0000] {manager.py:879} INFO - 
================================================================================
DAG File Processing Stats

File Path                                     PID    Runtime      # DAGs    # Errors  Last Runtime    Last Run
--------------------------------------------  -----  ---------  --------  ----------  --------------  -------------------
/opt/airflow/dags/customer_churn_pipeline.py                           1           0  17.30s          2025-09-22T15:15:38
================================================================================
[2025-09-22T15:16:27.807+0000] {manager.py:879} INFO - 
================================================================================
DAG File Processing Stats

File Path                                     PID    Runtime      # DAGs    # Errors  Last Runtime    Last Run
--------------------------------------------  -----  ---------  --------  ----------  --------------  -------------------
/opt/airflow/dags/customer_churn_pipeline.py                           1           0  15.84s          2025-09-22T15:16:24
================================================================================
[2025-09-22T15:16:55.556+0000] {manager.py:879} INFO - 
================================================================================
DAG File Processing Stats

File Path                                       PID  Runtime      # DAGs    # Errors  Last Runtime    Last Run
--------------------------------------------  -----  ---------  --------  ----------  --------------  -------------------
/opt/airflow/dags/customer_churn_pipeline.py   4432  0.04s             1           0  15.84s          2025-09-22T15:16:24
================================================================================
[2025-09-22T15:17:23.912+0000] {manager.py:879} INFO - 
================================================================================
DAG File Processing Stats

File Path                                     PID    Runtime      # DAGs    # Errors  Last Runtime    Last Run
--------------------------------------------  -----  ---------  --------  ----------  --------------  -------------------
/opt/airflow/dags/customer_churn_pipeline.py                           1           0  13.95s          2025-09-22T15:17:09
================================================================================
[2025-09-22T15:17:52.470+0000] {manager.py:879} INFO - 
================================================================================
DAG File Processing Stats

File Path                                       PID  Runtime      # DAGs    # Errors  Last Runtime    Last Run
--------------------------------------------  -----  ---------  --------  ----------  --------------  -------------------
/opt/airflow/dags/customer_churn_pipeline.py   4451  12.68s            1           0  13.95s          2025-09-22T15:17:09
================================================================================
[2025-09-22T15:18:20.705+0000] {manager.py:879} INFO - 
================================================================================
DAG File Processing Stats

File Path                                     PID    Runtime      # DAGs    # Errors  Last Runtime    Last Run
--------------------------------------------  -----  ---------  --------  ----------  --------------  -------------------
/opt/airflow/dags/customer_churn_pipeline.py                           1           0  16.83s          2025-09-22T15:17:56
================================================================================
[2025-09-22T15:18:48.477+0000] {manager.py:879} INFO - 
================================================================================
DAG File Processing Stats

File Path                                     PID    Runtime      # DAGs    # Errors  Last Runtime    Last Run
--------------------------------------------  -----  ---------  --------  ----------  --------------  -------------------
/opt/airflow/dags/customer_churn_pipeline.py                           1           0  14.96s          2025-09-22T15:18:42
================================================================================
[2025-09-22T15:19:16.629+0000] {manager.py:879} INFO - 
================================================================================
DAG File Processing Stats

File Path                                       PID  Runtime      # DAGs    # Errors  Last Runtime    Last Run
--------------------------------------------  -----  ---------  --------  ----------  --------------  -------------------
/opt/airflow/dags/customer_churn_pipeline.py   4489  4.26s             1           0  14.96s          2025-09-22T15:18:42
================================================================================
[2025-09-22T15:19:44.729+0000] {manager.py:879} INFO - 
================================================================================
DAG File Processing Stats

File Path                                     PID    Runtime      # DAGs    # Errors  Last Runtime    Last Run
--------------------------------------------  -----  ---------  --------  ----------  --------------  -------------------
/opt/airflow/dags/customer_churn_pipeline.py                           1           0  14.20s          2025-09-22T15:19:26
================================================================================
[2025-09-22T15:19:58.722+0000] {manager.py:738} INFO - Searching for files in /opt/airflow/dags
[2025-09-22T15:19:59.247+0000] {manager.py:741} INFO - There are 1 files in /opt/airflow/dags
[2025-09-22T15:20:13.201+0000] {manager.py:879} INFO - 
================================================================================
DAG File Processing Stats

File Path                                       PID  Runtime      # DAGs    # Errors  Last Runtime    Last Run
--------------------------------------------  -----  ---------  --------  ----------  --------------  -------------------
/opt/airflow/dags/customer_churn_pipeline.py   4508  15.56s            1           0  14.20s          2025-09-22T15:19:26
================================================================================
[2025-09-22T15:20:41.694+0000] {manager.py:879} INFO - 
================================================================================
DAG File Processing Stats

File Path                                     PID    Runtime      # DAGs    # Errors  Last Runtime    Last Run
--------------------------------------------  -----  ---------  --------  ----------  --------------  -------------------
/opt/airflow/dags/customer_churn_pipeline.py                           1           0  18.80s          2025-09-22T15:20:16
================================================================================
[2025-09-22T15:21:10.414+0000] {manager.py:879} INFO - 
================================================================================
DAG File Processing Stats

File Path                                     PID    Runtime      # DAGs    # Errors  Last Runtime    Last Run
--------------------------------------------  -----  ---------  --------  ----------  --------------  -------------------
/opt/airflow/dags/customer_churn_pipeline.py                           1           0  16.90s          2025-09-22T15:21:04
================================================================================
[2025-09-22T15:21:39.077+0000] {manager.py:879} INFO - 
================================================================================
DAG File Processing Stats

File Path                                       PID  Runtime      # DAGs    # Errors  Last Runtime    Last Run
--------------------------------------------  -----  ---------  --------  ----------  --------------  -------------------
/opt/airflow/dags/customer_churn_pipeline.py   4546  4.25s             1           0  16.90s          2025-09-22T15:21:04
================================================================================
[2025-09-22T15:22:07.442+0000] {manager.py:879} INFO - 
================================================================================
DAG File Processing Stats

File Path                                     PID    Runtime      # DAGs    # Errors  Last Runtime    Last Run
--------------------------------------------  -----  ---------  --------  ----------  --------------  -------------------
/opt/airflow/dags/customer_churn_pipeline.py                           1           0  15.54s          2025-09-22T15:21:50
================================================================================
[2025-09-22T15:22:35.911+0000] {manager.py:879} INFO - 
================================================================================
DAG File Processing Stats

File Path                                       PID  Runtime      # DAGs    # Errors  Last Runtime    Last Run
--------------------------------------------  -----  ---------  --------  ----------  --------------  -------------------
/opt/airflow/dags/customer_churn_pipeline.py   4565  14.82s            1           0  15.54s          2025-09-22T15:21:50
================================================================================
[2025-09-22T15:23:04.355+0000] {manager.py:879} INFO - 
================================================================================
DAG File Processing Stats

File Path                                     PID    Runtime      # DAGs    # Errors  Last Runtime    Last Run
--------------------------------------------  -----  ---------  --------  ----------  --------------  -------------------
/opt/airflow/dags/customer_churn_pipeline.py                           1           0  16.97s          2025-09-22T15:22:38
================================================================================
[2025-09-22T15:23:32.912+0000] {manager.py:879} INFO - 
================================================================================
DAG File Processing Stats

File Path                                     PID    Runtime      # DAGs    # Errors  Last Runtime    Last Run
--------------------------------------------  -----  ---------  --------  ----------  --------------  -------------------
/opt/airflow/dags/customer_churn_pipeline.py                           1           0  16.66s          2025-09-22T15:23:25
================================================================================
[2025-09-22T15:23:59.260+0000] {manager.py:879} INFO - 
================================================================================
DAG File Processing Stats

File Path                                       PID  Runtime      # DAGs    # Errors  Last Runtime    Last Run
--------------------------------------------  -----  ---------  --------  ----------  --------------  -------------------
/opt/airflow/dags/customer_churn_pipeline.py   4603  3.03s             1           0  16.66s          2025-09-22T15:23:25
================================================================================
[2025-09-22T15:24:27.753+0000] {manager.py:879} INFO - 
================================================================================
DAG File Processing Stats

File Path                                     PID    Runtime      # DAGs    # Errors  Last Runtime    Last Run
--------------------------------------------  -----  ---------  --------  ----------  --------------  -------------------
/opt/airflow/dags/customer_churn_pipeline.py                           1           0  13.47s          2025-09-22T15:24:09
================================================================================
[2025-09-22T15:24:56.328+0000] {manager.py:879} INFO - 
================================================================================
DAG File Processing Stats

File Path                                     PID    Runtime      # DAGs    # Errors  Last Runtime    Last Run
--------------------------------------------  -----  ---------  --------  ----------  --------------  -------------------
/opt/airflow/dags/customer_churn_pipeline.py                           1           0  16.11s          2025-09-22T15:24:56
================================================================================
[2025-09-22T15:24:59.510+0000] {manager.py:738} INFO - Searching for files in /opt/airflow/dags
[2025-09-22T15:24:59.986+0000] {manager.py:741} INFO - There are 1 files in /opt/airflow/dags
[2025-09-22T15:25:24.265+0000] {manager.py:879} INFO - 
================================================================================
DAG File Processing Stats

File Path                                     PID    Runtime      # DAGs    # Errors  Last Runtime    Last Run
--------------------------------------------  -----  ---------  --------  ----------  --------------  -------------------
/opt/airflow/dags/customer_churn_pipeline.py                           1           0  16.11s          2025-09-22T15:24:56
================================================================================
[2025-09-22T15:25:52.905+0000] {manager.py:879} INFO - 
================================================================================
DAG File Processing Stats

File Path                                     PID    Runtime      # DAGs    # Errors  Last Runtime    Last Run
--------------------------------------------  -----  ---------  --------  ----------  --------------  -------------------
/opt/airflow/dags/customer_churn_pipeline.py                           1           0  16.82s          2025-09-22T15:25:44
================================================================================
[2025-09-22T15:26:21.338+0000] {manager.py:879} INFO - 
================================================================================
DAG File Processing Stats

File Path                                       PID  Runtime      # DAGs    # Errors  Last Runtime    Last Run
--------------------------------------------  -----  ---------  --------  ----------  --------------  -------------------
/opt/airflow/dags/customer_churn_pipeline.py   4660  6.15s             1           0  16.82s          2025-09-22T15:25:44
================================================================================
[2025-09-22T15:26:49.871+0000] {manager.py:879} INFO - 
================================================================================
DAG File Processing Stats

File Path                                     PID    Runtime      # DAGs    # Errors  Last Runtime    Last Run
--------------------------------------------  -----  ---------  --------  ----------  --------------  -------------------
/opt/airflow/dags/customer_churn_pipeline.py                           1           0  13.82s          2025-09-22T15:26:28
================================================================================
[2025-09-22T15:27:17.888+0000] {manager.py:879} INFO - 
================================================================================
DAG File Processing Stats

File Path                                     PID    Runtime      # DAGs    # Errors  Last Runtime    Last Run
--------------------------------------------  -----  ---------  --------  ----------  --------------  -------------------
/opt/airflow/dags/customer_churn_pipeline.py                           1           0  14.12s          2025-09-22T15:27:13
================================================================================
[2025-09-22T15:27:45.877+0000] {manager.py:879} INFO - 
================================================================================
DAG File Processing Stats

File Path                                       PID  Runtime      # DAGs    # Errors  Last Runtime    Last Run
--------------------------------------------  -----  ---------  --------  ----------  --------------  -------------------
/opt/airflow/dags/customer_churn_pipeline.py   4698  2.17s             1           0  14.12s          2025-09-22T15:27:13
================================================================================
[2025-09-22T15:28:13.910+0000] {manager.py:879} INFO - 
================================================================================
DAG File Processing Stats

File Path                                     PID    Runtime      # DAGs    # Errors  Last Runtime    Last Run
--------------------------------------------  -----  ---------  --------  ----------  --------------  -------------------
/opt/airflow/dags/customer_churn_pipeline.py                           1           0  16.60s          2025-09-22T15:28:00
================================================================================
[2025-09-22T15:28:41.968+0000] {manager.py:879} INFO - 
================================================================================
DAG File Processing Stats

File Path                                       PID  Runtime      # DAGs    # Errors  Last Runtime    Last Run
--------------------------------------------  -----  ---------  --------  ----------  --------------  -------------------
/opt/airflow/dags/customer_churn_pipeline.py   4717  11.38s            1           0  16.60s          2025-09-22T15:28:00
================================================================================
[2025-09-22T15:29:10.325+0000] {manager.py:879} INFO - 
================================================================================
DAG File Processing Stats

File Path                                     PID    Runtime      # DAGs    # Errors  Last Runtime    Last Run
--------------------------------------------  -----  ---------  --------  ----------  --------------  -------------------
/opt/airflow/dags/customer_churn_pipeline.py                           1           0  13.62s          2025-09-22T15:28:44
================================================================================
[2025-09-22T15:29:38.591+0000] {manager.py:879} INFO - 
================================================================================
DAG File Processing Stats

File Path                                     PID    Runtime      # DAGs    # Errors  Last Runtime    Last Run
--------------------------------------------  -----  ---------  --------  ----------  --------------  -------------------
/opt/airflow/dags/customer_churn_pipeline.py                           1           0  15.71s          2025-09-22T15:29:30
================================================================================
[2025-09-22T15:29:59.786+0000] {manager.py:738} INFO - Searching for files in /opt/airflow/dags
[2025-09-22T15:30:00.203+0000] {manager.py:741} INFO - There are 1 files in /opt/airflow/dags
[2025-09-22T15:30:06.762+0000] {manager.py:879} INFO - 
================================================================================
DAG File Processing Stats

File Path                                       PID  Runtime      # DAGs    # Errors  Last Runtime    Last Run
--------------------------------------------  -----  ---------  --------  ----------  --------------  -------------------
/opt/airflow/dags/customer_churn_pipeline.py   4755  6.32s             1           0  15.71s          2025-09-22T15:29:30
================================================================================
[2025-09-22T15:30:35.134+0000] {manager.py:879} INFO - 
================================================================================
DAG File Processing Stats

File Path                                     PID    Runtime      # DAGs    # Errors  Last Runtime    Last Run
--------------------------------------------  -----  ---------  --------  ----------  --------------  -------------------
/opt/airflow/dags/customer_churn_pipeline.py                           1           0  14.75s          2025-09-22T15:30:15
================================================================================
[2025-09-22T15:31:03.614+0000] {manager.py:879} INFO - 
================================================================================
DAG File Processing Stats

File Path                                     PID    Runtime      # DAGs    # Errors  Last Runtime    Last Run
--------------------------------------------  -----  ---------  --------  ----------  --------------  -------------------
/opt/airflow/dags/customer_churn_pipeline.py                           1           0  14.76s          2025-09-22T15:31:00
================================================================================
[2025-09-22T15:31:32.154+0000] {manager.py:879} INFO - 
================================================================================
DAG File Processing Stats

File Path                                       PID  Runtime      # DAGs    # Errors  Last Runtime    Last Run
--------------------------------------------  -----  ---------  --------  ----------  --------------  -------------------
/opt/airflow/dags/customer_churn_pipeline.py   4793  1.10s             1           0  14.76s          2025-09-22T15:31:00
================================================================================
[2025-09-22T15:32:00.799+0000] {manager.py:879} INFO - 
================================================================================
DAG File Processing Stats

File Path                                     PID    Runtime      # DAGs    # Errors  Last Runtime    Last Run
--------------------------------------------  -----  ---------  --------  ----------  --------------  -------------------
/opt/airflow/dags/customer_churn_pipeline.py                           1           0  16.94s          2025-09-22T15:31:47
================================================================================
[2025-09-22T15:32:29.457+0000] {manager.py:879} INFO - 
================================================================================
DAG File Processing Stats

File Path                                       PID  Runtime      # DAGs    # Errors  Last Runtime    Last Run
--------------------------------------------  -----  ---------  --------  ----------  --------------  -------------------
/opt/airflow/dags/customer_churn_pipeline.py   4812  10.44s            1           0  16.94s          2025-09-22T15:31:47
================================================================================
[2025-09-22T15:32:57.831+0000] {manager.py:879} INFO - 
================================================================================
DAG File Processing Stats

File Path                                     PID    Runtime      # DAGs    # Errors  Last Runtime    Last Run
--------------------------------------------  -----  ---------  --------  ----------  --------------  -------------------
/opt/airflow/dags/customer_churn_pipeline.py                           1           0  14.86s          2025-09-22T15:32:33
================================================================================
[2025-09-22T15:33:25.561+0000] {manager.py:879} INFO - 
================================================================================
DAG File Processing Stats

File Path                                     PID    Runtime      # DAGs    # Errors  Last Runtime    Last Run
--------------------------------------------  -----  ---------  --------  ----------  --------------  -------------------
/opt/airflow/dags/customer_churn_pipeline.py                           1           0  14.95s          2025-09-22T15:33:19
================================================================================
[2025-09-22T15:33:54.262+0000] {manager.py:879} INFO - 
================================================================================
DAG File Processing Stats

File Path                                       PID  Runtime      # DAGs    # Errors  Last Runtime    Last Run
--------------------------------------------  -----  ---------  --------  ----------  --------------  -------------------
/opt/airflow/dags/customer_churn_pipeline.py   4850  4.30s             1           0  14.95s          2025-09-22T15:33:19
================================================================================
[2025-09-22T15:34:22.117+0000] {manager.py:879} INFO - 
================================================================================
DAG File Processing Stats

File Path                                     PID    Runtime      # DAGs    # Errors  Last Runtime    Last Run
--------------------------------------------  -----  ---------  --------  ----------  --------------  -------------------
/opt/airflow/dags/customer_churn_pipeline.py                           1           0  16.51s          2025-09-22T15:34:06
================================================================================
[2025-09-22T15:34:50.195+0000] {manager.py:879} INFO - 
================================================================================
DAG File Processing Stats

File Path                                       PID  Runtime      # DAGs    # Errors  Last Runtime    Last Run
--------------------------------------------  -----  ---------  --------  ----------  --------------  -------------------
/opt/airflow/dags/customer_churn_pipeline.py   4869  13.57s            1           0  16.51s          2025-09-22T15:34:06
================================================================================
[2025-09-22T15:34:59.948+0000] {manager.py:738} INFO - Searching for files in /opt/airflow/dags
[2025-09-22T15:35:00.585+0000] {manager.py:741} INFO - There are 1 files in /opt/airflow/dags
[2025-09-22T15:35:18.626+0000] {manager.py:879} INFO - 
================================================================================
DAG File Processing Stats

File Path                                     PID    Runtime      # DAGs    # Errors  Last Runtime    Last Run
--------------------------------------------  -----  ---------  --------  ----------  --------------  -------------------
/opt/airflow/dags/customer_churn_pipeline.py                           1           0  15.05s          2025-09-22T15:34:51
================================================================================
[2025-09-22T15:35:46.342+0000] {manager.py:879} INFO - 
================================================================================
DAG File Processing Stats

File Path                                     PID    Runtime      # DAGs    # Errors  Last Runtime    Last Run
--------------------------------------------  -----  ---------  --------  ----------  --------------  -------------------
/opt/airflow/dags/customer_churn_pipeline.py                           1           0  18.07s          2025-09-22T15:35:40
================================================================================
[2025-09-22T15:36:14.956+0000] {manager.py:879} INFO - 
================================================================================
DAG File Processing Stats

File Path                                       PID  Runtime      # DAGs    # Errors  Last Runtime    Last Run
--------------------------------------------  -----  ---------  --------  ----------  --------------  -------------------
/opt/airflow/dags/customer_churn_pipeline.py   4907  4.25s             1           0  18.07s          2025-09-22T15:35:40
================================================================================
[2025-09-22T15:36:43.631+0000] {manager.py:879} INFO - 
================================================================================
DAG File Processing Stats

File Path                                     PID    Runtime      # DAGs    # Errors  Last Runtime    Last Run
--------------------------------------------  -----  ---------  --------  ----------  --------------  -------------------
/opt/airflow/dags/customer_churn_pipeline.py                           1           0  17.01s          2025-09-22T15:36:27
================================================================================
[2025-09-22T15:37:12.289+0000] {manager.py:879} INFO - 
================================================================================
DAG File Processing Stats

File Path                                       PID  Runtime      # DAGs    # Errors  Last Runtime    Last Run
--------------------------------------------  -----  ---------  --------  ----------  --------------  -------------------
/opt/airflow/dags/customer_churn_pipeline.py   4926  13.92s            1           0  17.01s          2025-09-22T15:36:27
================================================================================
[2025-09-22T15:37:40.008+0000] {manager.py:879} INFO - 
================================================================================
DAG File Processing Stats

File Path                                     PID    Runtime      # DAGs    # Errors  Last Runtime    Last Run
--------------------------------------------  -----  ---------  --------  ----------  --------------  -------------------
/opt/airflow/dags/customer_churn_pipeline.py                           1           0  19.14s          2025-09-22T15:37:17
================================================================================
[2025-09-22T15:38:07.753+0000] {manager.py:879} INFO - 
================================================================================
DAG File Processing Stats

File Path                                     PID    Runtime      # DAGs    # Errors  Last Runtime    Last Run
--------------------------------------------  -----  ---------  --------  ----------  --------------  -------------------
/opt/airflow/dags/customer_churn_pipeline.py                           1           0  15.51s          2025-09-22T15:38:03
================================================================================
[2025-09-22T15:38:35.850+0000] {manager.py:879} INFO - 
================================================================================
DAG File Processing Stats

File Path                                       PID  Runtime      # DAGs    # Errors  Last Runtime    Last Run
--------------------------------------------  -----  ---------  --------  ----------  --------------  -------------------
/opt/airflow/dags/customer_churn_pipeline.py   4964  2.15s             1           0  15.51s          2025-09-22T15:38:03
================================================================================
[2025-09-22T15:39:03.723+0000] {manager.py:879} INFO - 
================================================================================
DAG File Processing Stats

File Path                                     PID    Runtime      # DAGs    # Errors  Last Runtime    Last Run
--------------------------------------------  -----  ---------  --------  ----------  --------------  -------------------
/opt/airflow/dags/customer_churn_pipeline.py                           1           0  15.19s          2025-09-22T15:38:48
================================================================================
[2025-09-22T15:39:31.587+0000] {manager.py:879} INFO - 
================================================================================
DAG File Processing Stats

File Path                                       PID  Runtime      # DAGs    # Errors  Last Runtime    Last Run
--------------------------------------------  -----  ---------  --------  ----------  --------------  -------------------
/opt/airflow/dags/customer_churn_pipeline.py   4983  12.13s            1           0  15.19s          2025-09-22T15:38:48
================================================================================
[2025-09-22T15:39:59.486+0000] {manager.py:879} INFO - 
================================================================================
DAG File Processing Stats

File Path                                     PID    Runtime      # DAGs    # Errors  Last Runtime    Last Run
--------------------------------------------  -----  ---------  --------  ----------  --------------  -------------------
/opt/airflow/dags/customer_churn_pipeline.py                           1           0  17.02s          2025-09-22T15:39:36
================================================================================
[2025-09-22T15:40:00.531+0000] {manager.py:738} INFO - Searching for files in /opt/airflow/dags
[2025-09-22T15:40:01.033+0000] {manager.py:741} INFO - There are 1 files in /opt/airflow/dags
[2025-09-22T15:40:27.375+0000] {manager.py:879} INFO - 
================================================================================
DAG File Processing Stats

File Path                                     PID    Runtime      # DAGs    # Errors  Last Runtime    Last Run
--------------------------------------------  -----  ---------  --------  ----------  --------------  -------------------
/opt/airflow/dags/customer_churn_pipeline.py                           1           0  14.15s          2025-09-22T15:40:20
================================================================================
[2025-09-22T15:40:55.640+0000] {manager.py:879} INFO - 
================================================================================
DAG File Processing Stats

File Path                                       PID  Runtime      # DAGs    # Errors  Last Runtime    Last Run
--------------------------------------------  -----  ---------  --------  ----------  --------------  -------------------
/opt/airflow/dags/customer_churn_pipeline.py   5021  4.26s             1           0  14.15s          2025-09-22T15:40:20
================================================================================
[2025-09-22T15:41:23.637+0000] {manager.py:879} INFO - 
================================================================================
DAG File Processing Stats

File Path                                     PID    Runtime      # DAGs    # Errors  Last Runtime    Last Run
--------------------------------------------  -----  ---------  --------  ----------  --------------  -------------------
/opt/airflow/dags/customer_churn_pipeline.py                           1           0  15.28s          2025-09-22T15:41:06
================================================================================
[2025-09-22T15:41:52.186+0000] {manager.py:879} INFO - 
================================================================================
DAG File Processing Stats

File Path                                       PID  Runtime      # DAGs    # Errors  Last Runtime    Last Run
--------------------------------------------  -----  ---------  --------  ----------  --------------  -------------------
/opt/airflow/dags/customer_churn_pipeline.py   5040  14.92s            1           0  15.28s          2025-09-22T15:41:06
================================================================================
[2025-09-22T15:42:20.614+0000] {manager.py:879} INFO - 
================================================================================
DAG File Processing Stats

File Path                                     PID    Runtime      # DAGs    # Errors  Last Runtime    Last Run
--------------------------------------------  -----  ---------  --------  ----------  --------------  -------------------
/opt/airflow/dags/customer_churn_pipeline.py                           1           0  17.19s          2025-09-22T15:41:54
================================================================================
[2025-09-22T15:42:49.293+0000] {manager.py:879} INFO - 
================================================================================
DAG File Processing Stats

File Path                                     PID    Runtime      # DAGs    # Errors  Last Runtime    Last Run
--------------------------------------------  -----  ---------  --------  ----------  --------------  -------------------
/opt/airflow/dags/customer_churn_pipeline.py                           1           0  14.71s          2025-09-22T15:42:39
================================================================================
[2025-09-22T15:43:17.017+0000] {manager.py:879} INFO - 
================================================================================
DAG File Processing Stats

File Path                                       PID  Runtime      # DAGs    # Errors  Last Runtime    Last Run
--------------------------------------------  -----  ---------  --------  ----------  --------------  -------------------
/opt/airflow/dags/customer_churn_pipeline.py   5078  6.42s             1           0  14.71s          2025-09-22T15:42:39
================================================================================
[2025-09-22T15:43:45.296+0000] {manager.py:879} INFO - 
================================================================================
DAG File Processing Stats

File Path                                     PID    Runtime      # DAGs    # Errors  Last Runtime    Last Run
--------------------------------------------  -----  ---------  --------  ----------  --------------  -------------------
/opt/airflow/dags/customer_churn_pipeline.py                           1           0  14.96s          2025-09-22T15:43:25
================================================================================
[2025-09-22T15:44:13.639+0000] {manager.py:879} INFO - 
================================================================================
DAG File Processing Stats

File Path                                     PID    Runtime      # DAGs    # Errors  Last Runtime    Last Run
--------------------------------------------  -----  ---------  --------  ----------  --------------  -------------------
/opt/airflow/dags/customer_churn_pipeline.py                           1           0  16.70s          2025-09-22T15:44:12
================================================================================
[2025-09-22T15:44:41.956+0000] {manager.py:879} INFO - 
================================================================================
DAG File Processing Stats

File Path                                     PID    Runtime      # DAGs    # Errors  Last Runtime    Last Run
--------------------------------------------  -----  ---------  --------  ----------  --------------  -------------------
/opt/airflow/dags/customer_churn_pipeline.py                           1           0  16.70s          2025-09-22T15:44:12
================================================================================
[2025-09-22T15:45:00.538+0000] {manager.py:738} INFO - Searching for files in /opt/airflow/dags
[2025-09-22T15:45:01.067+0000] {manager.py:741} INFO - There are 1 files in /opt/airflow/dags
[2025-09-22T15:45:09.696+0000] {manager.py:879} INFO - 
================================================================================
DAG File Processing Stats

File Path                                     PID    Runtime      # DAGs    # Errors  Last Runtime    Last Run
--------------------------------------------  -----  ---------  --------  ----------  --------------  -------------------
/opt/airflow/dags/customer_churn_pipeline.py                           1           0  16.32s          2025-09-22T15:44:59
================================================================================
[2025-09-22T15:45:38.309+0000] {manager.py:879} INFO - 
================================================================================
DAG File Processing Stats

File Path                                       PID  Runtime      # DAGs    # Errors  Last Runtime    Last Run
--------------------------------------------  -----  ---------  --------  ----------  --------------  -------------------
/opt/airflow/dags/customer_churn_pipeline.py   5135  8.45s             1           0  16.32s          2025-09-22T15:44:59
================================================================================
[2025-09-22T15:46:06.147+0000] {manager.py:879} INFO - 
================================================================================
DAG File Processing Stats

File Path                                     PID    Runtime      # DAGs    # Errors  Last Runtime    Last Run
--------------------------------------------  -----  ---------  --------  ----------  --------------  -------------------
/opt/airflow/dags/customer_churn_pipeline.py                           1           0  15.12s          2025-09-22T15:45:44
================================================================================
[2025-09-22T15:46:33.937+0000] {manager.py:879} INFO - 
================================================================================
DAG File Processing Stats

File Path                                     PID    Runtime      # DAGs    # Errors  Last Runtime    Last Run
--------------------------------------------  -----  ---------  --------  ----------  --------------  -------------------
/opt/airflow/dags/customer_churn_pipeline.py                           1           0  17.40s          2025-09-22T15:46:32
================================================================================
[2025-09-22T15:47:02.258+0000] {manager.py:879} INFO - 
================================================================================
DAG File Processing Stats

File Path                                     PID    Runtime      # DAGs    # Errors  Last Runtime    Last Run
--------------------------------------------  -----  ---------  --------  ----------  --------------  -------------------
/opt/airflow/dags/customer_churn_pipeline.py                           1           0  17.40s          2025-09-22T15:46:32
================================================================================
[2025-09-22T15:47:30.019+0000] {manager.py:879} INFO - 
================================================================================
DAG File Processing Stats

File Path                                     PID    Runtime      # DAGs    # Errors  Last Runtime    Last Run
--------------------------------------------  -----  ---------  --------  ----------  --------------  -------------------
/opt/airflow/dags/customer_churn_pipeline.py                           1           0  14.88s          2025-09-22T15:47:18
================================================================================
[2025-09-22T15:47:58.475+0000] {manager.py:879} INFO - 
================================================================================
DAG File Processing Stats

File Path                                       PID  Runtime      # DAGs    # Errors  Last Runtime    Last Run
--------------------------------------------  -----  ---------  --------  ----------  --------------  -------------------
/opt/airflow/dags/customer_churn_pipeline.py   5192  9.63s             1           0  14.88s          2025-09-22T15:47:18
================================================================================
[2025-09-22T15:48:27.003+0000] {manager.py:879} INFO - 
================================================================================
DAG File Processing Stats

File Path                                     PID    Runtime      # DAGs    # Errors  Last Runtime    Last Run
--------------------------------------------  -----  ---------  --------  ----------  --------------  -------------------
/opt/airflow/dags/customer_churn_pipeline.py                           1           0  14.95s          2025-09-22T15:48:03
================================================================================
[2025-09-22T15:48:55.604+0000] {manager.py:879} INFO - 
================================================================================
DAG File Processing Stats

File Path                                     PID    Runtime      # DAGs    # Errors  Last Runtime    Last Run
--------------------------------------------  -----  ---------  --------  ----------  --------------  -------------------
/opt/airflow/dags/customer_churn_pipeline.py                           1           0  16.94s          2025-09-22T15:48:51
================================================================================
[2025-09-22T15:49:23.367+0000] {manager.py:879} INFO - 
================================================================================
DAG File Processing Stats

File Path                                       PID  Runtime      # DAGs    # Errors  Last Runtime    Last Run
--------------------------------------------  -----  ---------  --------  ----------  --------------  -------------------
/opt/airflow/dags/customer_churn_pipeline.py   5230  1.10s             1           0  16.94s          2025-09-22T15:48:51
================================================================================
[2025-09-22T15:49:51.794+0000] {manager.py:879} INFO - 
================================================================================
DAG File Processing Stats

File Path                                     PID    Runtime      # DAGs    # Errors  Last Runtime    Last Run
--------------------------------------------  -----  ---------  --------  ----------  --------------  -------------------
/opt/airflow/dags/customer_churn_pipeline.py                           1           0  15.00s          2025-09-22T15:49:37
================================================================================
[2025-09-22T15:50:01.191+0000] {manager.py:738} INFO - Searching for files in /opt/airflow/dags
[2025-09-22T15:50:01.641+0000] {manager.py:741} INFO - There are 1 files in /opt/airflow/dags
[2025-09-22T15:50:20.114+0000] {manager.py:879} INFO - 
================================================================================
DAG File Processing Stats

File Path                                       PID  Runtime      # DAGs    # Errors  Last Runtime    Last Run
--------------------------------------------  -----  ---------  --------  ----------  --------------  -------------------
/opt/airflow/dags/customer_churn_pipeline.py   5249  11.84s            1           0  15.00s          2025-09-22T15:49:37
================================================================================
[2025-09-22T15:50:48.090+0000] {manager.py:879} INFO - 
================================================================================
DAG File Processing Stats

File Path                                     PID    Runtime      # DAGs    # Errors  Last Runtime    Last Run
--------------------------------------------  -----  ---------  --------  ----------  --------------  -------------------
/opt/airflow/dags/customer_churn_pipeline.py                           1           0  19.68s          2025-09-22T15:50:27
================================================================================
[2025-09-22T15:51:16.088+0000] {manager.py:879} INFO - 
================================================================================
DAG File Processing Stats

File Path                                       PID  Runtime      # DAGs    # Errors  Last Runtime    Last Run
--------------------------------------------  -----  ---------  --------  ----------  --------------  -------------------
/opt/airflow/dags/customer_churn_pipeline.py   5268  18.04s            1           0  19.68s          2025-09-22T15:50:27
================================================================================
[2025-09-22T15:51:43.826+0000] {manager.py:879} INFO - 
================================================================================
DAG File Processing Stats

File Path                                     PID    Runtime      # DAGs    # Errors  Last Runtime    Last Run
--------------------------------------------  -----  ---------  --------  ----------  --------------  -------------------
/opt/airflow/dags/customer_churn_pipeline.py                           1           0  18.38s          2025-09-22T15:51:16
================================================================================
[2025-09-22T15:52:11.556+0000] {manager.py:879} INFO - 
================================================================================
DAG File Processing Stats

File Path                                     PID    Runtime      # DAGs    # Errors  Last Runtime    Last Run
--------------------------------------------  -----  ---------  --------  ----------  --------------  -------------------
/opt/airflow/dags/customer_churn_pipeline.py                           1           0  17.86s          2025-09-22T15:52:04
================================================================================
[2025-09-22T15:52:39.693+0000] {manager.py:879} INFO - 
================================================================================
DAG File Processing Stats

File Path                                       PID  Runtime      # DAGs    # Errors  Last Runtime    Last Run
--------------------------------------------  -----  ---------  --------  ----------  --------------  -------------------
/opt/airflow/dags/customer_churn_pipeline.py   5306  4.27s             1           0  17.86s          2025-09-22T15:52:04
================================================================================
[2025-09-22T15:53:05.805+0000] {manager.py:879} INFO - 
================================================================================
DAG File Processing Stats

File Path                                     PID    Runtime      # DAGs    # Errors  Last Runtime    Last Run
--------------------------------------------  -----  ---------  --------  ----------  --------------  -------------------
/opt/airflow/dags/customer_churn_pipeline.py                           1           0  15.84s          2025-09-22T15:52:51
================================================================================
[2025-09-22T15:53:34.273+0000] {manager.py:879} INFO - 
================================================================================
DAG File Processing Stats

File Path                                       PID  Runtime      # DAGs    # Errors  Last Runtime    Last Run
--------------------------------------------  -----  ---------  --------  ----------  --------------  -------------------
/opt/airflow/dags/customer_churn_pipeline.py   5325  12.48s            1           0  15.84s          2025-09-22T15:52:51
================================================================================
[2025-09-22T15:54:02.345+0000] {manager.py:879} INFO - 
================================================================================
DAG File Processing Stats

File Path                                     PID    Runtime      # DAGs    # Errors  Last Runtime    Last Run
--------------------------------------------  -----  ---------  --------  ----------  --------------  -------------------
/opt/airflow/dags/customer_churn_pipeline.py                           1           0  15.37s          2025-09-22T15:53:37
================================================================================
[2025-09-22T15:54:30.195+0000] {manager.py:879} INFO - 
================================================================================
DAG File Processing Stats

File Path                                     PID    Runtime      # DAGs    # Errors  Last Runtime    Last Run
--------------------------------------------  -----  ---------  --------  ----------  --------------  -------------------
/opt/airflow/dags/customer_churn_pipeline.py                           1           0  17.23s          2025-09-22T15:54:25
================================================================================
[2025-09-22T15:54:58.469+0000] {manager.py:879} INFO - 
================================================================================
DAG File Processing Stats

File Path                                       PID  Runtime      # DAGs    # Errors  Last Runtime    Last Run
--------------------------------------------  -----  ---------  --------  ----------  --------------  -------------------
/opt/airflow/dags/customer_churn_pipeline.py   5363  3.03s             1           0  17.23s          2025-09-22T15:54:25
================================================================================
[2025-09-22T15:55:01.626+0000] {manager.py:738} INFO - Searching for files in /opt/airflow/dags
[2025-09-22T15:55:02.161+0000] {manager.py:741} INFO - There are 1 files in /opt/airflow/dags
[2025-09-22T15:55:26.485+0000] {manager.py:879} INFO - 
================================================================================
DAG File Processing Stats

File Path                                     PID    Runtime      # DAGs    # Errors  Last Runtime    Last Run
--------------------------------------------  -----  ---------  --------  ----------  --------------  -------------------
/opt/airflow/dags/customer_churn_pipeline.py                           1           0  14.73s          2025-09-22T15:55:10
================================================================================
[2025-09-22T15:55:55.126+0000] {manager.py:879} INFO - 
================================================================================
DAG File Processing Stats

File Path                                       PID  Runtime      # DAGs    # Errors  Last Runtime    Last Run
--------------------------------------------  -----  ---------  --------  ----------  --------------  -------------------
/opt/airflow/dags/customer_churn_pipeline.py   5382  14.58s            1           0  14.73s          2025-09-22T15:55:10
================================================================================
[2025-09-22T15:56:23.102+0000] {manager.py:879} INFO - 
================================================================================
DAG File Processing Stats

File Path                                     PID    Runtime      # DAGs    # Errors  Last Runtime    Last Run
--------------------------------------------  -----  ---------  --------  ----------  --------------  -------------------
/opt/airflow/dags/customer_churn_pipeline.py                           1           0  15.19s          2025-09-22T15:55:55
================================================================================
[2025-09-22T15:56:51.326+0000] {manager.py:879} INFO - 
================================================================================
DAG File Processing Stats

File Path                                     PID    Runtime      # DAGs    # Errors  Last Runtime    Last Run
--------------------------------------------  -----  ---------  --------  ----------  --------------  -------------------
/opt/airflow/dags/customer_churn_pipeline.py                           1           0  16.58s          2025-09-22T15:56:42
================================================================================
[2025-09-22T15:57:19.102+0000] {manager.py:879} INFO - 
================================================================================
DAG File Processing Stats

File Path                                       PID  Runtime      # DAGs    # Errors  Last Runtime    Last Run
--------------------------------------------  -----  ---------  --------  ----------  --------------  -------------------
/opt/airflow/dags/customer_churn_pipeline.py   5420  5.15s             1           0  16.58s          2025-09-22T15:56:42
================================================================================
[2025-09-22T15:57:47.985+0000] {manager.py:879} INFO - 
================================================================================
DAG File Processing Stats

File Path                                     PID    Runtime      # DAGs    # Errors  Last Runtime    Last Run
--------------------------------------------  -----  ---------  --------  ----------  --------------  -------------------
/opt/airflow/dags/customer_churn_pipeline.py                           1           0  15.59s          2025-09-22T15:57:29
================================================================================
[2025-09-22T15:58:17.902+0000] {manager.py:879} INFO - 
================================================================================
DAG File Processing Stats

File Path                                     PID    Runtime      # DAGs    # Errors  Last Runtime    Last Run
--------------------------------------------  -----  ---------  --------  ----------  --------------  -------------------
/opt/airflow/dags/customer_churn_pipeline.py                           1           0  16.08s          2025-09-22T15:58:15
================================================================================
[2025-09-22T15:58:48.291+0000] {manager.py:879} INFO - 
================================================================================
DAG File Processing Stats

File Path                                       PID  Runtime      # DAGs    # Errors  Last Runtime    Last Run
--------------------------------------------  -----  ---------  --------  ----------  --------------  -------------------
/opt/airflow/dags/customer_churn_pipeline.py   5458  2.14s             1           0  16.08s          2025-09-22T15:58:15
================================================================================
[2025-09-22T15:59:18.688+0000] {manager.py:879} INFO - 
================================================================================
DAG File Processing Stats

File Path                                     PID    Runtime      # DAGs    # Errors  Last Runtime    Last Run
--------------------------------------------  -----  ---------  --------  ----------  --------------  -------------------
/opt/airflow/dags/customer_churn_pipeline.py                           1           0  16.98s          2025-09-22T15:59:03
================================================================================
[2025-09-22T15:59:49.227+0000] {manager.py:879} INFO - 
================================================================================
DAG File Processing Stats

File Path                                     PID    Runtime      # DAGs    # Errors  Last Runtime    Last Run
--------------------------------------------  -----  ---------  --------  ----------  --------------  -------------------
/opt/airflow/dags/customer_churn_pipeline.py                           1           0  15.02s          2025-09-22T15:59:48
================================================================================
[2025-09-22T16:00:01.750+0000] {manager.py:738} INFO - Searching for files in /opt/airflow/dags
[2025-09-22T16:00:02.210+0000] {manager.py:741} INFO - There are 1 files in /opt/airflow/dags
[2025-09-22T16:00:19.307+0000] {manager.py:879} INFO - 
================================================================================
DAG File Processing Stats

File Path                                       PID  Runtime      # DAGs    # Errors  Last Runtime    Last Run
--------------------------------------------  -----  ---------  --------  ----------  --------------  -------------------
/opt/airflow/dags/customer_churn_pipeline.py   5496  0.04s             1           0  15.02s          2025-09-22T15:59:48
================================================================================
[2025-09-22T16:00:49.503+0000] {manager.py:879} INFO - 
================================================================================
DAG File Processing Stats

File Path                                     PID    Runtime      # DAGs    # Errors  Last Runtime    Last Run
--------------------------------------------  -----  ---------  --------  ----------  --------------  -------------------
/opt/airflow/dags/customer_churn_pipeline.py                           1           0  15.57s          2025-09-22T16:00:34
================================================================================
[2025-09-22T16:01:19.930+0000] {manager.py:879} INFO - 
================================================================================
DAG File Processing Stats

File Path                                       PID  Runtime      # DAGs    # Errors  Last Runtime    Last Run
--------------------------------------------  -----  ---------  --------  ----------  --------------  -------------------
/opt/airflow/dags/customer_churn_pipeline.py   5515  14.68s            1           0  15.57s          2025-09-22T16:00:34
================================================================================
[2025-09-22T16:01:50.027+0000] {manager.py:879} INFO - 
================================================================================
DAG File Processing Stats

File Path                                     PID    Runtime      # DAGs    # Errors  Last Runtime    Last Run
--------------------------------------------  -----  ---------  --------  ----------  --------------  -------------------
/opt/airflow/dags/customer_churn_pipeline.py                           1           0  15.49s          2025-09-22T16:01:20
================================================================================
[2025-09-22T16:02:20.511+0000] {manager.py:879} INFO - 
================================================================================
DAG File Processing Stats

File Path                                     PID    Runtime      # DAGs    # Errors  Last Runtime    Last Run
--------------------------------------------  -----  ---------  --------  ----------  --------------  -------------------
/opt/airflow/dags/customer_churn_pipeline.py                           1           0  14.66s          2025-09-22T16:02:05
================================================================================
[2025-09-22T16:02:50.981+0000] {manager.py:879} INFO - 
================================================================================
DAG File Processing Stats

File Path                                       PID  Runtime      # DAGs    # Errors  Last Runtime    Last Run
--------------------------------------------  -----  ---------  --------  ----------  --------------  -------------------
/opt/airflow/dags/customer_churn_pipeline.py   5553  14.66s            1           0  14.66s          2025-09-22T16:02:05
================================================================================
[2025-09-22T16:03:21.297+0000] {manager.py:879} INFO - 
================================================================================
DAG File Processing Stats

File Path                                     PID    Runtime      # DAGs    # Errors  Last Runtime    Last Run
--------------------------------------------  -----  ---------  --------  ----------  --------------  -------------------
/opt/airflow/dags/customer_churn_pipeline.py                           1           0  16.72s          2025-09-22T16:02:53
================================================================================
[2025-09-22T16:03:51.655+0000] {manager.py:879} INFO - 
================================================================================
DAG File Processing Stats

File Path                                     PID    Runtime      # DAGs    # Errors  Last Runtime    Last Run
--------------------------------------------  -----  ---------  --------  ----------  --------------  -------------------
/opt/airflow/dags/customer_churn_pipeline.py                           1           0  15.56s          2025-09-22T16:03:39
================================================================================
[2025-09-22T16:04:22.148+0000] {manager.py:879} INFO - 
================================================================================
DAG File Processing Stats

File Path                                       PID  Runtime      # DAGs    # Errors  Last Runtime    Last Run
--------------------------------------------  -----  ---------  --------  ----------  --------------  -------------------
/opt/airflow/dags/customer_churn_pipeline.py   5591  12.56s            1           0  15.56s          2025-09-22T16:03:39
================================================================================
[2025-09-22T16:04:52.535+0000] {manager.py:879} INFO - 
================================================================================
DAG File Processing Stats

File Path                                     PID    Runtime      # DAGs    # Errors  Last Runtime    Last Run
--------------------------------------------  -----  ---------  --------  ----------  --------------  -------------------
/opt/airflow/dags/customer_churn_pipeline.py                           1           0  15.78s          2025-09-22T16:04:25
================================================================================
[2025-09-22T16:05:02.056+0000] {manager.py:738} INFO - Searching for files in /opt/airflow/dags
[2025-09-22T16:05:02.585+0000] {manager.py:741} INFO - There are 1 files in /opt/airflow/dags
[2025-09-22T16:05:22.688+0000] {manager.py:879} INFO - 
================================================================================
DAG File Processing Stats

File Path                                     PID    Runtime      # DAGs    # Errors  Last Runtime    Last Run
--------------------------------------------  -----  ---------  --------  ----------  --------------  -------------------
/opt/airflow/dags/customer_churn_pipeline.py                           1           0  14.78s          2025-09-22T16:05:10
================================================================================
[2025-09-22T16:05:52.747+0000] {manager.py:879} INFO - 
================================================================================
DAG File Processing Stats

File Path                                       PID  Runtime      # DAGs    # Errors  Last Runtime    Last Run
--------------------------------------------  -----  ---------  --------  ----------  --------------  -------------------
/opt/airflow/dags/customer_churn_pipeline.py   5629  11.64s            1           0  14.78s          2025-09-22T16:05:10
================================================================================
[2025-09-22T16:06:23.003+0000] {manager.py:879} INFO - 
================================================================================
DAG File Processing Stats

File Path                                     PID    Runtime      # DAGs    # Errors  Last Runtime    Last Run
--------------------------------------------  -----  ---------  --------  ----------  --------------  -------------------
/opt/airflow/dags/customer_churn_pipeline.py                           1           0  18.81s          2025-09-22T16:05:59
================================================================================
[2025-09-22T16:06:53.086+0000] {manager.py:879} INFO - 
================================================================================
DAG File Processing Stats

File Path                                     PID    Runtime      # DAGs    # Errors  Last Runtime    Last Run
--------------------------------------------  -----  ---------  --------  ----------  --------------  -------------------
/opt/airflow/dags/customer_churn_pipeline.py                           1           0  17.36s          2025-09-22T16:06:47
================================================================================
[2025-09-22T16:07:23.280+0000] {manager.py:879} INFO - 
================================================================================
DAG File Processing Stats

File Path                                       PID  Runtime      # DAGs    # Errors  Last Runtime    Last Run
--------------------------------------------  -----  ---------  --------  ----------  --------------  -------------------
/opt/airflow/dags/customer_churn_pipeline.py   5667  5.27s             1           0  17.36s          2025-09-22T16:06:47
================================================================================
[2025-09-22T16:07:53.688+0000] {manager.py:879} INFO - 
================================================================================
DAG File Processing Stats

File Path                                     PID    Runtime      # DAGs    # Errors  Last Runtime    Last Run
--------------------------------------------  -----  ---------  --------  ----------  --------------  -------------------
/opt/airflow/dags/customer_churn_pipeline.py                           1           0  14.27s          2025-09-22T16:07:32
================================================================================
[2025-09-22T16:08:23.964+0000] {manager.py:879} INFO - 
================================================================================
DAG File Processing Stats

File Path                                     PID    Runtime      # DAGs    # Errors  Last Runtime    Last Run
--------------------------------------------  -----  ---------  --------  ----------  --------------  -------------------
/opt/airflow/dags/customer_churn_pipeline.py                           1           0  15.28s          2025-09-22T16:08:17
================================================================================
[2025-09-22T16:08:54.321+0000] {manager.py:879} INFO - 
================================================================================
DAG File Processing Stats

File Path                                       PID  Runtime      # DAGs    # Errors  Last Runtime    Last Run
--------------------------------------------  -----  ---------  --------  ----------  --------------  -------------------
/opt/airflow/dags/customer_churn_pipeline.py   5705  5.90s             1           0  15.28s          2025-09-22T16:08:17
================================================================================
[2025-09-22T16:09:24.627+0000] {manager.py:879} INFO - 
================================================================================
DAG File Processing Stats

File Path                                     PID    Runtime      # DAGs    # Errors  Last Runtime    Last Run
--------------------------------------------  -----  ---------  --------  ----------  --------------  -------------------
/opt/airflow/dags/customer_churn_pipeline.py                           1           0  15.33s          2025-09-22T16:09:03
================================================================================
[2025-09-22T16:09:54.991+0000] {manager.py:879} INFO - 
================================================================================
DAG File Processing Stats

File Path                                     PID    Runtime      # DAGs    # Errors  Last Runtime    Last Run
--------------------------------------------  -----  ---------  --------  ----------  --------------  -------------------
/opt/airflow/dags/customer_churn_pipeline.py                           1           0  15.57s          2025-09-22T16:09:49
================================================================================
[2025-09-22T16:10:02.305+0000] {manager.py:738} INFO - Searching for files in /opt/airflow/dags
[2025-09-22T16:10:02.768+0000] {manager.py:741} INFO - There are 1 files in /opt/airflow/dags
[2025-09-22T16:10:25.055+0000] {manager.py:879} INFO - 
================================================================================
DAG File Processing Stats

File Path                                       PID  Runtime      # DAGs    # Errors  Last Runtime    Last Run
--------------------------------------------  -----  ---------  --------  ----------  --------------  -------------------
/opt/airflow/dags/customer_churn_pipeline.py   5743  4.23s             1           0  15.57s          2025-09-22T16:09:49
================================================================================
[2025-09-22T16:10:55.483+0000] {manager.py:879} INFO - 
================================================================================
DAG File Processing Stats

File Path                                     PID    Runtime      # DAGs    # Errors  Last Runtime    Last Run
--------------------------------------------  -----  ---------  --------  ----------  --------------  -------------------
/opt/airflow/dags/customer_churn_pipeline.py                           1           0  15.95s          2025-09-22T16:10:36
================================================================================
[2025-09-22T16:11:25.948+0000] {manager.py:879} INFO - 
================================================================================
DAG File Processing Stats

File Path                                     PID    Runtime      # DAGs    # Errors  Last Runtime    Last Run
--------------------------------------------  -----  ---------  --------  ----------  --------------  -------------------
/opt/airflow/dags/customer_churn_pipeline.py                           1           0  15.63s          2025-09-22T16:11:22
================================================================================
[2025-09-22T16:11:56.472+0000] {manager.py:879} INFO - 
================================================================================
DAG File Processing Stats

File Path                                       PID  Runtime      # DAGs    # Errors  Last Runtime    Last Run
--------------------------------------------  -----  ---------  --------  ----------  --------------  -------------------
/opt/airflow/dags/customer_churn_pipeline.py   5781  3.21s             1           0  15.63s          2025-09-22T16:11:22
================================================================================
[2025-09-22T16:12:26.565+0000] {manager.py:879} INFO - 
================================================================================
DAG File Processing Stats

File Path                                     PID    Runtime      # DAGs    # Errors  Last Runtime    Last Run
--------------------------------------------  -----  ---------  --------  ----------  --------------  -------------------
/opt/airflow/dags/customer_churn_pipeline.py                           1           0  15.45s          2025-09-22T16:12:08
================================================================================
[2025-09-22T16:12:57.003+0000] {manager.py:879} INFO - 
================================================================================
DAG File Processing Stats

File Path                                     PID    Runtime      # DAGs    # Errors  Last Runtime    Last Run
--------------------------------------------  -----  ---------  --------  ----------  --------------  -------------------
/opt/airflow/dags/customer_churn_pipeline.py                           1           0  16.77s          2025-09-22T16:12:55
================================================================================
[2025-09-22T16:13:27.462+0000] {manager.py:879} INFO - 
================================================================================
DAG File Processing Stats

File Path                                       PID  Runtime      # DAGs    # Errors  Last Runtime    Last Run
--------------------------------------------  -----  ---------  --------  ----------  --------------  -------------------
/opt/airflow/dags/customer_churn_pipeline.py   5819  1.10s             1           0  16.77s          2025-09-22T16:12:55
================================================================================
[2025-09-22T16:13:57.807+0000] {manager.py:879} INFO - 
================================================================================
DAG File Processing Stats

File Path                                     PID    Runtime      # DAGs    # Errors  Last Runtime    Last Run
--------------------------------------------  -----  ---------  --------  ----------  --------------  -------------------
/opt/airflow/dags/customer_churn_pipeline.py                           1           0  14.78s          2025-09-22T16:13:41
================================================================================
[2025-09-22T16:14:27.992+0000] {manager.py:879} INFO - 
================================================================================
DAG File Processing Stats

File Path                                     PID    Runtime      # DAGs    # Errors  Last Runtime    Last Run
--------------------------------------------  -----  ---------  --------  ----------  --------------  -------------------
/opt/airflow/dags/customer_churn_pipeline.py                           1           0  16.46s          2025-09-22T16:14:27
================================================================================
[2025-09-22T16:14:58.433+0000] {manager.py:879} INFO - 
================================================================================
DAG File Processing Stats

File Path                                       PID  Runtime      # DAGs    # Errors  Last Runtime    Last Run
--------------------------------------------  -----  ---------  --------  ----------  --------------  -------------------
/opt/airflow/dags/customer_churn_pipeline.py   5857  0.04s             1           0  16.46s          2025-09-22T16:14:27
================================================================================
[2025-09-22T16:15:02.612+0000] {manager.py:738} INFO - Searching for files in /opt/airflow/dags
[2025-09-22T16:15:03.066+0000] {manager.py:741} INFO - There are 1 files in /opt/airflow/dags
[2025-09-22T16:15:29.366+0000] {manager.py:879} INFO - 
================================================================================
DAG File Processing Stats

File Path                                     PID    Runtime      # DAGs    # Errors  Last Runtime    Last Run
--------------------------------------------  -----  ---------  --------  ----------  --------------  -------------------
/opt/airflow/dags/customer_churn_pipeline.py                           1           0  15.31s          2025-09-22T16:15:13
================================================================================
[2025-09-22T16:15:59.810+0000] {manager.py:879} INFO - 
================================================================================
DAG File Processing Stats

File Path                                     PID    Runtime      # DAGs    # Errors  Last Runtime    Last Run
--------------------------------------------  -----  ---------  --------  ----------  --------------  -------------------
/opt/airflow/dags/customer_churn_pipeline.py                           1           0  15.62s          2025-09-22T16:15:59
================================================================================
[2025-09-22T16:16:30.313+0000] {manager.py:879} INFO - 
================================================================================
DAG File Processing Stats

File Path                                       PID  Runtime      # DAGs    # Errors  Last Runtime    Last Run
--------------------------------------------  -----  ---------  --------  ----------  --------------  -------------------
/opt/airflow/dags/customer_churn_pipeline.py   5895  0.04s             1           0  15.62s          2025-09-22T16:15:59
================================================================================
[2025-09-22T16:23:32.174+0000] {manager.py:738} INFO - Searching for files in /opt/airflow/dags
[2025-09-22T16:23:32.686+0000] {manager.py:741} INFO - There are 1 files in /opt/airflow/dags
[2025-09-22T16:23:35.376+0000] {manager.py:879} INFO - 
================================================================================
DAG File Processing Stats

File Path                                     PID    Runtime      # DAGs    # Errors  Last Runtime    Last Run
--------------------------------------------  -----  ---------  --------  ----------  --------------  -------------------
/opt/airflow/dags/customer_churn_pipeline.py                           1           0  1.63s           2025-09-22T16:23:34
================================================================================
[2025-09-22T16:29:46.341+0000] {manager.py:738} INFO - Searching for files in /opt/airflow/dags
[2025-09-22T16:29:48.224+0000] {manager.py:741} INFO - There are 1 files in /opt/airflow/dags
[2025-09-22T16:37:28.219+0000] {manager.py:738} INFO - Searching for files in /opt/airflow/dags
[2025-09-22T16:37:28.334+0000] {manager.py:741} INFO - There are 1 files in /opt/airflow/dags
[2025-09-22T16:37:57.010+0000] {manager.py:879} INFO - 
================================================================================
DAG File Processing Stats

File Path                                     PID    Runtime      # DAGs    # Errors  Last Runtime    Last Run
--------------------------------------------  -----  ---------  --------  ----------  --------------  -------------------
/opt/airflow/dags/customer_churn_pipeline.py                           1           0  1.81s           2025-09-22T16:37:30
================================================================================
[2025-09-22T16:38:27.433+0000] {manager.py:879} INFO - 
================================================================================
DAG File Processing Stats

File Path                                     PID    Runtime      # DAGs    # Errors  Last Runtime    Last Run
--------------------------------------------  -----  ---------  --------  ----------  --------------  -------------------
/opt/airflow/dags/customer_churn_pipeline.py                           1           0  1.35s           2025-09-22T16:38:01
================================================================================
[2025-09-22T16:38:58.212+0000] {manager.py:879} INFO - 
================================================================================
DAG File Processing Stats

File Path                                     PID    Runtime      # DAGs    # Errors  Last Runtime    Last Run
--------------------------------------------  -----  ---------  --------  ----------  --------------  -------------------
/opt/airflow/dags/customer_churn_pipeline.py                           1           0  1.06s           2025-09-22T16:38:32
================================================================================
[2025-09-22T16:54:20.079+0000] {manager.py:738} INFO - Searching for files in /opt/airflow/dags
[2025-09-22T16:54:21.111+0000] {manager.py:741} INFO - There are 1 files in /opt/airflow/dags
[2025-09-22T17:04:09.467+0000] {manager.py:738} INFO - Searching for files in /opt/airflow/dags
[2025-09-22T17:04:10.275+0000] {manager.py:741} INFO - There are 1 files in /opt/airflow/dags
[2025-09-23T00:39:22.246+0000] {manager.py:738} INFO - Searching for files in /opt/airflow/dags
[2025-09-23T00:39:24.686+0000] {manager.py:741} INFO - There are 1 files in /opt/airflow/dags
[2025-09-23T18:01:56.233+0000] {manager.py:738} INFO - Searching for files in /opt/airflow/dags
[2025-09-23T18:02:00.146+0000] {manager.py:741} INFO - There are 1 files in /opt/airflow/dags
[2025-09-23T18:02:07.354+0000] {manager.py:879} INFO - 
================================================================================
DAG File Processing Stats

File Path                                     PID    Runtime      # DAGs    # Errors  Last Runtime    Last Run
--------------------------------------------  -----  ---------  --------  ----------  --------------  -------------------
/opt/airflow/dags/customer_churn_pipeline.py                           1           0  4.73s           2025-09-23T18:02:05
================================================================================
[2025-09-23T18:02:37.576+0000] {manager.py:879} INFO - 
================================================================================
DAG File Processing Stats

File Path                                     PID    Runtime      # DAGs    # Errors  Last Runtime    Last Run
--------------------------------------------  -----  ---------  --------  ----------  --------------  -------------------
/opt/airflow/dags/customer_churn_pipeline.py                           1           0  1.31s           2025-09-23T18:02:36
================================================================================
[2025-09-23T18:03:07.662+0000] {manager.py:879} INFO - 
================================================================================
DAG File Processing Stats

File Path                                       PID  Runtime      # DAGs    # Errors  Last Runtime    Last Run
--------------------------------------------  -----  ---------  --------  ----------  --------------  -------------------
/opt/airflow/dags/customer_churn_pipeline.py   6104  1.02s             1           0  1.31s           2025-09-23T18:02:36
================================================================================
[2025-09-23T18:03:38.015+0000] {manager.py:879} INFO - 
================================================================================
DAG File Processing Stats

File Path                                       PID  Runtime      # DAGs    # Errors  Last Runtime    Last Run
--------------------------------------------  -----  ---------  --------  ----------  --------------  -------------------
/opt/airflow/dags/customer_churn_pipeline.py   6123  0.01s             1           0  1.02s           2025-09-23T18:03:07
================================================================================
[2025-09-23T18:04:08.607+0000] {manager.py:879} INFO - 
================================================================================
DAG File Processing Stats

File Path                                     PID    Runtime      # DAGs    # Errors  Last Runtime    Last Run
--------------------------------------------  -----  ---------  --------  ----------  --------------  -------------------
/opt/airflow/dags/customer_churn_pipeline.py                           1           0  1.38s           2025-09-23T18:03:39
================================================================================
[2025-09-23T18:04:38.666+0000] {manager.py:879} INFO - 
================================================================================
DAG File Processing Stats

File Path                                     PID    Runtime      # DAGs    # Errors  Last Runtime    Last Run
--------------------------------------------  -----  ---------  --------  ----------  --------------  -------------------
/opt/airflow/dags/customer_churn_pipeline.py                           1           0  1.45s           2025-09-23T18:04:11
================================================================================
[2025-09-23T18:05:08.866+0000] {manager.py:879} INFO - 
================================================================================
DAG File Processing Stats

File Path                                     PID    Runtime      # DAGs    # Errors  Last Runtime    Last Run
--------------------------------------------  -----  ---------  --------  ----------  --------------  -------------------
/opt/airflow/dags/customer_churn_pipeline.py                           1           0  1.21s           2025-09-23T18:04:42
================================================================================
[2025-09-23T18:05:39.648+0000] {manager.py:879} INFO - 
================================================================================
DAG File Processing Stats

File Path                                     PID    Runtime      # DAGs    # Errors  Last Runtime    Last Run
--------------------------------------------  -----  ---------  --------  ----------  --------------  -------------------
/opt/airflow/dags/customer_churn_pipeline.py                           1           0  1.22s           2025-09-23T18:05:14
================================================================================
[2025-09-23T18:06:10.079+0000] {manager.py:879} INFO - 
================================================================================
DAG File Processing Stats

File Path                                     PID    Runtime      # DAGs    # Errors  Last Runtime    Last Run
--------------------------------------------  -----  ---------  --------  ----------  --------------  -------------------
/opt/airflow/dags/customer_churn_pipeline.py                           1           0  1.20s           2025-09-23T18:05:45
================================================================================
[2025-09-23T18:06:40.406+0000] {manager.py:879} INFO - 
================================================================================
DAG File Processing Stats

File Path                                     PID    Runtime      # DAGs    # Errors  Last Runtime    Last Run
--------------------------------------------  -----  ---------  --------  ----------  --------------  -------------------
/opt/airflow/dags/customer_churn_pipeline.py                           1           0  1.11s           2025-09-23T18:06:17
================================================================================
[2025-09-23T18:06:56.716+0000] {manager.py:738} INFO - Searching for files in /opt/airflow/dags
[2025-09-23T18:06:56.839+0000] {manager.py:741} INFO - There are 1 files in /opt/airflow/dags
[2025-09-23T18:07:11.087+0000] {manager.py:879} INFO - 
================================================================================
DAG File Processing Stats

File Path                                     PID    Runtime      # DAGs    # Errors  Last Runtime    Last Run
--------------------------------------------  -----  ---------  --------  ----------  --------------  -------------------
/opt/airflow/dags/customer_churn_pipeline.py                           1           0  1.15s           2025-09-23T18:06:48
================================================================================
[2025-09-23T18:07:41.384+0000] {manager.py:879} INFO - 
================================================================================
DAG File Processing Stats

File Path                                     PID    Runtime      # DAGs    # Errors  Last Runtime    Last Run
--------------------------------------------  -----  ---------  --------  ----------  --------------  -------------------
/opt/airflow/dags/customer_churn_pipeline.py                           1           0  1.10s           2025-09-23T18:07:20
================================================================================
[2025-09-23T18:08:11.807+0000] {manager.py:879} INFO - 
================================================================================
DAG File Processing Stats

File Path                                     PID    Runtime      # DAGs    # Errors  Last Runtime    Last Run
--------------------------------------------  -----  ---------  --------  ----------  --------------  -------------------
/opt/airflow/dags/customer_churn_pipeline.py                           1           0  1.19s           2025-09-23T18:07:51
================================================================================
[2025-09-23T18:08:42.367+0000] {manager.py:879} INFO - 
================================================================================
DAG File Processing Stats

File Path                                     PID    Runtime      # DAGs    # Errors  Last Runtime    Last Run
--------------------------------------------  -----  ---------  --------  ----------  --------------  -------------------
/opt/airflow/dags/customer_churn_pipeline.py                           1           0  1.29s           2025-09-23T18:08:23
================================================================================
[2025-09-23T18:09:12.756+0000] {manager.py:879} INFO - 
================================================================================
DAG File Processing Stats

File Path                                     PID    Runtime      # DAGs    # Errors  Last Runtime    Last Run
--------------------------------------------  -----  ---------  --------  ----------  --------------  -------------------
/opt/airflow/dags/customer_churn_pipeline.py                           1           0  1.46s           2025-09-23T18:08:55
================================================================================
[2025-09-23T18:09:43.132+0000] {manager.py:879} INFO - 
================================================================================
DAG File Processing Stats

File Path                                     PID    Runtime      # DAGs    # Errors  Last Runtime    Last Run
--------------------------------------------  -----  ---------  --------  ----------  --------------  -------------------
/opt/airflow/dags/customer_churn_pipeline.py                           1           0  1.15s           2025-09-23T18:09:27
================================================================================
[2025-09-23T18:10:13.819+0000] {manager.py:879} INFO - 
================================================================================
DAG File Processing Stats

File Path                                     PID    Runtime      # DAGs    # Errors  Last Runtime    Last Run
--------------------------------------------  -----  ---------  --------  ----------  --------------  -------------------
/opt/airflow/dags/customer_churn_pipeline.py                           1           0  1.46s           2025-09-23T18:09:58
================================================================================
[2025-09-23T18:10:43.826+0000] {manager.py:879} INFO - 
================================================================================
DAG File Processing Stats

File Path                                     PID    Runtime      # DAGs    # Errors  Last Runtime    Last Run
--------------------------------------------  -----  ---------  --------  ----------  --------------  -------------------
/opt/airflow/dags/customer_churn_pipeline.py                           1           0  1.41s           2025-09-23T18:10:30
================================================================================
[2025-09-23T18:11:14.254+0000] {manager.py:879} INFO - 
================================================================================
DAG File Processing Stats

File Path                                     PID    Runtime      # DAGs    # Errors  Last Runtime    Last Run
--------------------------------------------  -----  ---------  --------  ----------  --------------  -------------------
/opt/airflow/dags/customer_churn_pipeline.py                           1           0  1.25s           2025-09-23T18:11:02
================================================================================
[2025-09-23T18:11:44.303+0000] {manager.py:879} INFO - 
================================================================================
DAG File Processing Stats

File Path                                     PID    Runtime      # DAGs    # Errors  Last Runtime    Last Run
--------------------------------------------  -----  ---------  --------  ----------  --------------  -------------------
/opt/airflow/dags/customer_churn_pipeline.py                           1           0  1.50s           2025-09-23T18:11:34
================================================================================
[2025-09-23T18:11:56.927+0000] {manager.py:738} INFO - Searching for files in /opt/airflow/dags
[2025-09-23T18:11:57.074+0000] {manager.py:741} INFO - There are 1 files in /opt/airflow/dags
[2025-09-23T18:12:14.362+0000] {manager.py:879} INFO - 
================================================================================
DAG File Processing Stats

File Path                                     PID    Runtime      # DAGs    # Errors  Last Runtime    Last Run
--------------------------------------------  -----  ---------  --------  ----------  --------------  -------------------
/opt/airflow/dags/customer_churn_pipeline.py                           1           0  1.22s           2025-09-23T18:12:05
================================================================================
[2025-09-23T18:12:44.639+0000] {manager.py:879} INFO - 
================================================================================
DAG File Processing Stats

File Path                                     PID    Runtime      # DAGs    # Errors  Last Runtime    Last Run
--------------------------------------------  -----  ---------  --------  ----------  --------------  -------------------
/opt/airflow/dags/customer_churn_pipeline.py                           1           0  1.23s           2025-09-23T18:12:36
================================================================================
[2025-09-23T18:13:14.565+0000] {manager.py:879} INFO - 
================================================================================
DAG File Processing Stats

File Path                                     PID    Runtime      # DAGs    # Errors  Last Runtime    Last Run
--------------------------------------------  -----  ---------  --------  ----------  --------------  -------------------
/opt/airflow/dags/customer_churn_pipeline.py                           1           0  1.78s           2025-09-23T18:13:08
================================================================================
[2025-09-23T18:13:45.583+0000] {manager.py:879} INFO - 
================================================================================
DAG File Processing Stats

File Path                                     PID    Runtime      # DAGs    # Errors  Last Runtime    Last Run
--------------------------------------------  -----  ---------  --------  ----------  --------------  -------------------
/opt/airflow/dags/customer_churn_pipeline.py                           1           0  1.19s           2025-09-23T18:13:40
================================================================================
[2025-09-23T18:14:16.246+0000] {manager.py:879} INFO - 
================================================================================
DAG File Processing Stats

File Path                                     PID    Runtime      # DAGs    # Errors  Last Runtime    Last Run
--------------------------------------------  -----  ---------  --------  ----------  --------------  -------------------
/opt/airflow/dags/customer_churn_pipeline.py                           1           0  1.16s           2025-09-23T18:14:12
================================================================================
[2025-09-23T18:14:46.767+0000] {manager.py:879} INFO - 
================================================================================
DAG File Processing Stats

File Path                                     PID    Runtime      # DAGs    # Errors  Last Runtime    Last Run
--------------------------------------------  -----  ---------  --------  ----------  --------------  -------------------
/opt/airflow/dags/customer_churn_pipeline.py                           1           0  1.32s           2025-09-23T18:14:43
================================================================================
[2025-09-23T18:15:17.164+0000] {manager.py:879} INFO - 
================================================================================
DAG File Processing Stats

File Path                                     PID    Runtime      # DAGs    # Errors  Last Runtime    Last Run
--------------------------------------------  -----  ---------  --------  ----------  --------------  -------------------
/opt/airflow/dags/customer_churn_pipeline.py                           1           0  1.23s           2025-09-23T18:15:15
================================================================================
[2025-09-23T18:15:47.438+0000] {manager.py:879} INFO - 
================================================================================
DAG File Processing Stats

File Path                                     PID    Runtime      # DAGs    # Errors  Last Runtime    Last Run
--------------------------------------------  -----  ---------  --------  ----------  --------------  -------------------
/opt/airflow/dags/customer_churn_pipeline.py                           1           0  1.19s           2025-09-23T18:15:46
================================================================================
[2025-09-23T18:16:17.615+0000] {manager.py:879} INFO - 
================================================================================
DAG File Processing Stats

File Path                                       PID  Runtime      # DAGs    # Errors  Last Runtime    Last Run
--------------------------------------------  -----  ---------  --------  ----------  --------------  -------------------
/opt/airflow/dags/customer_churn_pipeline.py   6579  0.86s             1           0  1.19s           2025-09-23T18:15:46
================================================================================
[2025-09-23T18:16:48.215+0000] {manager.py:879} INFO - 
================================================================================
DAG File Processing Stats

File Path                                       PID  Runtime      # DAGs    # Errors  Last Runtime    Last Run
--------------------------------------------  -----  ---------  --------  ----------  --------------  -------------------
/opt/airflow/dags/customer_churn_pipeline.py   6598  0.00s             1           0  1.30s           2025-09-23T18:16:18
================================================================================
[2025-09-23T18:16:57.548+0000] {manager.py:738} INFO - Searching for files in /opt/airflow/dags
[2025-09-23T18:16:57.696+0000] {manager.py:741} INFO - There are 1 files in /opt/airflow/dags
[2025-09-23T18:17:18.902+0000] {manager.py:879} INFO - 
================================================================================
DAG File Processing Stats

File Path                                     PID    Runtime      # DAGs    # Errors  Last Runtime    Last Run
--------------------------------------------  -----  ---------  --------  ----------  --------------  -------------------
/opt/airflow/dags/customer_churn_pipeline.py                           1           0  1.14s           2025-09-23T18:16:49
================================================================================
[2025-09-23T18:17:49.160+0000] {manager.py:879} INFO - 
================================================================================
DAG File Processing Stats

File Path                                     PID    Runtime      # DAGs    # Errors  Last Runtime    Last Run
--------------------------------------------  -----  ---------  --------  ----------  --------------  -------------------
/opt/airflow/dags/customer_churn_pipeline.py                           1           0  1.15s           2025-09-23T18:17:21
================================================================================
[2025-09-23T18:18:19.470+0000] {manager.py:879} INFO - 
================================================================================
DAG File Processing Stats

File Path                                     PID    Runtime      # DAGs    # Errors  Last Runtime    Last Run
--------------------------------------------  -----  ---------  --------  ----------  --------------  -------------------
/opt/airflow/dags/customer_churn_pipeline.py                           1           0  1.09s           2025-09-23T18:17:52
================================================================================
[2025-09-23T18:18:49.860+0000] {manager.py:879} INFO - 
================================================================================
DAG File Processing Stats

File Path                                     PID    Runtime      # DAGs    # Errors  Last Runtime    Last Run
--------------------------------------------  -----  ---------  --------  ----------  --------------  -------------------
/opt/airflow/dags/customer_churn_pipeline.py                           1           0  1.05s           2025-09-23T18:18:23
================================================================================
[2025-09-23T18:19:20.097+0000] {manager.py:879} INFO - 
================================================================================
DAG File Processing Stats

File Path                                     PID    Runtime      # DAGs    # Errors  Last Runtime    Last Run
--------------------------------------------  -----  ---------  --------  ----------  --------------  -------------------
/opt/airflow/dags/customer_churn_pipeline.py                           1           0  1.27s           2025-09-23T18:18:55
================================================================================
[2025-09-23T18:19:50.321+0000] {manager.py:879} INFO - 
================================================================================
DAG File Processing Stats

File Path                                     PID    Runtime      # DAGs    # Errors  Last Runtime    Last Run
--------------------------------------------  -----  ---------  --------  ----------  --------------  -------------------
/opt/airflow/dags/customer_churn_pipeline.py                           1           0  2.05s           2025-09-23T18:19:27
================================================================================
[2025-09-23T18:20:20.520+0000] {manager.py:879} INFO - 
================================================================================
DAG File Processing Stats

File Path                                     PID    Runtime      # DAGs    # Errors  Last Runtime    Last Run
--------------------------------------------  -----  ---------  --------  ----------  --------------  -------------------
/opt/airflow/dags/customer_churn_pipeline.py                           1           0  1.22s           2025-09-23T18:19:59
================================================================================
[2025-09-23T18:20:50.500+0000] {manager.py:879} INFO - 
================================================================================
DAG File Processing Stats

File Path                                     PID    Runtime      # DAGs    # Errors  Last Runtime    Last Run
--------------------------------------------  -----  ---------  --------  ----------  --------------  -------------------
/opt/airflow/dags/customer_churn_pipeline.py                           1           0  1.16s           2025-09-23T18:20:30
================================================================================
[2025-09-23T18:21:20.591+0000] {manager.py:879} INFO - 
================================================================================
DAG File Processing Stats

File Path                                     PID    Runtime      # DAGs    # Errors  Last Runtime    Last Run
--------------------------------------------  -----  ---------  --------  ----------  --------------  -------------------
/opt/airflow/dags/customer_churn_pipeline.py                           1           0  1.04s           2025-09-23T18:21:01
================================================================================
[2025-09-23T18:21:50.788+0000] {manager.py:879} INFO - 
================================================================================
DAG File Processing Stats

File Path                                     PID    Runtime      # DAGs    # Errors  Last Runtime    Last Run
--------------------------------------------  -----  ---------  --------  ----------  --------------  -------------------
/opt/airflow/dags/customer_churn_pipeline.py                           1           0  1.02s           2025-09-23T18:21:32
================================================================================
[2025-09-23T18:21:57.859+0000] {manager.py:738} INFO - Searching for files in /opt/airflow/dags
[2025-09-23T18:21:57.973+0000] {manager.py:741} INFO - There are 1 files in /opt/airflow/dags
[2025-09-23T18:22:21.170+0000] {manager.py:879} INFO - 
================================================================================
DAG File Processing Stats

File Path                                     PID    Runtime      # DAGs    # Errors  Last Runtime    Last Run
--------------------------------------------  -----  ---------  --------  ----------  --------------  -------------------
/opt/airflow/dags/customer_churn_pipeline.py                           1           0  1.09s           2025-09-23T18:22:04
================================================================================
[2025-09-23T18:22:51.391+0000] {manager.py:879} INFO - 
================================================================================
DAG File Processing Stats

File Path                                     PID    Runtime      # DAGs    # Errors  Last Runtime    Last Run
--------------------------------------------  -----  ---------  --------  ----------  --------------  -------------------
/opt/airflow/dags/customer_churn_pipeline.py                           1           0  0.97s           2025-09-23T18:22:35
================================================================================
[2025-09-23T18:23:21.769+0000] {manager.py:879} INFO - 
================================================================================
DAG File Processing Stats

File Path                                     PID    Runtime      # DAGs    # Errors  Last Runtime    Last Run
--------------------------------------------  -----  ---------  --------  ----------  --------------  -------------------
/opt/airflow/dags/customer_churn_pipeline.py                           1           0  1.22s           2025-09-23T18:23:06
================================================================================
[2025-09-23T18:23:52.156+0000] {manager.py:879} INFO - 
================================================================================
DAG File Processing Stats

File Path                                     PID    Runtime      # DAGs    # Errors  Last Runtime    Last Run
--------------------------------------------  -----  ---------  --------  ----------  --------------  -------------------
/opt/airflow/dags/customer_churn_pipeline.py                           1           0  1.00s           2025-09-23T18:23:37
================================================================================
[2025-09-23T18:24:22.612+0000] {manager.py:879} INFO - 
================================================================================
DAG File Processing Stats

File Path                                     PID    Runtime      # DAGs    # Errors  Last Runtime    Last Run
--------------------------------------------  -----  ---------  --------  ----------  --------------  -------------------
/opt/airflow/dags/customer_churn_pipeline.py                           1           0  1.28s           2025-09-23T18:24:09
================================================================================
[2025-09-23T18:24:53.207+0000] {manager.py:879} INFO - 
================================================================================
DAG File Processing Stats

File Path                                     PID    Runtime      # DAGs    # Errors  Last Runtime    Last Run
--------------------------------------------  -----  ---------  --------  ----------  --------------  -------------------
/opt/airflow/dags/customer_churn_pipeline.py                           1           0  1.14s           2025-09-23T18:24:41
================================================================================
[2025-09-23T18:25:23.572+0000] {manager.py:879} INFO - 
================================================================================
DAG File Processing Stats

File Path                                     PID    Runtime      # DAGs    # Errors  Last Runtime    Last Run
--------------------------------------------  -----  ---------  --------  ----------  --------------  -------------------
/opt/airflow/dags/customer_churn_pipeline.py                           1           0  1.10s           2025-09-23T18:25:12
================================================================================
[2025-09-23T18:25:53.981+0000] {manager.py:879} INFO - 
================================================================================
DAG File Processing Stats

File Path                                     PID    Runtime      # DAGs    # Errors  Last Runtime    Last Run
--------------------------------------------  -----  ---------  --------  ----------  --------------  -------------------
/opt/airflow/dags/customer_churn_pipeline.py                           1           0  1.05s           2025-09-23T18:25:43
================================================================================
[2025-09-23T18:26:24.180+0000] {manager.py:879} INFO - 
================================================================================
DAG File Processing Stats

File Path                                     PID    Runtime      # DAGs    # Errors  Last Runtime    Last Run
--------------------------------------------  -----  ---------  --------  ----------  --------------  -------------------
/opt/airflow/dags/customer_churn_pipeline.py                           1           0  0.97s           2025-09-23T18:26:15
================================================================================
[2025-09-23T18:26:54.438+0000] {manager.py:879} INFO - 
================================================================================
DAG File Processing Stats

File Path                                     PID    Runtime      # DAGs    # Errors  Last Runtime    Last Run
--------------------------------------------  -----  ---------  --------  ----------  --------------  -------------------
/opt/airflow/dags/customer_churn_pipeline.py                           1           0  1.07s           2025-09-23T18:26:46
================================================================================
[2025-09-23T18:26:58.478+0000] {manager.py:738} INFO - Searching for files in /opt/airflow/dags
[2025-09-23T18:26:58.599+0000] {manager.py:741} INFO - There are 1 files in /opt/airflow/dags
[2025-09-23T18:27:24.952+0000] {manager.py:879} INFO - 
================================================================================
DAG File Processing Stats

File Path                                     PID    Runtime      # DAGs    # Errors  Last Runtime    Last Run
--------------------------------------------  -----  ---------  --------  ----------  --------------  -------------------
/opt/airflow/dags/customer_churn_pipeline.py                           1           0  1.19s           2025-09-23T18:27:18
================================================================================
[2025-09-23T18:27:55.270+0000] {manager.py:879} INFO - 
================================================================================
DAG File Processing Stats

File Path                                     PID    Runtime      # DAGs    # Errors  Last Runtime    Last Run
--------------------------------------------  -----  ---------  --------  ----------  --------------  -------------------
/opt/airflow/dags/customer_churn_pipeline.py                           1           0  1.02s           2025-09-23T18:27:49
================================================================================
[2025-09-23T18:28:25.714+0000] {manager.py:879} INFO - 
================================================================================
DAG File Processing Stats

File Path                                     PID    Runtime      # DAGs    # Errors  Last Runtime    Last Run
--------------------------------------------  -----  ---------  --------  ----------  --------------  -------------------
/opt/airflow/dags/customer_churn_pipeline.py                           1           0  1.36s           2025-09-23T18:28:20
================================================================================
[2025-09-23T18:28:56.366+0000] {manager.py:879} INFO - 
================================================================================
DAG File Processing Stats

File Path                                     PID    Runtime      # DAGs    # Errors  Last Runtime    Last Run
--------------------------------------------  -----  ---------  --------  ----------  --------------  -------------------
/opt/airflow/dags/customer_churn_pipeline.py                           1           0  1.43s           2025-09-23T18:28:52
================================================================================
[2025-09-23T18:29:26.693+0000] {manager.py:879} INFO - 
================================================================================
DAG File Processing Stats

File Path                                     PID    Runtime      # DAGs    # Errors  Last Runtime    Last Run
--------------------------------------------  -----  ---------  --------  ----------  --------------  -------------------
/opt/airflow/dags/customer_churn_pipeline.py                           1           0  1.29s           2025-09-23T18:29:23
================================================================================
[2025-09-23T18:29:57.031+0000] {manager.py:879} INFO - 
================================================================================
DAG File Processing Stats

File Path                                     PID    Runtime      # DAGs    # Errors  Last Runtime    Last Run
--------------------------------------------  -----  ---------  --------  ----------  --------------  -------------------
/opt/airflow/dags/customer_churn_pipeline.py                           1           0  1.26s           2025-09-23T18:29:55
================================================================================
[2025-09-23T18:30:27.303+0000] {manager.py:879} INFO - 
================================================================================
DAG File Processing Stats

File Path                                     PID    Runtime      # DAGs    # Errors  Last Runtime    Last Run
--------------------------------------------  -----  ---------  --------  ----------  --------------  -------------------
/opt/airflow/dags/customer_churn_pipeline.py                           1           0  1.11s           2025-09-23T18:30:26
================================================================================
[2025-09-23T18:30:57.513+0000] {manager.py:879} INFO - 
================================================================================
DAG File Processing Stats

File Path                                       PID  Runtime      # DAGs    # Errors  Last Runtime    Last Run
--------------------------------------------  -----  ---------  --------  ----------  --------------  -------------------
/opt/airflow/dags/customer_churn_pipeline.py   7111  1.01s             1           0  1.11s           2025-09-23T18:30:26
================================================================================
[2025-09-23T18:31:28.201+0000] {manager.py:879} INFO - 
================================================================================
DAG File Processing Stats

File Path                                       PID  Runtime      # DAGs    # Errors  Last Runtime    Last Run
--------------------------------------------  -----  ---------  --------  ----------  --------------  -------------------
/opt/airflow/dags/customer_churn_pipeline.py   7130  0.01s             1           0  1.02s           2025-09-23T18:30:57
================================================================================
[2025-09-23T18:31:58.859+0000] {manager.py:738} INFO - Searching for files in /opt/airflow/dags
[2025-09-23T18:31:59.111+0000] {manager.py:741} INFO - There are 1 files in /opt/airflow/dags
[2025-09-23T18:31:59.129+0000] {manager.py:879} INFO - 
================================================================================
DAG File Processing Stats

File Path                                     PID    Runtime      # DAGs    # Errors  Last Runtime    Last Run
--------------------------------------------  -----  ---------  --------  ----------  --------------  -------------------
/opt/airflow/dags/customer_churn_pipeline.py                           1           0  1.24s           2025-09-23T18:31:29
================================================================================
[2025-09-23T18:32:29.546+0000] {manager.py:879} INFO - 
================================================================================
DAG File Processing Stats

File Path                                     PID    Runtime      # DAGs    # Errors  Last Runtime    Last Run
--------------------------------------------  -----  ---------  --------  ----------  --------------  -------------------
/opt/airflow/dags/customer_churn_pipeline.py                           1           0  1.54s           2025-09-23T18:32:01
================================================================================
[2025-09-23T18:32:59.848+0000] {manager.py:879} INFO - 
================================================================================
DAG File Processing Stats

File Path                                     PID    Runtime      # DAGs    # Errors  Last Runtime    Last Run
--------------------------------------------  -----  ---------  --------  ----------  --------------  -------------------
/opt/airflow/dags/customer_churn_pipeline.py                           1           0  1.39s           2025-09-23T18:32:33
================================================================================
[2025-09-23T18:33:29.829+0000] {manager.py:879} INFO - 
================================================================================
DAG File Processing Stats

File Path                                     PID    Runtime      # DAGs    # Errors  Last Runtime    Last Run
--------------------------------------------  -----  ---------  --------  ----------  --------------  -------------------
/opt/airflow/dags/customer_churn_pipeline.py                           1           0  1.54s           2025-09-23T18:33:05
================================================================================
[2025-09-23T18:34:00.148+0000] {manager.py:879} INFO - 
================================================================================
DAG File Processing Stats

File Path                                     PID    Runtime      # DAGs    # Errors  Last Runtime    Last Run
--------------------------------------------  -----  ---------  --------  ----------  --------------  -------------------
/opt/airflow/dags/customer_churn_pipeline.py                           1           0  1.23s           2025-09-23T18:33:37
================================================================================
[2025-09-23T18:34:30.569+0000] {manager.py:879} INFO - 
================================================================================
DAG File Processing Stats

File Path                                     PID    Runtime      # DAGs    # Errors  Last Runtime    Last Run
--------------------------------------------  -----  ---------  --------  ----------  --------------  -------------------
/opt/airflow/dags/customer_churn_pipeline.py                           1           0  1.29s           2025-09-23T18:34:08
================================================================================
[2025-09-23T18:35:01.230+0000] {manager.py:879} INFO - 
================================================================================
DAG File Processing Stats

File Path                                     PID    Runtime      # DAGs    # Errors  Last Runtime    Last Run
--------------------------------------------  -----  ---------  --------  ----------  --------------  -------------------
/opt/airflow/dags/customer_churn_pipeline.py                           1           0  1.23s           2025-09-23T18:34:39
================================================================================
[2025-09-23T18:35:31.442+0000] {manager.py:879} INFO - 
================================================================================
DAG File Processing Stats

File Path                                     PID    Runtime      # DAGs    # Errors  Last Runtime    Last Run
--------------------------------------------  -----  ---------  --------  ----------  --------------  -------------------
/opt/airflow/dags/customer_churn_pipeline.py                           1           0  1.38s           2025-09-23T18:35:11
================================================================================
[2025-09-23T18:36:02.102+0000] {manager.py:879} INFO - 
================================================================================
DAG File Processing Stats

File Path                                     PID    Runtime      # DAGs    # Errors  Last Runtime    Last Run
--------------------------------------------  -----  ---------  --------  ----------  --------------  -------------------
/opt/airflow/dags/customer_churn_pipeline.py                           1           0  1.14s           2025-09-23T18:35:42
================================================================================
[2025-09-23T18:36:32.041+0000] {manager.py:879} INFO - 
================================================================================
DAG File Processing Stats

File Path                                     PID    Runtime      # DAGs    # Errors  Last Runtime    Last Run
--------------------------------------------  -----  ---------  --------  ----------  --------------  -------------------
/opt/airflow/dags/customer_churn_pipeline.py                           1           0  1.41s           2025-09-23T18:36:14
================================================================================
[2025-09-23T18:36:59.269+0000] {manager.py:738} INFO - Searching for files in /opt/airflow/dags
[2025-09-23T18:36:59.370+0000] {manager.py:741} INFO - There are 1 files in /opt/airflow/dags
[2025-09-23T18:37:02.449+0000] {manager.py:879} INFO - 
================================================================================
DAG File Processing Stats

File Path                                     PID    Runtime      # DAGs    # Errors  Last Runtime    Last Run
--------------------------------------------  -----  ---------  --------  ----------  --------------  -------------------
/opt/airflow/dags/customer_churn_pipeline.py                           1           0  1.27s           2025-09-23T18:36:46
================================================================================
[2025-09-23T18:37:32.782+0000] {manager.py:879} INFO - 
================================================================================
DAG File Processing Stats

File Path                                     PID    Runtime      # DAGs    # Errors  Last Runtime    Last Run
--------------------------------------------  -----  ---------  --------  ----------  --------------  -------------------
/opt/airflow/dags/customer_churn_pipeline.py                           1           0  1.00s           2025-09-23T18:37:17
================================================================================
[2025-09-23T18:38:03.086+0000] {manager.py:879} INFO - 
================================================================================
DAG File Processing Stats

File Path                                     PID    Runtime      # DAGs    # Errors  Last Runtime    Last Run
--------------------------------------------  -----  ---------  --------  ----------  --------------  -------------------
/opt/airflow/dags/customer_churn_pipeline.py                           1           0  0.96s           2025-09-23T18:37:48
================================================================================
[2025-09-23T18:38:33.413+0000] {manager.py:879} INFO - 
================================================================================
DAG File Processing Stats

File Path                                     PID    Runtime      # DAGs    # Errors  Last Runtime    Last Run
--------------------------------------------  -----  ---------  --------  ----------  --------------  -------------------
/opt/airflow/dags/customer_churn_pipeline.py                           1           0  1.12s           2025-09-23T18:38:20
================================================================================
[2025-09-23T18:39:03.599+0000] {manager.py:879} INFO - 
================================================================================
DAG File Processing Stats

File Path                                     PID    Runtime      # DAGs    # Errors  Last Runtime    Last Run
--------------------------------------------  -----  ---------  --------  ----------  --------------  -------------------
/opt/airflow/dags/customer_churn_pipeline.py                           1           0  0.99s           2025-09-23T18:38:51
================================================================================
[2025-09-23T18:39:33.851+0000] {manager.py:879} INFO - 
================================================================================
DAG File Processing Stats

File Path                                     PID    Runtime      # DAGs    # Errors  Last Runtime    Last Run
--------------------------------------------  -----  ---------  --------  ----------  --------------  -------------------
/opt/airflow/dags/customer_churn_pipeline.py                           1           0  1.09s           2025-09-23T18:39:22
================================================================================
[2025-09-23T18:40:04.386+0000] {manager.py:879} INFO - 
================================================================================
DAG File Processing Stats

File Path                                     PID    Runtime      # DAGs    # Errors  Last Runtime    Last Run
--------------------------------------------  -----  ---------  --------  ----------  --------------  -------------------
/opt/airflow/dags/customer_churn_pipeline.py                           1           0  1.21s           2025-09-23T18:39:54
================================================================================
[2025-09-23T18:40:34.609+0000] {manager.py:879} INFO - 
================================================================================
DAG File Processing Stats

File Path                                     PID    Runtime      # DAGs    # Errors  Last Runtime    Last Run
--------------------------------------------  -----  ---------  --------  ----------  --------------  -------------------
/opt/airflow/dags/customer_churn_pipeline.py                           1           0  1.18s           2025-09-23T18:40:25
================================================================================
[2025-09-23T18:41:04.872+0000] {manager.py:879} INFO - 
================================================================================
DAG File Processing Stats

File Path                                     PID    Runtime      # DAGs    # Errors  Last Runtime    Last Run
--------------------------------------------  -----  ---------  --------  ----------  --------------  -------------------
/opt/airflow/dags/customer_churn_pipeline.py                           1           0  1.10s           2025-09-23T18:40:56
================================================================================
[2025-09-23T18:41:35.104+0000] {manager.py:879} INFO - 
================================================================================
DAG File Processing Stats

File Path                                     PID    Runtime      # DAGs    # Errors  Last Runtime    Last Run
--------------------------------------------  -----  ---------  --------  ----------  --------------  -------------------
/opt/airflow/dags/customer_churn_pipeline.py                           1           0  1.08s           2025-09-23T18:41:28
================================================================================
[2025-09-23T18:41:59.366+0000] {manager.py:738} INFO - Searching for files in /opt/airflow/dags
[2025-09-23T18:41:59.516+0000] {manager.py:741} INFO - There are 1 files in /opt/airflow/dags
[2025-09-23T18:42:05.605+0000] {manager.py:879} INFO - 
================================================================================
DAG File Processing Stats

File Path                                     PID    Runtime      # DAGs    # Errors  Last Runtime    Last Run
--------------------------------------------  -----  ---------  --------  ----------  --------------  -------------------
/opt/airflow/dags/customer_churn_pipeline.py                           1           0  1.39s           2025-09-23T18:41:59
================================================================================
[2025-09-23T18:42:35.982+0000] {manager.py:879} INFO - 
================================================================================
DAG File Processing Stats

File Path                                     PID    Runtime      # DAGs    # Errors  Last Runtime    Last Run
--------------------------------------------  -----  ---------  --------  ----------  --------------  -------------------
/opt/airflow/dags/customer_churn_pipeline.py                           1           0  1.09s           2025-09-23T18:42:30
================================================================================
[2025-09-23T18:43:06.181+0000] {manager.py:879} INFO - 
================================================================================
DAG File Processing Stats

File Path                                     PID    Runtime      # DAGs    # Errors  Last Runtime    Last Run
--------------------------------------------  -----  ---------  --------  ----------  --------------  -------------------
/opt/airflow/dags/customer_churn_pipeline.py                           1           0  1.10s           2025-09-23T18:43:02
================================================================================
[2025-09-23T18:43:36.415+0000] {manager.py:879} INFO - 
================================================================================
DAG File Processing Stats

File Path                                     PID    Runtime      # DAGs    # Errors  Last Runtime    Last Run
--------------------------------------------  -----  ---------  --------  ----------  --------------  -------------------
/opt/airflow/dags/customer_churn_pipeline.py                           1           0  1.13s           2025-09-23T18:43:33
================================================================================
[2025-09-23T18:44:06.808+0000] {manager.py:879} INFO - 
================================================================================
DAG File Processing Stats

File Path                                     PID    Runtime      # DAGs    # Errors  Last Runtime    Last Run
--------------------------------------------  -----  ---------  --------  ----------  --------------  -------------------
/opt/airflow/dags/customer_churn_pipeline.py                           1           0  1.00s           2025-09-23T18:44:04
================================================================================
[2025-09-23T18:44:37.021+0000] {manager.py:879} INFO - 
================================================================================
DAG File Processing Stats

File Path                                     PID    Runtime      # DAGs    # Errors  Last Runtime    Last Run
--------------------------------------------  -----  ---------  --------  ----------  --------------  -------------------
/opt/airflow/dags/customer_churn_pipeline.py                           1           0  0.98s           2025-09-23T18:44:35
================================================================================
[2025-09-23T18:45:07.227+0000] {manager.py:879} INFO - 
================================================================================
DAG File Processing Stats

File Path                                       PID  Runtime      # DAGs    # Errors  Last Runtime    Last Run
--------------------------------------------  -----  ---------  --------  ----------  --------------  -------------------
/opt/airflow/dags/customer_churn_pipeline.py   7624  1.02s             1           0  0.98s           2025-09-23T18:44:35
================================================================================
[2025-09-23T18:45:37.297+0000] {manager.py:879} INFO - 
================================================================================
DAG File Processing Stats

File Path                                     PID    Runtime      # DAGs    # Errors  Last Runtime    Last Run
--------------------------------------------  -----  ---------  --------  ----------  --------------  -------------------
/opt/airflow/dags/customer_churn_pipeline.py                           1           0  1.24s           2025-09-23T18:45:07
================================================================================
[2025-09-23T18:46:07.755+0000] {manager.py:879} INFO - 
================================================================================
DAG File Processing Stats

File Path                                     PID    Runtime      # DAGs    # Errors  Last Runtime    Last Run
--------------------------------------------  -----  ---------  --------  ----------  --------------  -------------------
/opt/airflow/dags/customer_churn_pipeline.py                           1           0  1.11s           2025-09-23T18:45:38
================================================================================
[2025-09-23T18:46:38.102+0000] {manager.py:879} INFO - 
================================================================================
DAG File Processing Stats

File Path                                     PID    Runtime      # DAGs    # Errors  Last Runtime    Last Run
--------------------------------------------  -----  ---------  --------  ----------  --------------  -------------------
/opt/airflow/dags/customer_churn_pipeline.py                           1           0  1.14s           2025-09-23T18:46:09
================================================================================
[2025-09-23T18:46:59.503+0000] {manager.py:738} INFO - Searching for files in /opt/airflow/dags
[2025-09-23T18:46:59.620+0000] {manager.py:741} INFO - There are 1 files in /opt/airflow/dags
[2025-09-23T18:47:08.671+0000] {manager.py:879} INFO - 
================================================================================
DAG File Processing Stats

File Path                                     PID    Runtime      # DAGs    # Errors  Last Runtime    Last Run
--------------------------------------------  -----  ---------  --------  ----------  --------------  -------------------
/opt/airflow/dags/customer_churn_pipeline.py                           1           0  1.12s           2025-09-23T18:46:41
================================================================================
[2025-09-23T18:47:38.923+0000] {manager.py:879} INFO - 
================================================================================
DAG File Processing Stats

File Path                                     PID    Runtime      # DAGs    # Errors  Last Runtime    Last Run
--------------------------------------------  -----  ---------  --------  ----------  --------------  -------------------
/opt/airflow/dags/customer_churn_pipeline.py                           1           0  1.00s           2025-09-23T18:47:12
================================================================================
[2025-09-23T18:48:09.409+0000] {manager.py:879} INFO - 
================================================================================
DAG File Processing Stats

File Path                                     PID    Runtime      # DAGs    # Errors  Last Runtime    Last Run
--------------------------------------------  -----  ---------  --------  ----------  --------------  -------------------
/opt/airflow/dags/customer_churn_pipeline.py                           1           0  1.10s           2025-09-23T18:47:44
================================================================================
[2025-09-23T18:48:39.701+0000] {manager.py:879} INFO - 
================================================================================
DAG File Processing Stats

File Path                                     PID    Runtime      # DAGs    # Errors  Last Runtime    Last Run
--------------------------------------------  -----  ---------  --------  ----------  --------------  -------------------
/opt/airflow/dags/customer_churn_pipeline.py                           1           0  1.13s           2025-09-23T18:48:15
================================================================================
[2025-09-23T18:49:09.904+0000] {manager.py:879} INFO - 
================================================================================
DAG File Processing Stats

File Path                                     PID    Runtime      # DAGs    # Errors  Last Runtime    Last Run
--------------------------------------------  -----  ---------  --------  ----------  --------------  -------------------
/opt/airflow/dags/customer_churn_pipeline.py                           1           0  1.11s           2025-09-23T18:48:46
================================================================================
[2025-09-23T18:49:40.112+0000] {manager.py:879} INFO - 
================================================================================
DAG File Processing Stats

File Path                                     PID    Runtime      # DAGs    # Errors  Last Runtime    Last Run
--------------------------------------------  -----  ---------  --------  ----------  --------------  -------------------
/opt/airflow/dags/customer_churn_pipeline.py                           1           0  1.00s           2025-09-23T18:49:17
================================================================================
[2025-09-23T18:50:10.369+0000] {manager.py:879} INFO - 
================================================================================
DAG File Processing Stats

File Path                                     PID    Runtime      # DAGs    # Errors  Last Runtime    Last Run
--------------------------------------------  -----  ---------  --------  ----------  --------------  -------------------
/opt/airflow/dags/customer_churn_pipeline.py                           1           0  1.19s           2025-09-23T18:49:49
================================================================================
[2025-09-23T18:50:40.548+0000] {manager.py:879} INFO - 
================================================================================
DAG File Processing Stats

File Path                                     PID    Runtime      # DAGs    # Errors  Last Runtime    Last Run
--------------------------------------------  -----  ---------  --------  ----------  --------------  -------------------
/opt/airflow/dags/customer_churn_pipeline.py                           1           0  0.98s           2025-09-23T18:50:20
================================================================================
[2025-09-23T18:51:10.737+0000] {manager.py:879} INFO - 
================================================================================
DAG File Processing Stats

File Path                                     PID    Runtime      # DAGs    # Errors  Last Runtime    Last Run
--------------------------------------------  -----  ---------  --------  ----------  --------------  -------------------
/opt/airflow/dags/customer_churn_pipeline.py                           1           0  0.97s           2025-09-23T18:50:51
================================================================================
[2025-09-23T18:51:40.987+0000] {manager.py:879} INFO - 
================================================================================
DAG File Processing Stats

File Path                                     PID    Runtime      # DAGs    # Errors  Last Runtime    Last Run
--------------------------------------------  -----  ---------  --------  ----------  --------------  -------------------
/opt/airflow/dags/customer_churn_pipeline.py                           1           0  1.04s           2025-09-23T18:51:22
================================================================================
[2025-09-23T18:52:00.277+0000] {manager.py:738} INFO - Searching for files in /opt/airflow/dags
[2025-09-23T18:52:00.386+0000] {manager.py:741} INFO - There are 1 files in /opt/airflow/dags
[2025-09-23T18:52:11.364+0000] {manager.py:879} INFO - 
================================================================================
DAG File Processing Stats

File Path                                     PID    Runtime      # DAGs    # Errors  Last Runtime    Last Run
--------------------------------------------  -----  ---------  --------  ----------  --------------  -------------------
/opt/airflow/dags/customer_churn_pipeline.py                           1           0  1.19s           2025-09-23T18:51:54
================================================================================
[2025-09-23T18:52:41.704+0000] {manager.py:879} INFO - 
================================================================================
DAG File Processing Stats

File Path                                     PID    Runtime      # DAGs    # Errors  Last Runtime    Last Run
--------------------------------------------  -----  ---------  --------  ----------  --------------  -------------------
/opt/airflow/dags/customer_churn_pipeline.py                           1           0  1.18s           2025-09-23T18:52:25
================================================================================
[2025-09-23T18:53:12.085+0000] {manager.py:879} INFO - 
================================================================================
DAG File Processing Stats

File Path                                     PID    Runtime      # DAGs    # Errors  Last Runtime    Last Run
--------------------------------------------  -----  ---------  --------  ----------  --------------  -------------------
/opt/airflow/dags/customer_churn_pipeline.py                           1           0  1.37s           2025-09-23T18:52:57
================================================================================
[2025-09-23T18:53:42.289+0000] {manager.py:879} INFO - 
================================================================================
DAG File Processing Stats

File Path                                     PID    Runtime      # DAGs    # Errors  Last Runtime    Last Run
--------------------------------------------  -----  ---------  --------  ----------  --------------  -------------------
/opt/airflow/dags/customer_churn_pipeline.py                           1           0  1.16s           2025-09-23T18:53:28
================================================================================
[2025-09-23T18:54:12.677+0000] {manager.py:879} INFO - 
================================================================================
DAG File Processing Stats

File Path                                     PID    Runtime      # DAGs    # Errors  Last Runtime    Last Run
--------------------------------------------  -----  ---------  --------  ----------  --------------  -------------------
/opt/airflow/dags/customer_churn_pipeline.py                           1           0  1.15s           2025-09-23T18:53:59
================================================================================
[2025-09-23T18:54:42.956+0000] {manager.py:879} INFO - 
================================================================================
DAG File Processing Stats

File Path                                     PID    Runtime      # DAGs    # Errors  Last Runtime    Last Run
--------------------------------------------  -----  ---------  --------  ----------  --------------  -------------------
/opt/airflow/dags/customer_churn_pipeline.py                           1           0  1.17s           2025-09-23T18:54:31
================================================================================
[2025-09-23T19:00:26.237+0000] {manager.py:738} INFO - Searching for files in /opt/airflow/dags
[2025-09-23T19:00:26.578+0000] {manager.py:741} INFO - There are 1 files in /opt/airflow/dags
[2025-09-23T19:00:26.606+0000] {manager.py:1201} ERROR - Processor for /opt/airflow/dags/customer_churn_pipeline.py with PID 7985 started at 2025-09-23T18:55:01.272966+00:00 has timed out, killing it.
[2025-09-23T23:33:39.721+0000] {manager.py:738} INFO - Searching for files in /opt/airflow/dags
[2025-09-23T23:33:39.905+0000] {manager.py:741} INFO - There are 1 files in /opt/airflow/dags
[2025-09-23T23:33:44.113+0000] {manager.py:879} INFO - 
================================================================================
DAG File Processing Stats

File Path                                     PID    Runtime      # DAGs    # Errors  Last Runtime    Last Run
--------------------------------------------  -----  ---------  --------  ----------  --------------  -------------------
/opt/airflow/dags/customer_churn_pipeline.py                           1           0  3.78s           2025-09-23T23:33:43
================================================================================
[2025-09-23T23:34:13.936+0000] {manager.py:879} INFO - 
================================================================================
DAG File Processing Stats

File Path                                       PID  Runtime      # DAGs    # Errors  Last Runtime    Last Run
--------------------------------------------  -----  ---------  --------  ----------  --------------  -------------------
/opt/airflow/dags/customer_churn_pipeline.py   8023  0.01s             1           0  3.78s           2025-09-23T23:33:43
================================================================================
[2025-09-23T23:34:44.085+0000] {manager.py:879} INFO - 
================================================================================
DAG File Processing Stats

File Path                                     PID    Runtime      # DAGs    # Errors  Last Runtime    Last Run
--------------------------------------------  -----  ---------  --------  ----------  --------------  -------------------
/opt/airflow/dags/customer_churn_pipeline.py                           1           0  1.57s           2025-09-23T23:34:15
================================================================================
[2025-09-23T23:35:14.468+0000] {manager.py:879} INFO - 
================================================================================
DAG File Processing Stats

File Path                                     PID    Runtime      # DAGs    # Errors  Last Runtime    Last Run
--------------------------------------------  -----  ---------  --------  ----------  --------------  -------------------
/opt/airflow/dags/customer_churn_pipeline.py                           1           0  1.16s           2025-09-23T23:34:47
================================================================================
[2025-09-23T23:35:44.717+0000] {manager.py:879} INFO - 
================================================================================
DAG File Processing Stats

File Path                                     PID    Runtime      # DAGs    # Errors  Last Runtime    Last Run
--------------------------------------------  -----  ---------  --------  ----------  --------------  -------------------
/opt/airflow/dags/customer_churn_pipeline.py                           1           0  1.11s           2025-09-23T23:35:18
================================================================================
[2025-09-23T23:36:14.994+0000] {manager.py:879} INFO - 
================================================================================
DAG File Processing Stats

File Path                                     PID    Runtime      # DAGs    # Errors  Last Runtime    Last Run
--------------------------------------------  -----  ---------  --------  ----------  --------------  -------------------
/opt/airflow/dags/customer_churn_pipeline.py                           1           0  1.37s           2025-09-23T23:35:50
================================================================================
[2025-09-23T23:36:45.433+0000] {manager.py:879} INFO - 
================================================================================
DAG File Processing Stats

File Path                                     PID    Runtime      # DAGs    # Errors  Last Runtime    Last Run
--------------------------------------------  -----  ---------  --------  ----------  --------------  -------------------
/opt/airflow/dags/customer_churn_pipeline.py                           1           0  1.02s           2025-09-23T23:36:21
================================================================================
[2025-09-23T23:37:15.772+0000] {manager.py:879} INFO - 
================================================================================
DAG File Processing Stats

File Path                                     PID    Runtime      # DAGs    # Errors  Last Runtime    Last Run
--------------------------------------------  -----  ---------  --------  ----------  --------------  -------------------
/opt/airflow/dags/customer_churn_pipeline.py                           1           0  1.17s           2025-09-23T23:36:52
================================================================================
[2025-09-23T23:37:46.222+0000] {manager.py:879} INFO - 
================================================================================
DAG File Processing Stats

File Path                                     PID    Runtime      # DAGs    # Errors  Last Runtime    Last Run
--------------------------------------------  -----  ---------  --------  ----------  --------------  -------------------
/opt/airflow/dags/customer_churn_pipeline.py                           1           0  1.07s           2025-09-23T23:37:23
================================================================================
[2025-09-23T23:38:16.458+0000] {manager.py:879} INFO - 
================================================================================
DAG File Processing Stats

File Path                                     PID    Runtime      # DAGs    # Errors  Last Runtime    Last Run
--------------------------------------------  -----  ---------  --------  ----------  --------------  -------------------
/opt/airflow/dags/customer_churn_pipeline.py                           1           0  1.01s           2025-09-23T23:37:55
================================================================================
[2025-09-23T23:38:40.571+0000] {manager.py:738} INFO - Searching for files in /opt/airflow/dags
[2025-09-23T23:38:40.759+0000] {manager.py:741} INFO - There are 1 files in /opt/airflow/dags
[2025-09-23T23:38:46.823+0000] {manager.py:879} INFO - 
================================================================================
DAG File Processing Stats

File Path                                     PID    Runtime      # DAGs    # Errors  Last Runtime    Last Run
--------------------------------------------  -----  ---------  --------  ----------  --------------  -------------------
/opt/airflow/dags/customer_churn_pipeline.py                           1           0  1.07s           2025-09-23T23:38:26
================================================================================
[2025-09-23T23:39:17.016+0000] {manager.py:879} INFO - 
================================================================================
DAG File Processing Stats

File Path                                     PID    Runtime      # DAGs    # Errors  Last Runtime    Last Run
--------------------------------------------  -----  ---------  --------  ----------  --------------  -------------------
/opt/airflow/dags/customer_churn_pipeline.py                           1           0  1.65s           2025-09-23T23:38:58
================================================================================
[2025-09-23T23:39:47.417+0000] {manager.py:879} INFO - 
================================================================================
DAG File Processing Stats

File Path                                     PID    Runtime      # DAGs    # Errors  Last Runtime    Last Run
--------------------------------------------  -----  ---------  --------  ----------  --------------  -------------------
/opt/airflow/dags/customer_churn_pipeline.py                           1           0  1.00s           2025-09-23T23:39:30
================================================================================
[2025-09-23T23:40:18.175+0000] {manager.py:879} INFO - 
================================================================================
DAG File Processing Stats

File Path                                     PID    Runtime      # DAGs    # Errors  Last Runtime    Last Run
--------------------------------------------  -----  ---------  --------  ----------  --------------  -------------------
/opt/airflow/dags/customer_churn_pipeline.py                           1           0  1.03s           2025-09-23T23:40:01
================================================================================
[2025-09-23T23:40:48.553+0000] {manager.py:879} INFO - 
================================================================================
DAG File Processing Stats

File Path                                     PID    Runtime      # DAGs    # Errors  Last Runtime    Last Run
--------------------------------------------  -----  ---------  --------  ----------  --------------  -------------------
/opt/airflow/dags/customer_churn_pipeline.py                           1           0  2.03s           2025-09-23T23:40:34
================================================================================
[2025-09-23T23:41:19.062+0000] {manager.py:879} INFO - 
================================================================================
DAG File Processing Stats

File Path                                     PID    Runtime      # DAGs    # Errors  Last Runtime    Last Run
--------------------------------------------  -----  ---------  --------  ----------  --------------  -------------------
/opt/airflow/dags/customer_churn_pipeline.py                           1           0  1.21s           2025-09-23T23:41:15
================================================================================
[2025-09-23T23:41:49.507+0000] {manager.py:879} INFO - 
================================================================================
DAG File Processing Stats

File Path                                     PID    Runtime      # DAGs    # Errors  Last Runtime    Last Run
--------------------------------------------  -----  ---------  --------  ----------  --------------  -------------------
/opt/airflow/dags/customer_churn_pipeline.py                           1           0  1.09s           2025-09-23T23:41:46
================================================================================
[2025-09-23T23:42:20.020+0000] {manager.py:879} INFO - 
================================================================================
DAG File Processing Stats

File Path                                     PID    Runtime      # DAGs    # Errors  Last Runtime    Last Run
--------------------------------------------  -----  ---------  --------  ----------  --------------  -------------------
/opt/airflow/dags/customer_churn_pipeline.py                           1           0  1.27s           2025-09-23T23:42:18
================================================================================
[2025-09-23T23:42:49.885+0000] {manager.py:879} INFO - 
================================================================================
DAG File Processing Stats

File Path                                       PID  Runtime      # DAGs    # Errors  Last Runtime    Last Run
--------------------------------------------  -----  ---------  --------  ----------  --------------  -------------------
/opt/airflow/dags/customer_churn_pipeline.py   8346  1.49s             1           0  1.27s           2025-09-23T23:42:18
================================================================================
[2025-09-23T23:43:20.416+0000] {manager.py:879} INFO - 
================================================================================
DAG File Processing Stats

File Path                                       PID  Runtime      # DAGs    # Errors  Last Runtime    Last Run
--------------------------------------------  -----  ---------  --------  ----------  --------------  -------------------
/opt/airflow/dags/customer_churn_pipeline.py   8365  0.01s             1           0  1.54s           2025-09-23T23:42:49
================================================================================
[2025-09-23T23:43:41.521+0000] {manager.py:738} INFO - Searching for files in /opt/airflow/dags
[2025-09-23T23:43:41.633+0000] {manager.py:741} INFO - There are 1 files in /opt/airflow/dags
[2025-09-23T23:43:50.822+0000] {manager.py:879} INFO - 
================================================================================
DAG File Processing Stats

File Path                                     PID    Runtime      # DAGs    # Errors  Last Runtime    Last Run
--------------------------------------------  -----  ---------  --------  ----------  --------------  -------------------
/opt/airflow/dags/customer_churn_pipeline.py                           1           0  1.06s           2025-09-23T23:43:21
================================================================================
[2025-09-23T23:44:21.041+0000] {manager.py:879} INFO - 
================================================================================
DAG File Processing Stats

File Path                                     PID    Runtime      # DAGs    # Errors  Last Runtime    Last Run
--------------------------------------------  -----  ---------  --------  ----------  --------------  -------------------
/opt/airflow/dags/customer_churn_pipeline.py                           1           0  1.05s           2025-09-23T23:43:52
================================================================================
[2025-09-23T23:44:50.979+0000] {manager.py:879} INFO - 
================================================================================
DAG File Processing Stats

File Path                                     PID    Runtime      # DAGs    # Errors  Last Runtime    Last Run
--------------------------------------------  -----  ---------  --------  ----------  --------------  -------------------
/opt/airflow/dags/customer_churn_pipeline.py                           1           0  0.83s           2025-09-23T23:44:23
================================================================================
[2025-09-23T23:45:20.868+0000] {manager.py:879} INFO - 
================================================================================
DAG File Processing Stats

File Path                                     PID    Runtime      # DAGs    # Errors  Last Runtime    Last Run
--------------------------------------------  -----  ---------  --------  ----------  --------------  -------------------
/opt/airflow/dags/customer_churn_pipeline.py                           1           0  0.82s           2025-09-23T23:44:54
================================================================================
[2025-09-23T23:45:50.838+0000] {manager.py:879} INFO - 
================================================================================
DAG File Processing Stats

File Path                                     PID    Runtime      # DAGs    # Errors  Last Runtime    Last Run
--------------------------------------------  -----  ---------  --------  ----------  --------------  -------------------
/opt/airflow/dags/customer_churn_pipeline.py                           1           0  0.87s           2025-09-23T23:45:25
================================================================================
[2025-09-23T23:46:20.816+0000] {manager.py:879} INFO - 
================================================================================
DAG File Processing Stats

File Path                                     PID    Runtime      # DAGs    # Errors  Last Runtime    Last Run
--------------------------------------------  -----  ---------  --------  ----------  --------------  -------------------
/opt/airflow/dags/customer_churn_pipeline.py                           1           0  0.80s           2025-09-23T23:46:00
================================================================================
[2025-09-23T23:46:50.896+0000] {manager.py:879} INFO - 
================================================================================
DAG File Processing Stats

File Path                                     PID    Runtime      # DAGs    # Errors  Last Runtime    Last Run
--------------------------------------------  -----  ---------  --------  ----------  --------------  -------------------
/opt/airflow/dags/customer_churn_pipeline.py                           1           0  0.84s           2025-09-23T23:46:31
================================================================================
[2025-09-23T23:47:20.985+0000] {manager.py:879} INFO - 
================================================================================
DAG File Processing Stats

File Path                                     PID    Runtime      # DAGs    # Errors  Last Runtime    Last Run
--------------------------------------------  -----  ---------  --------  ----------  --------------  -------------------
/opt/airflow/dags/customer_churn_pipeline.py                           1           0  0.69s           2025-09-23T23:47:01
================================================================================
[2025-09-23T23:47:50.940+0000] {manager.py:879} INFO - 
================================================================================
DAG File Processing Stats

File Path                                     PID    Runtime      # DAGs    # Errors  Last Runtime    Last Run
--------------------------------------------  -----  ---------  --------  ----------  --------------  -------------------
/opt/airflow/dags/customer_churn_pipeline.py                           1           0  0.80s           2025-09-23T23:47:32
================================================================================
[2025-09-23T23:48:20.857+0000] {manager.py:879} INFO - 
================================================================================
DAG File Processing Stats

File Path                                     PID    Runtime      # DAGs    # Errors  Last Runtime    Last Run
--------------------------------------------  -----  ---------  --------  ----------  --------------  -------------------
/opt/airflow/dags/customer_churn_pipeline.py                           1           0  0.80s           2025-09-23T23:48:03
================================================================================
[2025-09-23T23:48:41.624+0000] {manager.py:738} INFO - Searching for files in /opt/airflow/dags
[2025-09-23T23:48:41.677+0000] {manager.py:741} INFO - There are 1 files in /opt/airflow/dags
[2025-09-23T23:48:50.768+0000] {manager.py:879} INFO - 
================================================================================
DAG File Processing Stats

File Path                                     PID    Runtime      # DAGs    # Errors  Last Runtime    Last Run
--------------------------------------------  -----  ---------  --------  ----------  --------------  -------------------
/opt/airflow/dags/customer_churn_pipeline.py                           1           0  0.78s           2025-09-23T23:48:34
================================================================================
[2025-09-23T23:49:20.859+0000] {manager.py:879} INFO - 
================================================================================
DAG File Processing Stats

File Path                                     PID    Runtime      # DAGs    # Errors  Last Runtime    Last Run
--------------------------------------------  -----  ---------  --------  ----------  --------------  -------------------
/opt/airflow/dags/customer_churn_pipeline.py                           1           0  0.96s           2025-09-23T23:49:05
================================================================================
[2025-09-23T23:49:50.754+0000] {manager.py:879} INFO - 
================================================================================
DAG File Processing Stats

File Path                                     PID    Runtime      # DAGs    # Errors  Last Runtime    Last Run
--------------------------------------------  -----  ---------  --------  ----------  --------------  -------------------
/opt/airflow/dags/customer_churn_pipeline.py                           1           0  0.82s           2025-09-23T23:49:36
================================================================================
[2025-09-23T23:50:20.611+0000] {manager.py:879} INFO - 
================================================================================
DAG File Processing Stats

File Path                                     PID    Runtime      # DAGs    # Errors  Last Runtime    Last Run
--------------------------------------------  -----  ---------  --------  ----------  --------------  -------------------
/opt/airflow/dags/customer_churn_pipeline.py                           1           0  0.83s           2025-09-23T23:50:07
================================================================================
[2025-09-23T23:50:50.529+0000] {manager.py:879} INFO - 
================================================================================
DAG File Processing Stats

File Path                                     PID    Runtime      # DAGs    # Errors  Last Runtime    Last Run
--------------------------------------------  -----  ---------  --------  ----------  --------------  -------------------
/opt/airflow/dags/customer_churn_pipeline.py                           1           0  0.83s           2025-09-23T23:50:38
================================================================================
[2025-09-23T23:51:20.471+0000] {manager.py:879} INFO - 
================================================================================
DAG File Processing Stats

File Path                                     PID    Runtime      # DAGs    # Errors  Last Runtime    Last Run
--------------------------------------------  -----  ---------  --------  ----------  --------------  -------------------
/opt/airflow/dags/customer_churn_pipeline.py                           1           0  0.84s           2025-09-23T23:51:09
================================================================================
[2025-09-23T23:51:50.495+0000] {manager.py:879} INFO - 
================================================================================
DAG File Processing Stats

File Path                                     PID    Runtime      # DAGs    # Errors  Last Runtime    Last Run
--------------------------------------------  -----  ---------  --------  ----------  --------------  -------------------
/opt/airflow/dags/customer_churn_pipeline.py                           1           0  0.87s           2025-09-23T23:51:40
================================================================================
[2025-09-24T11:19:47.903+0000] {manager.py:738} INFO - Searching for files in /opt/airflow/dags
[2025-09-24T11:19:49.461+0000] {manager.py:741} INFO - There are 1 files in /opt/airflow/dags
[2025-09-24T13:03:54.614+0000] {manager.py:738} INFO - Searching for files in /opt/airflow/dags
[2025-09-24T13:03:57.038+0000] {manager.py:741} INFO - There are 1 files in /opt/airflow/dags
[2025-09-24T13:04:10.822+0000] {manager.py:879} INFO - 
================================================================================
DAG File Processing Stats

File Path                                     PID    Runtime      # DAGs    # Errors  Last Runtime    Last Run
--------------------------------------------  -----  ---------  --------  ----------  --------------  -------------------
/opt/airflow/dags/customer_churn_pipeline.py                           1           0  2.50s           2025-09-24T13:03:59
================================================================================
[2025-09-24T13:04:41.110+0000] {manager.py:879} INFO - 
================================================================================
DAG File Processing Stats

File Path                                     PID    Runtime      # DAGs    # Errors  Last Runtime    Last Run
--------------------------------------------  -----  ---------  --------  ----------  --------------  -------------------
/opt/airflow/dags/customer_churn_pipeline.py                           1           0  1.13s           2025-09-24T13:04:31
================================================================================
[2025-09-24T13:05:11.362+0000] {manager.py:879} INFO - 
================================================================================
DAG File Processing Stats

File Path                                     PID    Runtime      # DAGs    # Errors  Last Runtime    Last Run
--------------------------------------------  -----  ---------  --------  ----------  --------------  -------------------
/opt/airflow/dags/customer_churn_pipeline.py                           1           0  0.92s           2025-09-24T13:05:02
================================================================================
[2025-09-24T13:05:41.279+0000] {manager.py:879} INFO - 
================================================================================
DAG File Processing Stats

File Path                                     PID    Runtime      # DAGs    # Errors  Last Runtime    Last Run
--------------------------------------------  -----  ---------  --------  ----------  --------------  -------------------
/opt/airflow/dags/customer_churn_pipeline.py                           1           0  1.63s           2025-09-24T13:05:34
================================================================================
[2025-09-24T13:06:11.441+0000] {manager.py:879} INFO - 
================================================================================
DAG File Processing Stats

File Path                                     PID    Runtime      # DAGs    # Errors  Last Runtime    Last Run
--------------------------------------------  -----  ---------  --------  ----------  --------------  -------------------
/opt/airflow/dags/customer_churn_pipeline.py                           1           0  0.96s           2025-09-24T13:06:05
================================================================================
[2025-09-24T13:06:41.617+0000] {manager.py:879} INFO - 
================================================================================
DAG File Processing Stats

File Path                                     PID    Runtime      # DAGs    # Errors  Last Runtime    Last Run
--------------------------------------------  -----  ---------  --------  ----------  --------------  -------------------
/opt/airflow/dags/customer_churn_pipeline.py                           1           0  0.90s           2025-09-24T13:06:36
================================================================================
[2025-09-24T13:07:11.667+0000] {manager.py:879} INFO - 
================================================================================
DAG File Processing Stats

File Path                                     PID    Runtime      # DAGs    # Errors  Last Runtime    Last Run
--------------------------------------------  -----  ---------  --------  ----------  --------------  -------------------
/opt/airflow/dags/customer_churn_pipeline.py                           1           0  0.83s           2025-09-24T13:07:07
================================================================================
[2025-09-24T13:07:41.780+0000] {manager.py:879} INFO - 
================================================================================
DAG File Processing Stats

File Path                                     PID    Runtime      # DAGs    # Errors  Last Runtime    Last Run
--------------------------------------------  -----  ---------  --------  ----------  --------------  -------------------
/opt/airflow/dags/customer_churn_pipeline.py                           1           0  0.87s           2025-09-24T13:07:38
================================================================================
[2025-09-24T13:08:11.987+0000] {manager.py:879} INFO - 
================================================================================
DAG File Processing Stats

File Path                                     PID    Runtime      # DAGs    # Errors  Last Runtime    Last Run
--------------------------------------------  -----  ---------  --------  ----------  --------------  -------------------
/opt/airflow/dags/customer_churn_pipeline.py                           1           0  0.84s           2025-09-24T13:08:09
================================================================================
[2025-09-24T13:08:42.251+0000] {manager.py:879} INFO - 
================================================================================
DAG File Processing Stats

File Path                                     PID    Runtime      # DAGs    # Errors  Last Runtime    Last Run
--------------------------------------------  -----  ---------  --------  ----------  --------------  -------------------
/opt/airflow/dags/customer_churn_pipeline.py                           1           0  0.83s           2025-09-24T13:08:40
================================================================================
[2025-09-24T13:08:55.019+0000] {manager.py:738} INFO - Searching for files in /opt/airflow/dags
[2025-09-24T13:08:55.142+0000] {manager.py:741} INFO - There are 1 files in /opt/airflow/dags
[2025-09-24T13:09:12.320+0000] {manager.py:879} INFO - 
================================================================================
DAG File Processing Stats

File Path                                     PID    Runtime      # DAGs    # Errors  Last Runtime    Last Run
--------------------------------------------  -----  ---------  --------  ----------  --------------  -------------------
/opt/airflow/dags/customer_churn_pipeline.py                           1           0  0.97s           2025-09-24T13:09:12
================================================================================
[2025-09-24T13:09:42.688+0000] {manager.py:879} INFO - 
================================================================================
DAG File Processing Stats

File Path                                       PID  Runtime      # DAGs    # Errors  Last Runtime    Last Run
--------------------------------------------  -----  ---------  --------  ----------  --------------  -------------------
/opt/airflow/dags/customer_churn_pipeline.py   8935  0.00s             1           0  0.97s           2025-09-24T13:09:12
================================================================================
[2025-09-24T13:10:12.809+0000] {manager.py:879} INFO - 
================================================================================
DAG File Processing Stats

File Path                                     PID    Runtime      # DAGs    # Errors  Last Runtime    Last Run
--------------------------------------------  -----  ---------  --------  ----------  --------------  -------------------
/opt/airflow/dags/customer_churn_pipeline.py                           1           0  0.82s           2025-09-24T13:09:43
================================================================================
[2025-09-24T13:10:42.896+0000] {manager.py:879} INFO - 
================================================================================
DAG File Processing Stats

File Path                                     PID    Runtime      # DAGs    # Errors  Last Runtime    Last Run
--------------------------------------------  -----  ---------  --------  ----------  --------------  -------------------
/opt/airflow/dags/customer_churn_pipeline.py                           1           0  0.82s           2025-09-24T13:10:14
================================================================================
[2025-09-24T13:11:13.241+0000] {manager.py:879} INFO - 
================================================================================
DAG File Processing Stats

File Path                                     PID    Runtime      # DAGs    # Errors  Last Runtime    Last Run
--------------------------------------------  -----  ---------  --------  ----------  --------------  -------------------
/opt/airflow/dags/customer_churn_pipeline.py                           1           0  0.87s           2025-09-24T13:10:45
================================================================================
[2025-09-24T13:11:43.588+0000] {manager.py:879} INFO - 
================================================================================
DAG File Processing Stats

File Path                                     PID    Runtime      # DAGs    # Errors  Last Runtime    Last Run
--------------------------------------------  -----  ---------  --------  ----------  --------------  -------------------
/opt/airflow/dags/customer_churn_pipeline.py                           1           0  0.84s           2025-09-24T13:11:16
================================================================================
[2025-09-24T13:12:13.856+0000] {manager.py:879} INFO - 
================================================================================
DAG File Processing Stats

File Path                                     PID    Runtime      # DAGs    # Errors  Last Runtime    Last Run
--------------------------------------------  -----  ---------  --------  ----------  --------------  -------------------
/opt/airflow/dags/customer_churn_pipeline.py                           1           0  0.88s           2025-09-24T13:11:47
================================================================================
[2025-09-24T13:12:44.432+0000] {manager.py:879} INFO - 
================================================================================
DAG File Processing Stats

File Path                                     PID    Runtime      # DAGs    # Errors  Last Runtime    Last Run
--------------------------------------------  -----  ---------  --------  ----------  --------------  -------------------
/opt/airflow/dags/customer_churn_pipeline.py                           1           0  1.05s           2025-09-24T13:12:19
================================================================================
[2025-09-24T13:13:14.614+0000] {manager.py:879} INFO - 
================================================================================
DAG File Processing Stats

File Path                                     PID    Runtime      # DAGs    # Errors  Last Runtime    Last Run
--------------------------------------------  -----  ---------  --------  ----------  --------------  -------------------
/opt/airflow/dags/customer_churn_pipeline.py                           1           0  0.88s           2025-09-24T13:12:50
================================================================================
[2025-09-24T13:13:44.865+0000] {manager.py:879} INFO - 
================================================================================
DAG File Processing Stats

File Path                                     PID    Runtime      # DAGs    # Errors  Last Runtime    Last Run
--------------------------------------------  -----  ---------  --------  ----------  --------------  -------------------
/opt/airflow/dags/customer_churn_pipeline.py                           1           0  0.90s           2025-09-24T13:13:21
================================================================================
[2025-09-24T13:13:55.173+0000] {manager.py:738} INFO - Searching for files in /opt/airflow/dags
[2025-09-24T13:13:55.259+0000] {manager.py:741} INFO - There are 1 files in /opt/airflow/dags
[2025-09-24T13:15:28.521+0000] {manager.py:879} INFO - 
================================================================================
DAG File Processing Stats

File Path                                     PID    Runtime      # DAGs    # Errors  Last Runtime    Last Run
--------------------------------------------  -----  ---------  --------  ----------  --------------  -------------------
/opt/airflow/dags/customer_churn_pipeline.py                           1           0  0.89s           2025-09-24T13:15:12
================================================================================
[2025-09-24T13:15:58.730+0000] {manager.py:879} INFO - 
================================================================================
DAG File Processing Stats

File Path                                     PID    Runtime      # DAGs    # Errors  Last Runtime    Last Run
--------------------------------------------  -----  ---------  --------  ----------  --------------  -------------------
/opt/airflow/dags/customer_churn_pipeline.py                           1           0  0.88s           2025-09-24T13:15:43
================================================================================
[2025-09-24T13:16:29.007+0000] {manager.py:879} INFO - 
================================================================================
DAG File Processing Stats

File Path                                     PID    Runtime      # DAGs    # Errors  Last Runtime    Last Run
--------------------------------------------  -----  ---------  --------  ----------  --------------  -------------------
/opt/airflow/dags/customer_churn_pipeline.py                           1           0  0.90s           2025-09-24T13:16:14
================================================================================
[2025-09-24T13:16:59.122+0000] {manager.py:879} INFO - 
================================================================================
DAG File Processing Stats

File Path                                     PID    Runtime      # DAGs    # Errors  Last Runtime    Last Run
--------------------------------------------  -----  ---------  --------  ----------  --------------  -------------------
/opt/airflow/dags/customer_churn_pipeline.py                           1           0  0.80s           2025-09-24T13:16:46
================================================================================
[2025-09-24T13:17:29.359+0000] {manager.py:879} INFO - 
================================================================================
DAG File Processing Stats

File Path                                     PID    Runtime      # DAGs    # Errors  Last Runtime    Last Run
--------------------------------------------  -----  ---------  --------  ----------  --------------  -------------------
/opt/airflow/dags/customer_churn_pipeline.py                           1           0  0.88s           2025-09-24T13:17:17
================================================================================
[2025-09-24T13:18:02.277+0000] {manager.py:879} INFO - 
================================================================================
DAG File Processing Stats

File Path                                     PID    Runtime      # DAGs    # Errors  Last Runtime    Last Run
--------------------------------------------  -----  ---------  --------  ----------  --------------  -------------------
/opt/airflow/dags/customer_churn_pipeline.py                           1           0  0.88s           2025-09-24T13:17:48
================================================================================
[2025-09-24T18:38:26.931+0000] {manager.py:738} INFO - Searching for files in /opt/airflow/dags
[2025-09-24T22:11:25.355+0000] {manager.py:741} INFO - There are 1 files in /opt/airflow/dags
[2025-09-24T23:14:36.507+0000] {manager.py:738} INFO - Searching for files in /opt/airflow/dags
[2025-09-24T23:14:38.821+0000] {manager.py:741} INFO - There are 1 files in /opt/airflow/dags
[2025-09-27T09:57:41.447+0000] {manager.py:469} INFO - Processing files using up to 2 processes at a time 
[2025-09-27T09:57:41.450+0000] {manager.py:470} INFO - Process each file at most once every 30 seconds
[2025-09-27T09:57:41.452+0000] {manager.py:471} INFO - Checking for new files in /opt/airflow/dags every 300 seconds
[2025-09-27T09:57:41.454+0000] {manager.py:738} INFO - Searching for files in /opt/airflow/dags
[2025-09-27T09:57:42.025+0000] {manager.py:741} INFO - There are 1 files in /opt/airflow/dags
[2025-09-27T09:57:42.328+0000] {manager.py:879} INFO - 
================================================================================
DAG File Processing Stats

File Path                                       PID  Runtime      # DAGs    # Errors  Last Runtime    Last Run
--------------------------------------------  -----  ---------  --------  ----------  --------------  ----------
/opt/airflow/dags/customer_churn_pipeline.py     61  0.13s             0           0
================================================================================
[2025-09-27T09:58:12.844+0000] {manager.py:879} INFO - 
================================================================================
DAG File Processing Stats

File Path                                     PID    Runtime      # DAGs    # Errors  Last Runtime    Last Run
--------------------------------------------  -----  ---------  --------  ----------  --------------  -------------------
/opt/airflow/dags/customer_churn_pipeline.py                           1           0  5.50s           2025-09-27T09:57:47
================================================================================
[2025-09-27T09:58:43.327+0000] {manager.py:879} INFO - 
================================================================================
DAG File Processing Stats

File Path                                     PID    Runtime      # DAGs    # Errors  Last Runtime    Last Run
--------------------------------------------  -----  ---------  --------  ----------  --------------  -------------------
/opt/airflow/dags/customer_churn_pipeline.py                           1           0  1.60s           2025-09-27T09:58:19
================================================================================
[2025-09-27T09:59:13.728+0000] {manager.py:879} INFO - 
================================================================================
DAG File Processing Stats

File Path                                     PID    Runtime      # DAGs    # Errors  Last Runtime    Last Run
--------------------------------------------  -----  ---------  --------  ----------  --------------  -------------------
/opt/airflow/dags/customer_churn_pipeline.py                           1           0  1.74s           2025-09-27T09:58:51
================================================================================
[2025-09-27T09:59:44.153+0000] {manager.py:879} INFO - 
================================================================================
DAG File Processing Stats

File Path                                     PID    Runtime      # DAGs    # Errors  Last Runtime    Last Run
--------------------------------------------  -----  ---------  --------  ----------  --------------  -------------------
/opt/airflow/dags/customer_churn_pipeline.py                           1           0  1.28s           2025-09-27T09:59:23
================================================================================
[2025-09-27T10:00:14.907+0000] {manager.py:879} INFO - 
================================================================================
DAG File Processing Stats

File Path                                     PID    Runtime      # DAGs    # Errors  Last Runtime    Last Run
--------------------------------------------  -----  ---------  --------  ----------  --------------  -------------------
/opt/airflow/dags/customer_churn_pipeline.py                           1           0  1.04s           2025-09-27T09:59:54
================================================================================
[2025-09-27T10:00:45.378+0000] {manager.py:879} INFO - 
================================================================================
DAG File Processing Stats

File Path                                     PID    Runtime      # DAGs    # Errors  Last Runtime    Last Run
--------------------------------------------  -----  ---------  --------  ----------  --------------  -------------------
/opt/airflow/dags/customer_churn_pipeline.py                           1           0  1.15s           2025-09-27T10:00:26
================================================================================
[2025-09-27T10:01:16.257+0000] {manager.py:879} INFO - 
================================================================================
DAG File Processing Stats

File Path                                     PID    Runtime      # DAGs    # Errors  Last Runtime    Last Run
--------------------------------------------  -----  ---------  --------  ----------  --------------  -------------------
/opt/airflow/dags/customer_churn_pipeline.py                           1           0  1.10s           2025-09-27T10:00:57
================================================================================
[2025-09-27T10:01:46.665+0000] {manager.py:879} INFO - 
================================================================================
DAG File Processing Stats

File Path                                     PID    Runtime      # DAGs    # Errors  Last Runtime    Last Run
--------------------------------------------  -----  ---------  --------  ----------  --------------  -------------------
/opt/airflow/dags/customer_churn_pipeline.py                           1           0  1.22s           2025-09-27T10:01:29
================================================================================
[2025-09-27T10:02:17.048+0000] {manager.py:879} INFO - 
================================================================================
DAG File Processing Stats

File Path                                     PID    Runtime      # DAGs    # Errors  Last Runtime    Last Run
--------------------------------------------  -----  ---------  --------  ----------  --------------  -------------------
/opt/airflow/dags/customer_churn_pipeline.py                           1           0  1.12s           2025-09-27T10:02:00
================================================================================
[2025-09-27T10:02:41.459+0000] {manager.py:738} INFO - Searching for files in /opt/airflow/dags
[2025-09-27T10:02:41.633+0000] {manager.py:741} INFO - There are 1 files in /opt/airflow/dags
[2025-09-27T10:02:47.740+0000] {manager.py:879} INFO - 
================================================================================
DAG File Processing Stats

File Path                                     PID    Runtime      # DAGs    # Errors  Last Runtime    Last Run
--------------------------------------------  -----  ---------  --------  ----------  --------------  -------------------
/opt/airflow/dags/customer_churn_pipeline.py                           1           0  1.13s           2025-09-27T10:02:32
================================================================================
[2025-09-27T10:03:18.139+0000] {manager.py:879} INFO - 
================================================================================
DAG File Processing Stats

File Path                                     PID    Runtime      # DAGs    # Errors  Last Runtime    Last Run
--------------------------------------------  -----  ---------  --------  ----------  --------------  -------------------
/opt/airflow/dags/customer_churn_pipeline.py                           1           0  1.22s           2025-09-27T10:03:04
================================================================================
[2025-09-27T10:03:48.819+0000] {manager.py:879} INFO - 
================================================================================
DAG File Processing Stats

File Path                                     PID    Runtime      # DAGs    # Errors  Last Runtime    Last Run
--------------------------------------------  -----  ---------  --------  ----------  --------------  -------------------
/opt/airflow/dags/customer_churn_pipeline.py                           1           0  1.16s           2025-09-27T10:03:35
================================================================================
[2025-09-27T10:04:19.649+0000] {manager.py:879} INFO - 
================================================================================
DAG File Processing Stats

File Path                                     PID    Runtime      # DAGs    # Errors  Last Runtime    Last Run
--------------------------------------------  -----  ---------  --------  ----------  --------------  -------------------
/opt/airflow/dags/customer_churn_pipeline.py                           1           0  1.23s           2025-09-27T10:04:07
================================================================================
[2025-09-27T10:04:50.086+0000] {manager.py:879} INFO - 
================================================================================
DAG File Processing Stats

File Path                                     PID    Runtime      # DAGs    # Errors  Last Runtime    Last Run
--------------------------------------------  -----  ---------  --------  ----------  --------------  -------------------
/opt/airflow/dags/customer_churn_pipeline.py                           1           0  1.00s           2025-09-27T10:04:38
================================================================================
[2025-09-27T10:05:20.184+0000] {manager.py:879} INFO - 
================================================================================
DAG File Processing Stats

File Path                                     PID    Runtime      # DAGs    # Errors  Last Runtime    Last Run
--------------------------------------------  -----  ---------  --------  ----------  --------------  -------------------
/opt/airflow/dags/customer_churn_pipeline.py                           1           0  1.29s           2025-09-27T10:05:10
================================================================================
[2025-09-27T10:05:51.177+0000] {manager.py:879} INFO - 
================================================================================
DAG File Processing Stats

File Path                                     PID    Runtime      # DAGs    # Errors  Last Runtime    Last Run
--------------------------------------------  -----  ---------  --------  ----------  --------------  -------------------
/opt/airflow/dags/customer_churn_pipeline.py                           1           0  1.10s           2025-09-27T10:05:42
================================================================================
[2025-09-27T10:06:21.610+0000] {manager.py:879} INFO - 
================================================================================
DAG File Processing Stats

File Path                                     PID    Runtime      # DAGs    # Errors  Last Runtime    Last Run
--------------------------------------------  -----  ---------  --------  ----------  --------------  -------------------
/opt/airflow/dags/customer_churn_pipeline.py                           1           0  1.36s           2025-09-27T10:06:13
================================================================================
[2025-09-27T10:06:51.985+0000] {manager.py:879} INFO - 
================================================================================
DAG File Processing Stats

File Path                                     PID    Runtime      # DAGs    # Errors  Last Runtime    Last Run
--------------------------------------------  -----  ---------  --------  ----------  --------------  -------------------
/opt/airflow/dags/customer_churn_pipeline.py                           1           0  1.07s           2025-09-27T10:06:44
================================================================================
[2025-09-27T10:07:22.286+0000] {manager.py:879} INFO - 
================================================================================
DAG File Processing Stats

File Path                                     PID    Runtime      # DAGs    # Errors  Last Runtime    Last Run
--------------------------------------------  -----  ---------  --------  ----------  --------------  -------------------
/opt/airflow/dags/customer_churn_pipeline.py                           1           0  0.94s           2025-09-27T10:07:16
================================================================================
[2025-09-27T10:07:41.474+0000] {manager.py:738} INFO - Searching for files in /opt/airflow/dags
[2025-09-27T10:07:41.582+0000] {manager.py:741} INFO - There are 1 files in /opt/airflow/dags
[2025-09-27T10:07:52.842+0000] {manager.py:879} INFO - 
================================================================================
DAG File Processing Stats

File Path                                     PID    Runtime      # DAGs    # Errors  Last Runtime    Last Run
--------------------------------------------  -----  ---------  --------  ----------  --------------  -------------------
/opt/airflow/dags/customer_churn_pipeline.py                           1           0  1.15s           2025-09-27T10:07:47
================================================================================
[2025-09-27T10:08:23.196+0000] {manager.py:879} INFO - 
================================================================================
DAG File Processing Stats

File Path                                     PID    Runtime      # DAGs    # Errors  Last Runtime    Last Run
--------------------------------------------  -----  ---------  --------  ----------  --------------  -------------------
/opt/airflow/dags/customer_churn_pipeline.py                           1           0  1.07s           2025-09-27T10:08:19
================================================================================
[2025-09-27T10:08:53.625+0000] {manager.py:879} INFO - 
================================================================================
DAG File Processing Stats

File Path                                     PID    Runtime      # DAGs    # Errors  Last Runtime    Last Run
--------------------------------------------  -----  ---------  --------  ----------  --------------  -------------------
/opt/airflow/dags/customer_churn_pipeline.py                           1           0  1.06s           2025-09-27T10:08:50
================================================================================
[2025-09-27T10:09:23.969+0000] {manager.py:879} INFO - 
================================================================================
DAG File Processing Stats

File Path                                     PID    Runtime      # DAGs    # Errors  Last Runtime    Last Run
--------------------------------------------  -----  ---------  --------  ----------  --------------  -------------------
/opt/airflow/dags/customer_churn_pipeline.py                           1           0  1.08s           2025-09-27T10:09:22
================================================================================
[2025-09-27T10:09:54.593+0000] {manager.py:879} INFO - 
================================================================================
DAG File Processing Stats

File Path                                     PID    Runtime      # DAGs    # Errors  Last Runtime    Last Run
--------------------------------------------  -----  ---------  --------  ----------  --------------  -------------------
/opt/airflow/dags/customer_churn_pipeline.py                           1           0  1.11s           2025-09-27T10:09:53
================================================================================
[2025-09-27T10:10:25.345+0000] {manager.py:879} INFO - 
================================================================================
DAG File Processing Stats

File Path                                       PID  Runtime      # DAGs    # Errors  Last Runtime    Last Run
--------------------------------------------  -----  ---------  --------  ----------  --------------  -------------------
/opt/airflow/dags/customer_churn_pipeline.py    517  1.01s             1           0  1.11s           2025-09-27T10:09:53
================================================================================
[2025-09-27T10:10:55.762+0000] {manager.py:879} INFO - 
================================================================================
DAG File Processing Stats

File Path                                       PID  Runtime      # DAGs    # Errors  Last Runtime    Last Run
--------------------------------------------  -----  ---------  --------  ----------  --------------  -------------------
/opt/airflow/dags/customer_churn_pipeline.py    536  0.01s             1           0  1.11s           2025-09-27T10:10:25
================================================================================
[2025-09-27T10:11:26.145+0000] {manager.py:879} INFO - 
================================================================================
DAG File Processing Stats

File Path                                     PID    Runtime      # DAGs    # Errors  Last Runtime    Last Run
--------------------------------------------  -----  ---------  --------  ----------  --------------  -------------------
/opt/airflow/dags/customer_churn_pipeline.py                           1           0  1.21s           2025-09-27T10:10:56
================================================================================
[2025-09-27T10:11:56.364+0000] {manager.py:879} INFO - 
================================================================================
DAG File Processing Stats

File Path                                     PID    Runtime      # DAGs    # Errors  Last Runtime    Last Run
--------------------------------------------  -----  ---------  --------  ----------  --------------  -------------------
/opt/airflow/dags/customer_churn_pipeline.py                           1           0  1.78s           2025-09-27T10:11:29
================================================================================
[2025-09-27T10:12:26.780+0000] {manager.py:879} INFO - 
================================================================================
DAG File Processing Stats

File Path                                     PID    Runtime      # DAGs    # Errors  Last Runtime    Last Run
--------------------------------------------  -----  ---------  --------  ----------  --------------  -------------------
/opt/airflow/dags/customer_churn_pipeline.py                           1           0  1.08s           2025-09-27T10:12:00
================================================================================
[2025-09-27T10:12:41.551+0000] {manager.py:738} INFO - Searching for files in /opt/airflow/dags
[2025-09-27T10:12:41.650+0000] {manager.py:741} INFO - There are 1 files in /opt/airflow/dags
[2025-09-27T10:12:56.874+0000] {manager.py:879} INFO - 
================================================================================
DAG File Processing Stats

File Path                                     PID    Runtime      # DAGs    # Errors  Last Runtime    Last Run
--------------------------------------------  -----  ---------  --------  ----------  --------------  -------------------
/opt/airflow/dags/customer_churn_pipeline.py                           1           0  1.12s           2025-09-27T10:12:31
================================================================================
[2025-09-27T10:13:27.921+0000] {manager.py:879} INFO - 
================================================================================
DAG File Processing Stats

File Path                                     PID    Runtime      # DAGs    # Errors  Last Runtime    Last Run
--------------------------------------------  -----  ---------  --------  ----------  --------------  -------------------
/opt/airflow/dags/customer_churn_pipeline.py                           1           0  1.11s           2025-09-27T10:13:03
================================================================================
[2025-09-27T10:13:58.452+0000] {manager.py:879} INFO - 
================================================================================
DAG File Processing Stats

File Path                                     PID    Runtime      # DAGs    # Errors  Last Runtime    Last Run
--------------------------------------------  -----  ---------  --------  ----------  --------------  -------------------
/opt/airflow/dags/customer_churn_pipeline.py                           1           0  1.08s           2025-09-27T10:13:35
================================================================================
[2025-09-27T10:14:28.862+0000] {manager.py:879} INFO - 
================================================================================
DAG File Processing Stats

File Path                                     PID    Runtime      # DAGs    # Errors  Last Runtime    Last Run
--------------------------------------------  -----  ---------  --------  ----------  --------------  -------------------
/opt/airflow/dags/customer_churn_pipeline.py                           1           0  1.66s           2025-09-27T10:14:07
================================================================================
[2025-09-27T10:14:59.745+0000] {manager.py:879} INFO - 
================================================================================
DAG File Processing Stats

File Path                                     PID    Runtime      # DAGs    # Errors  Last Runtime    Last Run
--------------------------------------------  -----  ---------  --------  ----------  --------------  -------------------
/opt/airflow/dags/customer_churn_pipeline.py                           1           0  1.74s           2025-09-27T10:14:39
================================================================================
[2025-09-27T10:15:30.239+0000] {manager.py:879} INFO - 
================================================================================
DAG File Processing Stats

File Path                                     PID    Runtime      # DAGs    # Errors  Last Runtime    Last Run
--------------------------------------------  -----  ---------  --------  ----------  --------------  -------------------
/opt/airflow/dags/customer_churn_pipeline.py                           1           0  1.36s           2025-09-27T10:15:11
================================================================================
[2025-09-27T10:16:01.188+0000] {manager.py:879} INFO - 
================================================================================
DAG File Processing Stats

File Path                                     PID    Runtime      # DAGs    # Errors  Last Runtime    Last Run
--------------------------------------------  -----  ---------  --------  ----------  --------------  -------------------
/opt/airflow/dags/customer_churn_pipeline.py                           1           0  1.40s           2025-09-27T10:15:42
================================================================================
[2025-09-27T10:16:31.593+0000] {manager.py:879} INFO - 
================================================================================
DAG File Processing Stats

File Path                                     PID    Runtime      # DAGs    # Errors  Last Runtime    Last Run
--------------------------------------------  -----  ---------  --------  ----------  --------------  -------------------
/opt/airflow/dags/customer_churn_pipeline.py                           1           0  1.24s           2025-09-27T10:16:14
================================================================================
[2025-09-27T10:17:02.115+0000] {manager.py:879} INFO - 
================================================================================
DAG File Processing Stats

File Path                                     PID    Runtime      # DAGs    # Errors  Last Runtime    Last Run
--------------------------------------------  -----  ---------  --------  ----------  --------------  -------------------
/opt/airflow/dags/customer_churn_pipeline.py                           1           0  1.12s           2025-09-27T10:16:46
================================================================================
[2025-09-27T10:17:32.504+0000] {manager.py:879} INFO - 
================================================================================
DAG File Processing Stats

File Path                                     PID    Runtime      # DAGs    # Errors  Last Runtime    Last Run
--------------------------------------------  -----  ---------  --------  ----------  --------------  -------------------
/opt/airflow/dags/customer_churn_pipeline.py                           1           0  1.10s           2025-09-27T10:17:17
================================================================================
[2025-09-27T10:17:41.681+0000] {manager.py:738} INFO - Searching for files in /opt/airflow/dags
[2025-09-27T10:17:41.813+0000] {manager.py:741} INFO - There are 1 files in /opt/airflow/dags
[2025-09-27T10:18:03.186+0000] {manager.py:879} INFO - 
================================================================================
DAG File Processing Stats

File Path                                     PID    Runtime      # DAGs    # Errors  Last Runtime    Last Run
--------------------------------------------  -----  ---------  --------  ----------  --------------  -------------------
/opt/airflow/dags/customer_churn_pipeline.py                           1           0  1.24s           2025-09-27T10:17:49
================================================================================
[2025-09-27T10:18:33.596+0000] {manager.py:879} INFO - 
================================================================================
DAG File Processing Stats

File Path                                     PID    Runtime      # DAGs    # Errors  Last Runtime    Last Run
--------------------------------------------  -----  ---------  --------  ----------  --------------  -------------------
/opt/airflow/dags/customer_churn_pipeline.py                           1           0  1.00s           2025-09-27T10:18:20
================================================================================
[2025-09-27T10:19:04.027+0000] {manager.py:879} INFO - 
================================================================================
DAG File Processing Stats

File Path                                     PID    Runtime      # DAGs    # Errors  Last Runtime    Last Run
--------------------------------------------  -----  ---------  --------  ----------  --------------  -------------------
/opt/airflow/dags/customer_churn_pipeline.py                           1           0  1.27s           2025-09-27T10:18:52
================================================================================
[2025-09-27T10:19:34.453+0000] {manager.py:879} INFO - 
================================================================================
DAG File Processing Stats

File Path                                     PID    Runtime      # DAGs    # Errors  Last Runtime    Last Run
--------------------------------------------  -----  ---------  --------  ----------  --------------  -------------------
/opt/airflow/dags/customer_churn_pipeline.py                           1           0  1.06s           2025-09-27T10:19:23
================================================================================
[2025-09-27T10:20:04.880+0000] {manager.py:879} INFO - 
================================================================================
DAG File Processing Stats

File Path                                     PID    Runtime      # DAGs    # Errors  Last Runtime    Last Run
--------------------------------------------  -----  ---------  --------  ----------  --------------  -------------------
/opt/airflow/dags/customer_churn_pipeline.py                           1           0  1.21s           2025-09-27T10:19:54
================================================================================
[2025-09-27T10:20:35.606+0000] {manager.py:879} INFO - 
================================================================================
DAG File Processing Stats

File Path                                     PID    Runtime      # DAGs    # Errors  Last Runtime    Last Run
--------------------------------------------  -----  ---------  --------  ----------  --------------  -------------------
/opt/airflow/dags/customer_churn_pipeline.py                           1           0  1.12s           2025-09-27T10:20:26
================================================================================
[2025-09-27T10:21:06.475+0000] {manager.py:879} INFO - 
================================================================================
DAG File Processing Stats

File Path                                     PID    Runtime      # DAGs    # Errors  Last Runtime    Last Run
--------------------------------------------  -----  ---------  --------  ----------  --------------  -------------------
/opt/airflow/dags/customer_churn_pipeline.py                           1           0  2.13s           2025-09-27T10:20:59
================================================================================
[2025-09-27T10:21:36.871+0000] {manager.py:879} INFO - 
================================================================================
DAG File Processing Stats

File Path                                     PID    Runtime      # DAGs    # Errors  Last Runtime    Last Run
--------------------------------------------  -----  ---------  --------  ----------  --------------  -------------------
/opt/airflow/dags/customer_churn_pipeline.py                           1           0  1.08s           2025-09-27T10:21:30
================================================================================
[2025-09-27T10:22:07.478+0000] {manager.py:879} INFO - 
================================================================================
DAG File Processing Stats

File Path                                     PID    Runtime      # DAGs    # Errors  Last Runtime    Last Run
--------------------------------------------  -----  ---------  --------  ----------  --------------  -------------------
/opt/airflow/dags/customer_churn_pipeline.py                           1           0  1.23s           2025-09-27T10:22:02
================================================================================
[2025-09-27T10:22:38.374+0000] {manager.py:879} INFO - 
================================================================================
DAG File Processing Stats

File Path                                     PID    Runtime      # DAGs    # Errors  Last Runtime    Last Run
--------------------------------------------  -----  ---------  --------  ----------  --------------  -------------------
/opt/airflow/dags/customer_churn_pipeline.py                           1           0  1.24s           2025-09-27T10:22:34
================================================================================
[2025-09-27T10:22:42.405+0000] {manager.py:738} INFO - Searching for files in /opt/airflow/dags
[2025-09-27T10:22:42.516+0000] {manager.py:741} INFO - There are 1 files in /opt/airflow/dags
[2025-09-27T10:23:09.260+0000] {manager.py:879} INFO - 
================================================================================
DAG File Processing Stats

File Path                                     PID    Runtime      # DAGs    # Errors  Last Runtime    Last Run
--------------------------------------------  -----  ---------  --------  ----------  --------------  -------------------
/opt/airflow/dags/customer_churn_pipeline.py                           1           0  1.03s           2025-09-27T10:23:06
================================================================================
[2025-09-27T10:23:39.956+0000] {manager.py:879} INFO - 
================================================================================
DAG File Processing Stats

File Path                                     PID    Runtime      # DAGs    # Errors  Last Runtime    Last Run
--------------------------------------------  -----  ---------  --------  ----------  --------------  -------------------
/opt/airflow/dags/customer_churn_pipeline.py                           1           0  1.00s           2025-09-27T10:23:37
================================================================================
[2025-09-27T10:24:10.460+0000] {manager.py:879} INFO - 
================================================================================
DAG File Processing Stats

File Path                                     PID    Runtime      # DAGs    # Errors  Last Runtime    Last Run
--------------------------------------------  -----  ---------  --------  ----------  --------------  -------------------
/opt/airflow/dags/customer_churn_pipeline.py                           1           0  1.16s           2025-09-27T10:24:09
================================================================================
[2025-09-27T10:24:40.901+0000] {manager.py:879} INFO - 
================================================================================
DAG File Processing Stats

File Path                                     PID    Runtime      # DAGs    # Errors  Last Runtime    Last Run
--------------------------------------------  -----  ---------  --------  ----------  --------------  -------------------
/opt/airflow/dags/customer_churn_pipeline.py                           1           0  1.01s           2025-09-27T10:24:40
================================================================================
[2025-09-27T10:25:11.280+0000] {manager.py:879} INFO - 
================================================================================
DAG File Processing Stats

File Path                                       PID  Runtime      # DAGs    # Errors  Last Runtime    Last Run
--------------------------------------------  -----  ---------  --------  ----------  --------------  -------------------
/opt/airflow/dags/customer_churn_pipeline.py   1049  0.01s             1           0  1.01s           2025-09-27T10:24:40
================================================================================
[2025-09-27T10:25:41.670+0000] {manager.py:879} INFO - 
================================================================================
DAG File Processing Stats

File Path                                     PID    Runtime      # DAGs    # Errors  Last Runtime    Last Run
--------------------------------------------  -----  ---------  --------  ----------  --------------  -------------------
/opt/airflow/dags/customer_churn_pipeline.py                           1           0  1.12s           2025-09-27T10:25:12
================================================================================
[2025-09-27T10:26:12.208+0000] {manager.py:879} INFO - 
================================================================================
DAG File Processing Stats

File Path                                     PID    Runtime      # DAGs    # Errors  Last Runtime    Last Run
--------------------------------------------  -----  ---------  --------  ----------  --------------  -------------------
/opt/airflow/dags/customer_churn_pipeline.py                           1           0  1.03s           2025-09-27T10:25:43
================================================================================
[2025-09-27T10:26:42.787+0000] {manager.py:879} INFO - 
================================================================================
DAG File Processing Stats

File Path                                     PID    Runtime      # DAGs    # Errors  Last Runtime    Last Run
--------------------------------------------  -----  ---------  --------  ----------  --------------  -------------------
/opt/airflow/dags/customer_churn_pipeline.py                           1           0  1.41s           2025-09-27T10:26:15
================================================================================
[2025-09-27T10:27:13.254+0000] {manager.py:879} INFO - 
================================================================================
DAG File Processing Stats

File Path                                     PID    Runtime      # DAGs    # Errors  Last Runtime    Last Run
--------------------------------------------  -----  ---------  --------  ----------  --------------  -------------------
/opt/airflow/dags/customer_churn_pipeline.py                           1           0  1.02s           2025-09-27T10:26:46
================================================================================
[2025-09-27T10:27:42.827+0000] {manager.py:738} INFO - Searching for files in /opt/airflow/dags
[2025-09-27T10:27:42.919+0000] {manager.py:741} INFO - There are 1 files in /opt/airflow/dags
[2025-09-27T10:27:43.947+0000] {manager.py:879} INFO - 
================================================================================
DAG File Processing Stats

File Path                                     PID    Runtime      # DAGs    # Errors  Last Runtime    Last Run
--------------------------------------------  -----  ---------  --------  ----------  --------------  -------------------
/opt/airflow/dags/customer_churn_pipeline.py                           1           0  1.11s           2025-09-27T10:27:18
================================================================================
[2025-09-27T10:28:14.361+0000] {manager.py:879} INFO - 
================================================================================
DAG File Processing Stats

File Path                                     PID    Runtime      # DAGs    # Errors  Last Runtime    Last Run
--------------------------------------------  -----  ---------  --------  ----------  --------------  -------------------
/opt/airflow/dags/customer_churn_pipeline.py                           1           0  0.99s           2025-09-27T10:27:50
================================================================================
[2025-09-27T10:28:44.804+0000] {manager.py:879} INFO - 
================================================================================
DAG File Processing Stats

File Path                                     PID    Runtime      # DAGs    # Errors  Last Runtime    Last Run
--------------------------------------------  -----  ---------  --------  ----------  --------------  -------------------
/opt/airflow/dags/customer_churn_pipeline.py                           1           0  1.04s           2025-09-27T10:28:21
================================================================================
[2025-09-27T10:29:15.297+0000] {manager.py:879} INFO - 
================================================================================
DAG File Processing Stats

File Path                                     PID    Runtime      # DAGs    # Errors  Last Runtime    Last Run
--------------------------------------------  -----  ---------  --------  ----------  --------------  -------------------
/opt/airflow/dags/customer_churn_pipeline.py                           1           0  1.14s           2025-09-27T10:28:53
================================================================================
[2025-09-27T10:52:39.841+0000] {manager.py:738} INFO - Searching for files in /opt/airflow/dags
[2025-09-27T10:52:40.925+0000] {manager.py:741} INFO - There are 1 files in /opt/airflow/dags
[2025-09-27T10:52:45.106+0000] {manager.py:879} INFO - 
================================================================================
DAG File Processing Stats

File Path                                     PID    Runtime      # DAGs    # Errors  Last Runtime    Last Run
--------------------------------------------  -----  ---------  --------  ----------  --------------  -------------------
/opt/airflow/dags/customer_churn_pipeline.py                           1           0  1.22s           2025-09-27T10:52:42
================================================================================
[2025-09-27T10:53:15.516+0000] {manager.py:879} INFO - 
================================================================================
DAG File Processing Stats

File Path                                     PID    Runtime      # DAGs    # Errors  Last Runtime    Last Run
--------------------------------------------  -----  ---------  --------  ----------  --------------  -------------------
/opt/airflow/dags/customer_churn_pipeline.py                           1           0  1.15s           2025-09-27T10:53:13
================================================================================
[2025-09-27T10:53:46.140+0000] {manager.py:879} INFO - 
================================================================================
DAG File Processing Stats

File Path                                     PID    Runtime      # DAGs    # Errors  Last Runtime    Last Run
--------------------------------------------  -----  ---------  --------  ----------  --------------  -------------------
/opt/airflow/dags/customer_churn_pipeline.py                           1           0  1.37s           2025-09-27T10:53:45
================================================================================
[2025-09-27T10:54:16.585+0000] {manager.py:879} INFO - 
================================================================================
DAG File Processing Stats

File Path                                     PID    Runtime      # DAGs    # Errors  Last Runtime    Last Run
--------------------------------------------  -----  ---------  --------  ----------  --------------  -------------------
/opt/airflow/dags/customer_churn_pipeline.py                           1           0  1.10s           2025-09-27T10:54:16
================================================================================
[2025-09-27T10:54:47.079+0000] {manager.py:879} INFO - 
================================================================================
DAG File Processing Stats

File Path                                       PID  Runtime      # DAGs    # Errors  Last Runtime    Last Run
--------------------------------------------  -----  ---------  --------  ----------  --------------  -------------------
/opt/airflow/dags/customer_churn_pipeline.py   1296  0.01s             1           0  1.10s           2025-09-27T10:54:16
================================================================================
[2025-09-27T10:55:17.537+0000] {manager.py:879} INFO - 
================================================================================
DAG File Processing Stats

File Path                                     PID    Runtime      # DAGs    # Errors  Last Runtime    Last Run
--------------------------------------------  -----  ---------  --------  ----------  --------------  -------------------
/opt/airflow/dags/customer_churn_pipeline.py                           1           0  1.05s           2025-09-27T10:54:48
================================================================================
[2025-09-27T10:55:47.978+0000] {manager.py:879} INFO - 
================================================================================
DAG File Processing Stats

File Path                                     PID    Runtime      # DAGs    # Errors  Last Runtime    Last Run
--------------------------------------------  -----  ---------  --------  ----------  --------------  -------------------
/opt/airflow/dags/customer_churn_pipeline.py                           1           0  1.05s           2025-09-27T10:55:19
================================================================================
[2025-09-27T10:56:18.460+0000] {manager.py:879} INFO - 
================================================================================
DAG File Processing Stats

File Path                                     PID    Runtime      # DAGs    # Errors  Last Runtime    Last Run
--------------------------------------------  -----  ---------  --------  ----------  --------------  -------------------
/opt/airflow/dags/customer_churn_pipeline.py                           1           0  1.11s           2025-09-27T10:55:51
================================================================================
[2025-09-27T10:56:48.905+0000] {manager.py:879} INFO - 
================================================================================
DAG File Processing Stats

File Path                                     PID    Runtime      # DAGs    # Errors  Last Runtime    Last Run
--------------------------------------------  -----  ---------  --------  ----------  --------------  -------------------
/opt/airflow/dags/customer_churn_pipeline.py                           1           0  1.04s           2025-09-27T10:56:22
================================================================================
[2025-09-27T10:57:19.374+0000] {manager.py:879} INFO - 
================================================================================
DAG File Processing Stats

File Path                                     PID    Runtime      # DAGs    # Errors  Last Runtime    Last Run
--------------------------------------------  -----  ---------  --------  ----------  --------------  -------------------
/opt/airflow/dags/customer_churn_pipeline.py                           1           0  0.98s           2025-09-27T10:56:53
================================================================================
[2025-09-27T10:57:40.672+0000] {manager.py:738} INFO - Searching for files in /opt/airflow/dags
[2025-09-27T10:57:40.778+0000] {manager.py:741} INFO - There are 1 files in /opt/airflow/dags
[2025-09-27T10:57:50.054+0000] {manager.py:879} INFO - 
================================================================================
DAG File Processing Stats

File Path                                     PID    Runtime      # DAGs    # Errors  Last Runtime    Last Run
--------------------------------------------  -----  ---------  --------  ----------  --------------  -------------------
/opt/airflow/dags/customer_churn_pipeline.py                           1           0  1.03s           2025-09-27T10:57:25
================================================================================
[2025-09-27T10:58:20.484+0000] {manager.py:879} INFO - 
================================================================================
DAG File Processing Stats

File Path                                     PID    Runtime      # DAGs    # Errors  Last Runtime    Last Run
--------------------------------------------  -----  ---------  --------  ----------  --------------  -------------------
/opt/airflow/dags/customer_churn_pipeline.py                           1           0  1.30s           2025-09-27T10:57:57
================================================================================
[2025-09-27T10:58:50.898+0000] {manager.py:879} INFO - 
================================================================================
DAG File Processing Stats

File Path                                     PID    Runtime      # DAGs    # Errors  Last Runtime    Last Run
--------------------------------------------  -----  ---------  --------  ----------  --------------  -------------------
/opt/airflow/dags/customer_churn_pipeline.py                           1           0  0.94s           2025-09-27T10:58:28
================================================================================
[2025-09-27T10:59:21.395+0000] {manager.py:879} INFO - 
================================================================================
DAG File Processing Stats

File Path                                     PID    Runtime      # DAGs    # Errors  Last Runtime    Last Run
--------------------------------------------  -----  ---------  --------  ----------  --------------  -------------------
/opt/airflow/dags/customer_churn_pipeline.py                           1           0  1.12s           2025-09-27T10:59:00
================================================================================
[2025-09-27T10:59:51.898+0000] {manager.py:879} INFO - 
================================================================================
DAG File Processing Stats

File Path                                     PID    Runtime      # DAGs    # Errors  Last Runtime    Last Run
--------------------------------------------  -----  ---------  --------  ----------  --------------  -------------------
/opt/airflow/dags/customer_churn_pipeline.py                           1           0  1.14s           2025-09-27T10:59:31
================================================================================
[2025-09-27T11:00:22.399+0000] {manager.py:879} INFO - 
================================================================================
DAG File Processing Stats

File Path                                     PID    Runtime      # DAGs    # Errors  Last Runtime    Last Run
--------------------------------------------  -----  ---------  --------  ----------  --------------  -------------------
/opt/airflow/dags/customer_churn_pipeline.py                           1           0  1.11s           2025-09-27T11:00:03
================================================================================
[2025-09-27T11:00:52.962+0000] {manager.py:879} INFO - 
================================================================================
DAG File Processing Stats

File Path                                     PID    Runtime      # DAGs    # Errors  Last Runtime    Last Run
--------------------------------------------  -----  ---------  --------  ----------  --------------  -------------------
/opt/airflow/dags/customer_churn_pipeline.py                           1           0  1.31s           2025-09-27T11:00:34
================================================================================
[2025-09-27T11:01:23.723+0000] {manager.py:879} INFO - 
================================================================================
DAG File Processing Stats

File Path                                     PID    Runtime      # DAGs    # Errors  Last Runtime    Last Run
--------------------------------------------  -----  ---------  --------  ----------  --------------  -------------------
/opt/airflow/dags/customer_churn_pipeline.py                           1           0  1.33s           2025-09-27T11:01:06
================================================================================
[2025-09-27T11:01:53.848+0000] {manager.py:879} INFO - 
================================================================================
DAG File Processing Stats

File Path                                     PID    Runtime      # DAGs    # Errors  Last Runtime    Last Run
--------------------------------------------  -----  ---------  --------  ----------  --------------  -------------------
/opt/airflow/dags/customer_churn_pipeline.py                           1           0  1.45s           2025-09-27T11:01:38
================================================================================
[2025-09-27T11:07:20.568+0000] {manager.py:738} INFO - Searching for files in /opt/airflow/dags
[2025-09-27T11:07:20.837+0000] {manager.py:741} INFO - There are 1 files in /opt/airflow/dags
[2025-09-27T11:07:46.628+0000] {manager.py:879} INFO - 
================================================================================
DAG File Processing Stats

File Path                                     PID    Runtime      # DAGs    # Errors  Last Runtime    Last Run
--------------------------------------------  -----  ---------  --------  ----------  --------------  -------------------
/opt/airflow/dags/customer_churn_pipeline.py                           1           0  1.62s           2025-09-27T11:07:22
================================================================================
[2025-09-27T11:08:17.110+0000] {manager.py:879} INFO - 
================================================================================
DAG File Processing Stats

File Path                                     PID    Runtime      # DAGs    # Errors  Last Runtime    Last Run
--------------------------------------------  -----  ---------  --------  ----------  --------------  -------------------
/opt/airflow/dags/customer_churn_pipeline.py                           1           0  0.96s           2025-09-27T11:07:53
================================================================================
[2025-09-27T11:08:47.705+0000] {manager.py:879} INFO - 
================================================================================
DAG File Processing Stats

File Path                                     PID    Runtime      # DAGs    # Errors  Last Runtime    Last Run
--------------------------------------------  -----  ---------  --------  ----------  --------------  -------------------
/opt/airflow/dags/customer_churn_pipeline.py                           1           0  1.04s           2025-09-27T11:08:25
================================================================================
[2025-09-27T11:09:18.168+0000] {manager.py:879} INFO - 
================================================================================
DAG File Processing Stats

File Path                                     PID    Runtime      # DAGs    # Errors  Last Runtime    Last Run
--------------------------------------------  -----  ---------  --------  ----------  --------------  -------------------
/opt/airflow/dags/customer_churn_pipeline.py                           1           0  1.05s           2025-09-27T11:08:56
================================================================================
[2025-09-27T11:09:48.645+0000] {manager.py:879} INFO - 
================================================================================
DAG File Processing Stats

File Path                                     PID    Runtime      # DAGs    # Errors  Last Runtime    Last Run
--------------------------------------------  -----  ---------  --------  ----------  --------------  -------------------
/opt/airflow/dags/customer_churn_pipeline.py                           1           0  1.08s           2025-09-27T11:09:28
================================================================================
[2025-09-27T11:10:19.094+0000] {manager.py:879} INFO - 
================================================================================
DAG File Processing Stats

File Path                                     PID    Runtime      # DAGs    # Errors  Last Runtime    Last Run
--------------------------------------------  -----  ---------  --------  ----------  --------------  -------------------
/opt/airflow/dags/customer_churn_pipeline.py                           1           0  1.29s           2025-09-27T11:10:00
================================================================================
