[2025-09-23T00:39:24.822+0000] {processor.py:161} INFO - Started process (PID=6047) to work on /opt/airflow/dags/customer_churn_pipeline.py
[2025-09-23T00:39:24.825+0000] {processor.py:830} INFO - Processing file /opt/airflow/dags/customer_churn_pipeline.py for tasks to queue
[2025-09-23T00:39:24.830+0000] {logging_mixin.py:188} INFO - [2025-09-23T00:39:24.829+0000] {dagbag.py:538} INFO - Filling up the DagBag from /opt/airflow/dags/customer_churn_pipeline.py
[2025-09-23T00:39:26.313+0000] {processor.py:840} INFO - DAG(s) 'day7_customer_churn_pipeline' retrieved from /opt/airflow/dags/customer_churn_pipeline.py
[2025-09-23T00:39:26.355+0000] {logging_mixin.py:188} INFO - [2025-09-23T00:39:26.354+0000] {dag.py:3036} INFO - Sync 1 DAGs
[2025-09-23T00:39:26.373+0000] {logging_mixin.py:188} INFO - [2025-09-23T00:39:26.372+0000] {dag.py:3823} INFO - Setting next_dagrun for day7_customer_churn_pipeline to None, run_after=None
[2025-09-23T00:39:26.405+0000] {processor.py:183} INFO - Processing /opt/airflow/dags/customer_churn_pipeline.py took 1.588 seconds
[2025-09-23T18:02:00.534+0000] {processor.py:161} INFO - Started process (PID=6066) to work on /opt/airflow/dags/customer_churn_pipeline.py
[2025-09-23T18:02:00.552+0000] {processor.py:830} INFO - Processing file /opt/airflow/dags/customer_churn_pipeline.py for tasks to queue
[2025-09-23T18:02:00.564+0000] {logging_mixin.py:188} INFO - [2025-09-23T18:02:00.563+0000] {dagbag.py:538} INFO - Filling up the DagBag from /opt/airflow/dags/customer_churn_pipeline.py
[2025-09-23T18:02:04.595+0000] {processor.py:840} INFO - DAG(s) 'day7_customer_churn_pipeline' retrieved from /opt/airflow/dags/customer_churn_pipeline.py
[2025-09-23T18:02:04.693+0000] {logging_mixin.py:188} INFO - [2025-09-23T18:02:04.692+0000] {dag.py:3036} INFO - Sync 1 DAGs
[2025-09-23T18:02:04.789+0000] {logging_mixin.py:188} INFO - [2025-09-23T18:02:04.788+0000] {dag.py:3823} INFO - Setting next_dagrun for day7_customer_churn_pipeline to None, run_after=None
[2025-09-23T18:02:04.985+0000] {processor.py:183} INFO - Processing /opt/airflow/dags/customer_churn_pipeline.py took 4.458 seconds
[2025-09-23T18:02:35.312+0000] {processor.py:161} INFO - Started process (PID=6085) to work on /opt/airflow/dags/customer_churn_pipeline.py
[2025-09-23T18:02:35.315+0000] {processor.py:830} INFO - Processing file /opt/airflow/dags/customer_churn_pipeline.py for tasks to queue
[2025-09-23T18:02:35.318+0000] {logging_mixin.py:188} INFO - [2025-09-23T18:02:35.318+0000] {dagbag.py:538} INFO - Filling up the DagBag from /opt/airflow/dags/customer_churn_pipeline.py
[2025-09-23T18:02:36.454+0000] {processor.py:840} INFO - DAG(s) 'day7_customer_churn_pipeline' retrieved from /opt/airflow/dags/customer_churn_pipeline.py
[2025-09-23T18:02:36.484+0000] {logging_mixin.py:188} INFO - [2025-09-23T18:02:36.484+0000] {dag.py:3036} INFO - Sync 1 DAGs
[2025-09-23T18:02:36.497+0000] {logging_mixin.py:188} INFO - [2025-09-23T18:02:36.497+0000] {dag.py:3823} INFO - Setting next_dagrun for day7_customer_churn_pipeline to None, run_after=None
[2025-09-23T18:02:36.535+0000] {processor.py:183} INFO - Processing /opt/airflow/dags/customer_churn_pipeline.py took 1.227 seconds
[2025-09-23T18:03:06.694+0000] {processor.py:161} INFO - Started process (PID=6104) to work on /opt/airflow/dags/customer_churn_pipeline.py
[2025-09-23T18:03:06.696+0000] {processor.py:830} INFO - Processing file /opt/airflow/dags/customer_churn_pipeline.py for tasks to queue
[2025-09-23T18:03:06.699+0000] {logging_mixin.py:188} INFO - [2025-09-23T18:03:06.698+0000] {dagbag.py:538} INFO - Filling up the DagBag from /opt/airflow/dags/customer_churn_pipeline.py
[2025-09-23T18:03:07.559+0000] {processor.py:840} INFO - DAG(s) 'day7_customer_churn_pipeline' retrieved from /opt/airflow/dags/customer_churn_pipeline.py
[2025-09-23T18:03:07.591+0000] {logging_mixin.py:188} INFO - [2025-09-23T18:03:07.591+0000] {dag.py:3036} INFO - Sync 1 DAGs
[2025-09-23T18:03:07.605+0000] {logging_mixin.py:188} INFO - [2025-09-23T18:03:07.605+0000] {dag.py:3823} INFO - Setting next_dagrun for day7_customer_churn_pipeline to None, run_after=None
[2025-09-23T18:03:07.649+0000] {processor.py:183} INFO - Processing /opt/airflow/dags/customer_churn_pipeline.py took 0.957 seconds
[2025-09-23T18:03:38.100+0000] {processor.py:161} INFO - Started process (PID=6123) to work on /opt/airflow/dags/customer_churn_pipeline.py
[2025-09-23T18:03:38.102+0000] {processor.py:830} INFO - Processing file /opt/airflow/dags/customer_churn_pipeline.py for tasks to queue
[2025-09-23T18:03:38.106+0000] {logging_mixin.py:188} INFO - [2025-09-23T18:03:38.105+0000] {dagbag.py:538} INFO - Filling up the DagBag from /opt/airflow/dags/customer_churn_pipeline.py
[2025-09-23T18:03:39.269+0000] {processor.py:840} INFO - DAG(s) 'day7_customer_churn_pipeline' retrieved from /opt/airflow/dags/customer_churn_pipeline.py
[2025-09-23T18:03:39.302+0000] {logging_mixin.py:188} INFO - [2025-09-23T18:03:39.301+0000] {dag.py:3036} INFO - Sync 1 DAGs
[2025-09-23T18:03:39.315+0000] {logging_mixin.py:188} INFO - [2025-09-23T18:03:39.314+0000] {dag.py:3823} INFO - Setting next_dagrun for day7_customer_churn_pipeline to None, run_after=None
[2025-09-23T18:03:39.366+0000] {processor.py:183} INFO - Processing /opt/airflow/dags/customer_churn_pipeline.py took 1.271 seconds
[2025-09-23T18:04:09.842+0000] {processor.py:161} INFO - Started process (PID=6142) to work on /opt/airflow/dags/customer_churn_pipeline.py
[2025-09-23T18:04:09.850+0000] {processor.py:830} INFO - Processing file /opt/airflow/dags/customer_churn_pipeline.py for tasks to queue
[2025-09-23T18:04:09.872+0000] {logging_mixin.py:188} INFO - [2025-09-23T18:04:09.872+0000] {dagbag.py:538} INFO - Filling up the DagBag from /opt/airflow/dags/customer_churn_pipeline.py
[2025-09-23T18:04:11.072+0000] {processor.py:840} INFO - DAG(s) 'day7_customer_churn_pipeline' retrieved from /opt/airflow/dags/customer_churn_pipeline.py
[2025-09-23T18:04:11.093+0000] {logging_mixin.py:188} INFO - [2025-09-23T18:04:11.092+0000] {dag.py:3036} INFO - Sync 1 DAGs
[2025-09-23T18:04:11.105+0000] {logging_mixin.py:188} INFO - [2025-09-23T18:04:11.104+0000] {dag.py:3823} INFO - Setting next_dagrun for day7_customer_churn_pipeline to None, run_after=None
[2025-09-23T18:04:11.125+0000] {processor.py:183} INFO - Processing /opt/airflow/dags/customer_churn_pipeline.py took 1.286 seconds
[2025-09-23T18:04:41.397+0000] {processor.py:161} INFO - Started process (PID=6161) to work on /opt/airflow/dags/customer_churn_pipeline.py
[2025-09-23T18:04:41.399+0000] {processor.py:830} INFO - Processing file /opt/airflow/dags/customer_churn_pipeline.py for tasks to queue
[2025-09-23T18:04:41.402+0000] {logging_mixin.py:188} INFO - [2025-09-23T18:04:41.401+0000] {dagbag.py:538} INFO - Filling up the DagBag from /opt/airflow/dags/customer_churn_pipeline.py
[2025-09-23T18:04:42.478+0000] {processor.py:840} INFO - DAG(s) 'day7_customer_churn_pipeline' retrieved from /opt/airflow/dags/customer_churn_pipeline.py
[2025-09-23T18:04:42.499+0000] {logging_mixin.py:188} INFO - [2025-09-23T18:04:42.499+0000] {dag.py:3036} INFO - Sync 1 DAGs
[2025-09-23T18:04:42.513+0000] {logging_mixin.py:188} INFO - [2025-09-23T18:04:42.513+0000] {dag.py:3823} INFO - Setting next_dagrun for day7_customer_churn_pipeline to None, run_after=None
[2025-09-23T18:04:42.552+0000] {processor.py:183} INFO - Processing /opt/airflow/dags/customer_churn_pipeline.py took 1.160 seconds
[2025-09-23T18:05:13.317+0000] {processor.py:161} INFO - Started process (PID=6180) to work on /opt/airflow/dags/customer_churn_pipeline.py
[2025-09-23T18:05:13.326+0000] {processor.py:830} INFO - Processing file /opt/airflow/dags/customer_churn_pipeline.py for tasks to queue
[2025-09-23T18:05:13.329+0000] {logging_mixin.py:188} INFO - [2025-09-23T18:05:13.329+0000] {dagbag.py:538} INFO - Filling up the DagBag from /opt/airflow/dags/customer_churn_pipeline.py
[2025-09-23T18:05:14.292+0000] {processor.py:840} INFO - DAG(s) 'day7_customer_churn_pipeline' retrieved from /opt/airflow/dags/customer_churn_pipeline.py
[2025-09-23T18:05:14.326+0000] {logging_mixin.py:188} INFO - [2025-09-23T18:05:14.325+0000] {dag.py:3036} INFO - Sync 1 DAGs
[2025-09-23T18:05:14.351+0000] {logging_mixin.py:188} INFO - [2025-09-23T18:05:14.351+0000] {dag.py:3823} INFO - Setting next_dagrun for day7_customer_churn_pipeline to None, run_after=None
[2025-09-23T18:05:14.381+0000] {processor.py:183} INFO - Processing /opt/airflow/dags/customer_churn_pipeline.py took 1.067 seconds
[2025-09-23T18:05:44.777+0000] {processor.py:161} INFO - Started process (PID=6199) to work on /opt/airflow/dags/customer_churn_pipeline.py
[2025-09-23T18:05:44.780+0000] {processor.py:830} INFO - Processing file /opt/airflow/dags/customer_churn_pipeline.py for tasks to queue
[2025-09-23T18:05:44.783+0000] {logging_mixin.py:188} INFO - [2025-09-23T18:05:44.783+0000] {dagbag.py:538} INFO - Filling up the DagBag from /opt/airflow/dags/customer_churn_pipeline.py
[2025-09-23T18:05:45.849+0000] {processor.py:840} INFO - DAG(s) 'day7_customer_churn_pipeline' retrieved from /opt/airflow/dags/customer_churn_pipeline.py
[2025-09-23T18:05:45.874+0000] {logging_mixin.py:188} INFO - [2025-09-23T18:05:45.873+0000] {dag.py:3036} INFO - Sync 1 DAGs
[2025-09-23T18:05:45.885+0000] {logging_mixin.py:188} INFO - [2025-09-23T18:05:45.884+0000] {dag.py:3823} INFO - Setting next_dagrun for day7_customer_churn_pipeline to None, run_after=None
[2025-09-23T18:05:45.920+0000] {processor.py:183} INFO - Processing /opt/airflow/dags/customer_churn_pipeline.py took 1.148 seconds
[2025-09-23T18:06:16.217+0000] {processor.py:161} INFO - Started process (PID=6218) to work on /opt/airflow/dags/customer_churn_pipeline.py
[2025-09-23T18:06:16.219+0000] {processor.py:830} INFO - Processing file /opt/airflow/dags/customer_churn_pipeline.py for tasks to queue
[2025-09-23T18:06:16.221+0000] {logging_mixin.py:188} INFO - [2025-09-23T18:06:16.221+0000] {dagbag.py:538} INFO - Filling up the DagBag from /opt/airflow/dags/customer_churn_pipeline.py
[2025-09-23T18:06:17.196+0000] {processor.py:840} INFO - DAG(s) 'day7_customer_churn_pipeline' retrieved from /opt/airflow/dags/customer_churn_pipeline.py
[2025-09-23T18:06:17.219+0000] {logging_mixin.py:188} INFO - [2025-09-23T18:06:17.218+0000] {dag.py:3036} INFO - Sync 1 DAGs
[2025-09-23T18:06:17.231+0000] {logging_mixin.py:188} INFO - [2025-09-23T18:06:17.231+0000] {dag.py:3823} INFO - Setting next_dagrun for day7_customer_churn_pipeline to None, run_after=None
[2025-09-23T18:06:17.265+0000] {processor.py:183} INFO - Processing /opt/airflow/dags/customer_churn_pipeline.py took 1.102 seconds
[2025-09-23T18:06:47.465+0000] {processor.py:161} INFO - Started process (PID=6237) to work on /opt/airflow/dags/customer_churn_pipeline.py
[2025-09-23T18:06:47.466+0000] {processor.py:830} INFO - Processing file /opt/airflow/dags/customer_churn_pipeline.py for tasks to queue
[2025-09-23T18:06:47.469+0000] {logging_mixin.py:188} INFO - [2025-09-23T18:06:47.468+0000] {dagbag.py:538} INFO - Filling up the DagBag from /opt/airflow/dags/customer_churn_pipeline.py
[2025-09-23T18:06:48.526+0000] {processor.py:840} INFO - DAG(s) 'day7_customer_churn_pipeline' retrieved from /opt/airflow/dags/customer_churn_pipeline.py
[2025-09-23T18:06:48.547+0000] {logging_mixin.py:188} INFO - [2025-09-23T18:06:48.547+0000] {dag.py:3036} INFO - Sync 1 DAGs
[2025-09-23T18:06:48.558+0000] {logging_mixin.py:188} INFO - [2025-09-23T18:06:48.558+0000] {dag.py:3823} INFO - Setting next_dagrun for day7_customer_churn_pipeline to None, run_after=None
[2025-09-23T18:06:48.583+0000] {processor.py:183} INFO - Processing /opt/airflow/dags/customer_churn_pipeline.py took 1.121 seconds
[2025-09-23T18:07:19.211+0000] {processor.py:161} INFO - Started process (PID=6256) to work on /opt/airflow/dags/customer_churn_pipeline.py
[2025-09-23T18:07:19.246+0000] {processor.py:830} INFO - Processing file /opt/airflow/dags/customer_churn_pipeline.py for tasks to queue
[2025-09-23T18:07:19.250+0000] {logging_mixin.py:188} INFO - [2025-09-23T18:07:19.250+0000] {dagbag.py:538} INFO - Filling up the DagBag from /opt/airflow/dags/customer_churn_pipeline.py
[2025-09-23T18:07:20.091+0000] {processor.py:840} INFO - DAG(s) 'day7_customer_churn_pipeline' retrieved from /opt/airflow/dags/customer_churn_pipeline.py
[2025-09-23T18:07:20.119+0000] {logging_mixin.py:188} INFO - [2025-09-23T18:07:20.119+0000] {dag.py:3036} INFO - Sync 1 DAGs
[2025-09-23T18:07:20.131+0000] {logging_mixin.py:188} INFO - [2025-09-23T18:07:20.131+0000] {dag.py:3823} INFO - Setting next_dagrun for day7_customer_churn_pipeline to None, run_after=None
[2025-09-23T18:07:20.162+0000] {processor.py:183} INFO - Processing /opt/airflow/dags/customer_churn_pipeline.py took 0.954 seconds
[2025-09-23T18:07:50.440+0000] {processor.py:161} INFO - Started process (PID=6275) to work on /opt/airflow/dags/customer_churn_pipeline.py
[2025-09-23T18:07:50.442+0000] {processor.py:830} INFO - Processing file /opt/airflow/dags/customer_churn_pipeline.py for tasks to queue
[2025-09-23T18:07:50.445+0000] {logging_mixin.py:188} INFO - [2025-09-23T18:07:50.444+0000] {dagbag.py:538} INFO - Filling up the DagBag from /opt/airflow/dags/customer_churn_pipeline.py
[2025-09-23T18:07:51.449+0000] {processor.py:840} INFO - DAG(s) 'day7_customer_churn_pipeline' retrieved from /opt/airflow/dags/customer_churn_pipeline.py
[2025-09-23T18:07:51.475+0000] {logging_mixin.py:188} INFO - [2025-09-23T18:07:51.474+0000] {dag.py:3036} INFO - Sync 1 DAGs
[2025-09-23T18:07:51.510+0000] {logging_mixin.py:188} INFO - [2025-09-23T18:07:51.509+0000] {dag.py:3823} INFO - Setting next_dagrun for day7_customer_churn_pipeline to None, run_after=None
[2025-09-23T18:07:51.563+0000] {processor.py:183} INFO - Processing /opt/airflow/dags/customer_churn_pipeline.py took 1.127 seconds
[2025-09-23T18:08:21.880+0000] {processor.py:161} INFO - Started process (PID=6294) to work on /opt/airflow/dags/customer_churn_pipeline.py
[2025-09-23T18:08:21.881+0000] {processor.py:830} INFO - Processing file /opt/airflow/dags/customer_churn_pipeline.py for tasks to queue
[2025-09-23T18:08:21.883+0000] {logging_mixin.py:188} INFO - [2025-09-23T18:08:21.883+0000] {dagbag.py:538} INFO - Filling up the DagBag from /opt/airflow/dags/customer_churn_pipeline.py
[2025-09-23T18:08:23.046+0000] {processor.py:840} INFO - DAG(s) 'day7_customer_churn_pipeline' retrieved from /opt/airflow/dags/customer_churn_pipeline.py
[2025-09-23T18:08:23.069+0000] {logging_mixin.py:188} INFO - [2025-09-23T18:08:23.069+0000] {dag.py:3036} INFO - Sync 1 DAGs
[2025-09-23T18:08:23.079+0000] {logging_mixin.py:188} INFO - [2025-09-23T18:08:23.079+0000] {dag.py:3823} INFO - Setting next_dagrun for day7_customer_churn_pipeline to None, run_after=None
[2025-09-23T18:08:23.103+0000] {processor.py:183} INFO - Processing /opt/airflow/dags/customer_churn_pipeline.py took 1.228 seconds
[2025-09-23T18:08:53.673+0000] {processor.py:161} INFO - Started process (PID=6313) to work on /opt/airflow/dags/customer_churn_pipeline.py
[2025-09-23T18:08:53.675+0000] {processor.py:830} INFO - Processing file /opt/airflow/dags/customer_churn_pipeline.py for tasks to queue
[2025-09-23T18:08:53.678+0000] {logging_mixin.py:188} INFO - [2025-09-23T18:08:53.678+0000] {dagbag.py:538} INFO - Filling up the DagBag from /opt/airflow/dags/customer_churn_pipeline.py
[2025-09-23T18:08:54.885+0000] {processor.py:840} INFO - DAG(s) 'day7_customer_churn_pipeline' retrieved from /opt/airflow/dags/customer_churn_pipeline.py
[2025-09-23T18:08:54.909+0000] {logging_mixin.py:188} INFO - [2025-09-23T18:08:54.909+0000] {dag.py:3036} INFO - Sync 1 DAGs
[2025-09-23T18:08:54.924+0000] {logging_mixin.py:188} INFO - [2025-09-23T18:08:54.924+0000] {dag.py:3823} INFO - Setting next_dagrun for day7_customer_churn_pipeline to None, run_after=None
[2025-09-23T18:08:54.965+0000] {processor.py:183} INFO - Processing /opt/airflow/dags/customer_churn_pipeline.py took 1.298 seconds
[2025-09-23T18:09:25.935+0000] {processor.py:161} INFO - Started process (PID=6332) to work on /opt/airflow/dags/customer_churn_pipeline.py
[2025-09-23T18:09:25.938+0000] {processor.py:830} INFO - Processing file /opt/airflow/dags/customer_churn_pipeline.py for tasks to queue
[2025-09-23T18:09:25.941+0000] {logging_mixin.py:188} INFO - [2025-09-23T18:09:25.941+0000] {dagbag.py:538} INFO - Filling up the DagBag from /opt/airflow/dags/customer_churn_pipeline.py
[2025-09-23T18:09:26.951+0000] {processor.py:840} INFO - DAG(s) 'day7_customer_churn_pipeline' retrieved from /opt/airflow/dags/customer_churn_pipeline.py
[2025-09-23T18:09:26.979+0000] {logging_mixin.py:188} INFO - [2025-09-23T18:09:26.979+0000] {dag.py:3036} INFO - Sync 1 DAGs
[2025-09-23T18:09:26.994+0000] {logging_mixin.py:188} INFO - [2025-09-23T18:09:26.993+0000] {dag.py:3823} INFO - Setting next_dagrun for day7_customer_churn_pipeline to None, run_after=None
[2025-09-23T18:09:27.024+0000] {processor.py:183} INFO - Processing /opt/airflow/dags/customer_churn_pipeline.py took 1.094 seconds
[2025-09-23T18:09:57.377+0000] {processor.py:161} INFO - Started process (PID=6351) to work on /opt/airflow/dags/customer_churn_pipeline.py
[2025-09-23T18:09:57.378+0000] {processor.py:830} INFO - Processing file /opt/airflow/dags/customer_churn_pipeline.py for tasks to queue
[2025-09-23T18:09:57.381+0000] {logging_mixin.py:188} INFO - [2025-09-23T18:09:57.380+0000] {dagbag.py:538} INFO - Filling up the DagBag from /opt/airflow/dags/customer_churn_pipeline.py
[2025-09-23T18:09:58.606+0000] {processor.py:840} INFO - DAG(s) 'day7_customer_churn_pipeline' retrieved from /opt/airflow/dags/customer_churn_pipeline.py
[2025-09-23T18:09:58.632+0000] {logging_mixin.py:188} INFO - [2025-09-23T18:09:58.632+0000] {dag.py:3036} INFO - Sync 1 DAGs
[2025-09-23T18:09:58.644+0000] {logging_mixin.py:188} INFO - [2025-09-23T18:09:58.643+0000] {dag.py:3823} INFO - Setting next_dagrun for day7_customer_churn_pipeline to None, run_after=None
[2025-09-23T18:09:58.670+0000] {processor.py:183} INFO - Processing /opt/airflow/dags/customer_churn_pipeline.py took 1.297 seconds
[2025-09-23T18:10:29.200+0000] {processor.py:161} INFO - Started process (PID=6370) to work on /opt/airflow/dags/customer_churn_pipeline.py
[2025-09-23T18:10:29.202+0000] {processor.py:830} INFO - Processing file /opt/airflow/dags/customer_churn_pipeline.py for tasks to queue
[2025-09-23T18:10:29.205+0000] {logging_mixin.py:188} INFO - [2025-09-23T18:10:29.204+0000] {dagbag.py:538} INFO - Filling up the DagBag from /opt/airflow/dags/customer_churn_pipeline.py
[2025-09-23T18:10:30.422+0000] {processor.py:840} INFO - DAG(s) 'day7_customer_churn_pipeline' retrieved from /opt/airflow/dags/customer_churn_pipeline.py
[2025-09-23T18:10:30.447+0000] {logging_mixin.py:188} INFO - [2025-09-23T18:10:30.446+0000] {dag.py:3036} INFO - Sync 1 DAGs
[2025-09-23T18:10:30.458+0000] {logging_mixin.py:188} INFO - [2025-09-23T18:10:30.457+0000] {dag.py:3823} INFO - Setting next_dagrun for day7_customer_churn_pipeline to None, run_after=None
[2025-09-23T18:10:30.498+0000] {processor.py:183} INFO - Processing /opt/airflow/dags/customer_churn_pipeline.py took 1.301 seconds
[2025-09-23T18:11:01.099+0000] {processor.py:161} INFO - Started process (PID=6389) to work on /opt/airflow/dags/customer_churn_pipeline.py
[2025-09-23T18:11:01.102+0000] {processor.py:830} INFO - Processing file /opt/airflow/dags/customer_churn_pipeline.py for tasks to queue
[2025-09-23T18:11:01.107+0000] {logging_mixin.py:188} INFO - [2025-09-23T18:11:01.105+0000] {dagbag.py:538} INFO - Filling up the DagBag from /opt/airflow/dags/customer_churn_pipeline.py
[2025-09-23T18:11:02.227+0000] {processor.py:840} INFO - DAG(s) 'day7_customer_churn_pipeline' retrieved from /opt/airflow/dags/customer_churn_pipeline.py
[2025-09-23T18:11:02.258+0000] {logging_mixin.py:188} INFO - [2025-09-23T18:11:02.258+0000] {dag.py:3036} INFO - Sync 1 DAGs
[2025-09-23T18:11:02.271+0000] {logging_mixin.py:188} INFO - [2025-09-23T18:11:02.271+0000] {dag.py:3823} INFO - Setting next_dagrun for day7_customer_churn_pipeline to None, run_after=None
[2025-09-23T18:11:02.292+0000] {processor.py:183} INFO - Processing /opt/airflow/dags/customer_churn_pipeline.py took 1.196 seconds
[2025-09-23T18:11:32.622+0000] {processor.py:161} INFO - Started process (PID=6408) to work on /opt/airflow/dags/customer_churn_pipeline.py
[2025-09-23T18:11:32.624+0000] {processor.py:830} INFO - Processing file /opt/airflow/dags/customer_churn_pipeline.py for tasks to queue
[2025-09-23T18:11:32.628+0000] {logging_mixin.py:188} INFO - [2025-09-23T18:11:32.628+0000] {dagbag.py:538} INFO - Filling up the DagBag from /opt/airflow/dags/customer_churn_pipeline.py
[2025-09-23T18:11:33.759+0000] {processor.py:840} INFO - DAG(s) 'day7_customer_churn_pipeline' retrieved from /opt/airflow/dags/customer_churn_pipeline.py
[2025-09-23T18:11:33.789+0000] {logging_mixin.py:188} INFO - [2025-09-23T18:11:33.788+0000] {dag.py:3036} INFO - Sync 1 DAGs
[2025-09-23T18:11:33.860+0000] {logging_mixin.py:188} INFO - [2025-09-23T18:11:33.860+0000] {dag.py:3823} INFO - Setting next_dagrun for day7_customer_churn_pipeline to None, run_after=None
[2025-09-23T18:11:34.015+0000] {processor.py:183} INFO - Processing /opt/airflow/dags/customer_churn_pipeline.py took 1.399 seconds
[2025-09-23T18:12:04.250+0000] {processor.py:161} INFO - Started process (PID=6427) to work on /opt/airflow/dags/customer_churn_pipeline.py
[2025-09-23T18:12:04.253+0000] {processor.py:830} INFO - Processing file /opt/airflow/dags/customer_churn_pipeline.py for tasks to queue
[2025-09-23T18:12:04.256+0000] {logging_mixin.py:188} INFO - [2025-09-23T18:12:04.256+0000] {dagbag.py:538} INFO - Filling up the DagBag from /opt/airflow/dags/customer_churn_pipeline.py
[2025-09-23T18:12:05.316+0000] {processor.py:840} INFO - DAG(s) 'day7_customer_churn_pipeline' retrieved from /opt/airflow/dags/customer_churn_pipeline.py
[2025-09-23T18:12:05.343+0000] {logging_mixin.py:188} INFO - [2025-09-23T18:12:05.342+0000] {dag.py:3036} INFO - Sync 1 DAGs
[2025-09-23T18:12:05.355+0000] {logging_mixin.py:188} INFO - [2025-09-23T18:12:05.355+0000] {dag.py:3823} INFO - Setting next_dagrun for day7_customer_churn_pipeline to None, run_after=None
[2025-09-23T18:12:05.395+0000] {processor.py:183} INFO - Processing /opt/airflow/dags/customer_churn_pipeline.py took 1.151 seconds
[2025-09-23T18:12:35.530+0000] {processor.py:161} INFO - Started process (PID=6446) to work on /opt/airflow/dags/customer_churn_pipeline.py
[2025-09-23T18:12:35.532+0000] {processor.py:830} INFO - Processing file /opt/airflow/dags/customer_churn_pipeline.py for tasks to queue
[2025-09-23T18:12:35.536+0000] {logging_mixin.py:188} INFO - [2025-09-23T18:12:35.535+0000] {dagbag.py:538} INFO - Filling up the DagBag from /opt/airflow/dags/customer_churn_pipeline.py
[2025-09-23T18:12:36.622+0000] {processor.py:840} INFO - DAG(s) 'day7_customer_churn_pipeline' retrieved from /opt/airflow/dags/customer_churn_pipeline.py
[2025-09-23T18:12:36.658+0000] {logging_mixin.py:188} INFO - [2025-09-23T18:12:36.657+0000] {dag.py:3036} INFO - Sync 1 DAGs
[2025-09-23T18:12:36.670+0000] {logging_mixin.py:188} INFO - [2025-09-23T18:12:36.670+0000] {dag.py:3823} INFO - Setting next_dagrun for day7_customer_churn_pipeline to None, run_after=None
[2025-09-23T18:12:36.694+0000] {processor.py:183} INFO - Processing /opt/airflow/dags/customer_churn_pipeline.py took 1.169 seconds
[2025-09-23T18:13:07.185+0000] {processor.py:161} INFO - Started process (PID=6465) to work on /opt/airflow/dags/customer_churn_pipeline.py
[2025-09-23T18:13:07.188+0000] {processor.py:830} INFO - Processing file /opt/airflow/dags/customer_churn_pipeline.py for tasks to queue
[2025-09-23T18:13:07.192+0000] {logging_mixin.py:188} INFO - [2025-09-23T18:13:07.192+0000] {dagbag.py:538} INFO - Filling up the DagBag from /opt/airflow/dags/customer_churn_pipeline.py
[2025-09-23T18:13:08.753+0000] {processor.py:840} INFO - DAG(s) 'day7_customer_churn_pipeline' retrieved from /opt/airflow/dags/customer_churn_pipeline.py
[2025-09-23T18:13:08.783+0000] {logging_mixin.py:188} INFO - [2025-09-23T18:13:08.782+0000] {dag.py:3036} INFO - Sync 1 DAGs
[2025-09-23T18:13:08.848+0000] {logging_mixin.py:188} INFO - [2025-09-23T18:13:08.848+0000] {dag.py:3823} INFO - Setting next_dagrun for day7_customer_churn_pipeline to None, run_after=None
[2025-09-23T18:13:08.888+0000] {processor.py:183} INFO - Processing /opt/airflow/dags/customer_churn_pipeline.py took 1.711 seconds
[2025-09-23T18:13:39.206+0000] {processor.py:161} INFO - Started process (PID=6484) to work on /opt/airflow/dags/customer_churn_pipeline.py
[2025-09-23T18:13:39.208+0000] {processor.py:830} INFO - Processing file /opt/airflow/dags/customer_churn_pipeline.py for tasks to queue
[2025-09-23T18:13:39.211+0000] {logging_mixin.py:188} INFO - [2025-09-23T18:13:39.211+0000] {dagbag.py:538} INFO - Filling up the DagBag from /opt/airflow/dags/customer_churn_pipeline.py
[2025-09-23T18:13:40.259+0000] {processor.py:840} INFO - DAG(s) 'day7_customer_churn_pipeline' retrieved from /opt/airflow/dags/customer_churn_pipeline.py
[2025-09-23T18:13:40.289+0000] {logging_mixin.py:188} INFO - [2025-09-23T18:13:40.289+0000] {dag.py:3036} INFO - Sync 1 DAGs
[2025-09-23T18:13:40.305+0000] {logging_mixin.py:188} INFO - [2025-09-23T18:13:40.305+0000] {dag.py:3823} INFO - Setting next_dagrun for day7_customer_churn_pipeline to None, run_after=None
[2025-09-23T18:13:40.326+0000] {processor.py:183} INFO - Processing /opt/airflow/dags/customer_churn_pipeline.py took 1.126 seconds
[2025-09-23T18:14:11.338+0000] {processor.py:161} INFO - Started process (PID=6503) to work on /opt/airflow/dags/customer_churn_pipeline.py
[2025-09-23T18:14:11.343+0000] {processor.py:830} INFO - Processing file /opt/airflow/dags/customer_churn_pipeline.py for tasks to queue
[2025-09-23T18:14:11.349+0000] {logging_mixin.py:188} INFO - [2025-09-23T18:14:11.349+0000] {dagbag.py:538} INFO - Filling up the DagBag from /opt/airflow/dags/customer_churn_pipeline.py
[2025-09-23T18:14:12.362+0000] {processor.py:840} INFO - DAG(s) 'day7_customer_churn_pipeline' retrieved from /opt/airflow/dags/customer_churn_pipeline.py
[2025-09-23T18:14:12.387+0000] {logging_mixin.py:188} INFO - [2025-09-23T18:14:12.386+0000] {dag.py:3036} INFO - Sync 1 DAGs
[2025-09-23T18:14:12.397+0000] {logging_mixin.py:188} INFO - [2025-09-23T18:14:12.396+0000] {dag.py:3823} INFO - Setting next_dagrun for day7_customer_churn_pipeline to None, run_after=None
[2025-09-23T18:14:12.417+0000] {processor.py:183} INFO - Processing /opt/airflow/dags/customer_churn_pipeline.py took 1.082 seconds
[2025-09-23T18:14:42.668+0000] {processor.py:161} INFO - Started process (PID=6522) to work on /opt/airflow/dags/customer_churn_pipeline.py
[2025-09-23T18:14:42.671+0000] {processor.py:830} INFO - Processing file /opt/airflow/dags/customer_churn_pipeline.py for tasks to queue
[2025-09-23T18:14:42.675+0000] {logging_mixin.py:188} INFO - [2025-09-23T18:14:42.674+0000] {dagbag.py:538} INFO - Filling up the DagBag from /opt/airflow/dags/customer_churn_pipeline.py
[2025-09-23T18:14:43.833+0000] {processor.py:840} INFO - DAG(s) 'day7_customer_churn_pipeline' retrieved from /opt/airflow/dags/customer_churn_pipeline.py
[2025-09-23T18:14:43.869+0000] {logging_mixin.py:188} INFO - [2025-09-23T18:14:43.868+0000] {dag.py:3036} INFO - Sync 1 DAGs
[2025-09-23T18:14:43.886+0000] {logging_mixin.py:188} INFO - [2025-09-23T18:14:43.885+0000] {dag.py:3823} INFO - Setting next_dagrun for day7_customer_churn_pipeline to None, run_after=None
[2025-09-23T18:14:43.925+0000] {processor.py:183} INFO - Processing /opt/airflow/dags/customer_churn_pipeline.py took 1.263 seconds
[2025-09-23T18:15:14.133+0000] {processor.py:161} INFO - Started process (PID=6541) to work on /opt/airflow/dags/customer_churn_pipeline.py
[2025-09-23T18:15:14.136+0000] {processor.py:830} INFO - Processing file /opt/airflow/dags/customer_churn_pipeline.py for tasks to queue
[2025-09-23T18:15:14.139+0000] {logging_mixin.py:188} INFO - [2025-09-23T18:15:14.139+0000] {dagbag.py:538} INFO - Filling up the DagBag from /opt/airflow/dags/customer_churn_pipeline.py
[2025-09-23T18:15:15.233+0000] {processor.py:840} INFO - DAG(s) 'day7_customer_churn_pipeline' retrieved from /opt/airflow/dags/customer_churn_pipeline.py
[2025-09-23T18:15:15.264+0000] {logging_mixin.py:188} INFO - [2025-09-23T18:15:15.264+0000] {dag.py:3036} INFO - Sync 1 DAGs
[2025-09-23T18:15:15.279+0000] {logging_mixin.py:188} INFO - [2025-09-23T18:15:15.279+0000] {dag.py:3823} INFO - Setting next_dagrun for day7_customer_churn_pipeline to None, run_after=None
[2025-09-23T18:15:15.305+0000] {processor.py:183} INFO - Processing /opt/airflow/dags/customer_churn_pipeline.py took 1.178 seconds
[2025-09-23T18:15:45.521+0000] {processor.py:161} INFO - Started process (PID=6560) to work on /opt/airflow/dags/customer_churn_pipeline.py
[2025-09-23T18:15:45.523+0000] {processor.py:830} INFO - Processing file /opt/airflow/dags/customer_churn_pipeline.py for tasks to queue
[2025-09-23T18:15:45.526+0000] {logging_mixin.py:188} INFO - [2025-09-23T18:15:45.526+0000] {dagbag.py:538} INFO - Filling up the DagBag from /opt/airflow/dags/customer_churn_pipeline.py
[2025-09-23T18:15:46.498+0000] {processor.py:840} INFO - DAG(s) 'day7_customer_churn_pipeline' retrieved from /opt/airflow/dags/customer_churn_pipeline.py
[2025-09-23T18:15:46.523+0000] {logging_mixin.py:188} INFO - [2025-09-23T18:15:46.522+0000] {dag.py:3036} INFO - Sync 1 DAGs
[2025-09-23T18:15:46.537+0000] {logging_mixin.py:188} INFO - [2025-09-23T18:15:46.537+0000] {dag.py:3823} INFO - Setting next_dagrun for day7_customer_churn_pipeline to None, run_after=None
[2025-09-23T18:15:46.568+0000] {processor.py:183} INFO - Processing /opt/airflow/dags/customer_churn_pipeline.py took 1.052 seconds
[2025-09-23T18:16:16.803+0000] {processor.py:161} INFO - Started process (PID=6579) to work on /opt/airflow/dags/customer_churn_pipeline.py
[2025-09-23T18:16:16.805+0000] {processor.py:830} INFO - Processing file /opt/airflow/dags/customer_churn_pipeline.py for tasks to queue
[2025-09-23T18:16:16.809+0000] {logging_mixin.py:188} INFO - [2025-09-23T18:16:16.808+0000] {dagbag.py:538} INFO - Filling up the DagBag from /opt/airflow/dags/customer_churn_pipeline.py
[2025-09-23T18:16:17.979+0000] {processor.py:840} INFO - DAG(s) 'day7_customer_churn_pipeline' retrieved from /opt/airflow/dags/customer_churn_pipeline.py
[2025-09-23T18:16:18.001+0000] {logging_mixin.py:188} INFO - [2025-09-23T18:16:18.000+0000] {dag.py:3036} INFO - Sync 1 DAGs
[2025-09-23T18:16:18.016+0000] {logging_mixin.py:188} INFO - [2025-09-23T18:16:18.016+0000] {dag.py:3823} INFO - Setting next_dagrun for day7_customer_churn_pipeline to None, run_after=None
[2025-09-23T18:16:18.043+0000] {processor.py:183} INFO - Processing /opt/airflow/dags/customer_churn_pipeline.py took 1.245 seconds
[2025-09-23T18:16:48.270+0000] {processor.py:161} INFO - Started process (PID=6598) to work on /opt/airflow/dags/customer_churn_pipeline.py
[2025-09-23T18:16:48.272+0000] {processor.py:830} INFO - Processing file /opt/airflow/dags/customer_churn_pipeline.py for tasks to queue
[2025-09-23T18:16:48.274+0000] {logging_mixin.py:188} INFO - [2025-09-23T18:16:48.274+0000] {dagbag.py:538} INFO - Filling up the DagBag from /opt/airflow/dags/customer_churn_pipeline.py
[2025-09-23T18:16:49.267+0000] {processor.py:840} INFO - DAG(s) 'day7_customer_churn_pipeline' retrieved from /opt/airflow/dags/customer_churn_pipeline.py
[2025-09-23T18:16:49.298+0000] {logging_mixin.py:188} INFO - [2025-09-23T18:16:49.297+0000] {dag.py:3036} INFO - Sync 1 DAGs
[2025-09-23T18:16:49.308+0000] {logging_mixin.py:188} INFO - [2025-09-23T18:16:49.308+0000] {dag.py:3823} INFO - Setting next_dagrun for day7_customer_churn_pipeline to None, run_after=None
[2025-09-23T18:16:49.333+0000] {processor.py:183} INFO - Processing /opt/airflow/dags/customer_churn_pipeline.py took 1.067 seconds
[2025-09-23T18:17:19.977+0000] {processor.py:161} INFO - Started process (PID=6617) to work on /opt/airflow/dags/customer_churn_pipeline.py
[2025-09-23T18:17:19.980+0000] {processor.py:830} INFO - Processing file /opt/airflow/dags/customer_churn_pipeline.py for tasks to queue
[2025-09-23T18:17:19.984+0000] {logging_mixin.py:188} INFO - [2025-09-23T18:17:19.983+0000] {dagbag.py:538} INFO - Filling up the DagBag from /opt/airflow/dags/customer_churn_pipeline.py
[2025-09-23T18:17:20.998+0000] {processor.py:840} INFO - DAG(s) 'day7_customer_churn_pipeline' retrieved from /opt/airflow/dags/customer_churn_pipeline.py
[2025-09-23T18:17:21.023+0000] {logging_mixin.py:188} INFO - [2025-09-23T18:17:21.023+0000] {dag.py:3036} INFO - Sync 1 DAGs
[2025-09-23T18:17:21.037+0000] {logging_mixin.py:188} INFO - [2025-09-23T18:17:21.036+0000] {dag.py:3823} INFO - Setting next_dagrun for day7_customer_churn_pipeline to None, run_after=None
[2025-09-23T18:17:21.070+0000] {processor.py:183} INFO - Processing /opt/airflow/dags/customer_churn_pipeline.py took 1.099 seconds
[2025-09-23T18:17:51.244+0000] {processor.py:161} INFO - Started process (PID=6636) to work on /opt/airflow/dags/customer_churn_pipeline.py
[2025-09-23T18:17:51.246+0000] {processor.py:830} INFO - Processing file /opt/airflow/dags/customer_churn_pipeline.py for tasks to queue
[2025-09-23T18:17:51.250+0000] {logging_mixin.py:188} INFO - [2025-09-23T18:17:51.249+0000] {dagbag.py:538} INFO - Filling up the DagBag from /opt/airflow/dags/customer_churn_pipeline.py
[2025-09-23T18:17:52.201+0000] {processor.py:840} INFO - DAG(s) 'day7_customer_churn_pipeline' retrieved from /opt/airflow/dags/customer_churn_pipeline.py
[2025-09-23T18:17:52.231+0000] {logging_mixin.py:188} INFO - [2025-09-23T18:17:52.230+0000] {dag.py:3036} INFO - Sync 1 DAGs
[2025-09-23T18:17:52.246+0000] {logging_mixin.py:188} INFO - [2025-09-23T18:17:52.246+0000] {dag.py:3823} INFO - Setting next_dagrun for day7_customer_churn_pipeline to None, run_after=None
[2025-09-23T18:17:52.272+0000] {processor.py:183} INFO - Processing /opt/airflow/dags/customer_churn_pipeline.py took 1.033 seconds
[2025-09-23T18:18:22.607+0000] {processor.py:161} INFO - Started process (PID=6655) to work on /opt/airflow/dags/customer_churn_pipeline.py
[2025-09-23T18:18:22.608+0000] {processor.py:830} INFO - Processing file /opt/airflow/dags/customer_churn_pipeline.py for tasks to queue
[2025-09-23T18:18:22.611+0000] {logging_mixin.py:188} INFO - [2025-09-23T18:18:22.611+0000] {dagbag.py:538} INFO - Filling up the DagBag from /opt/airflow/dags/customer_churn_pipeline.py
[2025-09-23T18:18:23.500+0000] {processor.py:840} INFO - DAG(s) 'day7_customer_churn_pipeline' retrieved from /opt/airflow/dags/customer_churn_pipeline.py
[2025-09-23T18:18:23.523+0000] {logging_mixin.py:188} INFO - [2025-09-23T18:18:23.522+0000] {dag.py:3036} INFO - Sync 1 DAGs
[2025-09-23T18:18:23.533+0000] {logging_mixin.py:188} INFO - [2025-09-23T18:18:23.533+0000] {dag.py:3823} INFO - Setting next_dagrun for day7_customer_churn_pipeline to None, run_after=None
[2025-09-23T18:18:23.553+0000] {processor.py:183} INFO - Processing /opt/airflow/dags/customer_churn_pipeline.py took 0.951 seconds
[2025-09-23T18:18:53.944+0000] {processor.py:161} INFO - Started process (PID=6674) to work on /opt/airflow/dags/customer_churn_pipeline.py
[2025-09-23T18:18:53.950+0000] {processor.py:830} INFO - Processing file /opt/airflow/dags/customer_churn_pipeline.py for tasks to queue
[2025-09-23T18:18:53.959+0000] {logging_mixin.py:188} INFO - [2025-09-23T18:18:53.959+0000] {dagbag.py:538} INFO - Filling up the DagBag from /opt/airflow/dags/customer_churn_pipeline.py
[2025-09-23T18:18:55.069+0000] {processor.py:840} INFO - DAG(s) 'day7_customer_churn_pipeline' retrieved from /opt/airflow/dags/customer_churn_pipeline.py
[2025-09-23T18:18:55.092+0000] {logging_mixin.py:188} INFO - [2025-09-23T18:18:55.091+0000] {dag.py:3036} INFO - Sync 1 DAGs
[2025-09-23T18:18:55.104+0000] {logging_mixin.py:188} INFO - [2025-09-23T18:18:55.104+0000] {dag.py:3823} INFO - Setting next_dagrun for day7_customer_churn_pipeline to None, run_after=None
[2025-09-23T18:18:55.130+0000] {processor.py:183} INFO - Processing /opt/airflow/dags/customer_churn_pipeline.py took 1.191 seconds
[2025-09-23T18:19:25.575+0000] {processor.py:161} INFO - Started process (PID=6693) to work on /opt/airflow/dags/customer_churn_pipeline.py
[2025-09-23T18:19:25.579+0000] {processor.py:830} INFO - Processing file /opt/airflow/dags/customer_churn_pipeline.py for tasks to queue
[2025-09-23T18:19:25.586+0000] {logging_mixin.py:188} INFO - [2025-09-23T18:19:25.585+0000] {dagbag.py:538} INFO - Filling up the DagBag from /opt/airflow/dags/customer_churn_pipeline.py
[2025-09-23T18:19:27.394+0000] {processor.py:840} INFO - DAG(s) 'day7_customer_churn_pipeline' retrieved from /opt/airflow/dags/customer_churn_pipeline.py
[2025-09-23T18:19:27.422+0000] {logging_mixin.py:188} INFO - [2025-09-23T18:19:27.422+0000] {dag.py:3036} INFO - Sync 1 DAGs
[2025-09-23T18:19:27.443+0000] {logging_mixin.py:188} INFO - [2025-09-23T18:19:27.443+0000] {dag.py:3823} INFO - Setting next_dagrun for day7_customer_churn_pipeline to None, run_after=None
[2025-09-23T18:19:27.492+0000] {processor.py:183} INFO - Processing /opt/airflow/dags/customer_churn_pipeline.py took 1.934 seconds
[2025-09-23T18:19:57.910+0000] {processor.py:161} INFO - Started process (PID=6712) to work on /opt/airflow/dags/customer_churn_pipeline.py
[2025-09-23T18:19:57.912+0000] {processor.py:830} INFO - Processing file /opt/airflow/dags/customer_churn_pipeline.py for tasks to queue
[2025-09-23T18:19:57.916+0000] {logging_mixin.py:188} INFO - [2025-09-23T18:19:57.916+0000] {dagbag.py:538} INFO - Filling up the DagBag from /opt/airflow/dags/customer_churn_pipeline.py
[2025-09-23T18:19:59.003+0000] {processor.py:840} INFO - DAG(s) 'day7_customer_churn_pipeline' retrieved from /opt/airflow/dags/customer_churn_pipeline.py
[2025-09-23T18:19:59.027+0000] {logging_mixin.py:188} INFO - [2025-09-23T18:19:59.027+0000] {dag.py:3036} INFO - Sync 1 DAGs
[2025-09-23T18:19:59.038+0000] {logging_mixin.py:188} INFO - [2025-09-23T18:19:59.038+0000] {dag.py:3823} INFO - Setting next_dagrun for day7_customer_churn_pipeline to None, run_after=None
[2025-09-23T18:19:59.069+0000] {processor.py:183} INFO - Processing /opt/airflow/dags/customer_churn_pipeline.py took 1.166 seconds
[2025-09-23T18:20:29.322+0000] {processor.py:161} INFO - Started process (PID=6731) to work on /opt/airflow/dags/customer_churn_pipeline.py
[2025-09-23T18:20:29.324+0000] {processor.py:830} INFO - Processing file /opt/airflow/dags/customer_churn_pipeline.py for tasks to queue
[2025-09-23T18:20:29.327+0000] {logging_mixin.py:188} INFO - [2025-09-23T18:20:29.327+0000] {dagbag.py:538} INFO - Filling up the DagBag from /opt/airflow/dags/customer_churn_pipeline.py
[2025-09-23T18:20:30.360+0000] {processor.py:840} INFO - DAG(s) 'day7_customer_churn_pipeline' retrieved from /opt/airflow/dags/customer_churn_pipeline.py
[2025-09-23T18:20:30.383+0000] {logging_mixin.py:188} INFO - [2025-09-23T18:20:30.383+0000] {dag.py:3036} INFO - Sync 1 DAGs
[2025-09-23T18:20:30.396+0000] {logging_mixin.py:188} INFO - [2025-09-23T18:20:30.396+0000] {dag.py:3823} INFO - Setting next_dagrun for day7_customer_churn_pipeline to None, run_after=None
[2025-09-23T18:20:30.428+0000] {processor.py:183} INFO - Processing /opt/airflow/dags/customer_churn_pipeline.py took 1.112 seconds
[2025-09-23T18:21:00.558+0000] {processor.py:161} INFO - Started process (PID=6750) to work on /opt/airflow/dags/customer_churn_pipeline.py
[2025-09-23T18:21:00.561+0000] {processor.py:830} INFO - Processing file /opt/airflow/dags/customer_churn_pipeline.py for tasks to queue
[2025-09-23T18:21:00.564+0000] {logging_mixin.py:188} INFO - [2025-09-23T18:21:00.564+0000] {dagbag.py:538} INFO - Filling up the DagBag from /opt/airflow/dags/customer_churn_pipeline.py
[2025-09-23T18:21:01.458+0000] {processor.py:840} INFO - DAG(s) 'day7_customer_churn_pipeline' retrieved from /opt/airflow/dags/customer_churn_pipeline.py
[2025-09-23T18:21:01.486+0000] {logging_mixin.py:188} INFO - [2025-09-23T18:21:01.486+0000] {dag.py:3036} INFO - Sync 1 DAGs
[2025-09-23T18:21:01.496+0000] {logging_mixin.py:188} INFO - [2025-09-23T18:21:01.496+0000] {dag.py:3823} INFO - Setting next_dagrun for day7_customer_churn_pipeline to None, run_after=None
[2025-09-23T18:21:01.516+0000] {processor.py:183} INFO - Processing /opt/airflow/dags/customer_churn_pipeline.py took 0.963 seconds
[2025-09-23T18:21:31.743+0000] {processor.py:161} INFO - Started process (PID=6769) to work on /opt/airflow/dags/customer_churn_pipeline.py
[2025-09-23T18:21:31.746+0000] {processor.py:830} INFO - Processing file /opt/airflow/dags/customer_churn_pipeline.py for tasks to queue
[2025-09-23T18:21:31.749+0000] {logging_mixin.py:188} INFO - [2025-09-23T18:21:31.748+0000] {dagbag.py:538} INFO - Filling up the DagBag from /opt/airflow/dags/customer_churn_pipeline.py
[2025-09-23T18:21:32.635+0000] {processor.py:840} INFO - DAG(s) 'day7_customer_churn_pipeline' retrieved from /opt/airflow/dags/customer_churn_pipeline.py
[2025-09-23T18:21:32.666+0000] {logging_mixin.py:188} INFO - [2025-09-23T18:21:32.666+0000] {dag.py:3036} INFO - Sync 1 DAGs
[2025-09-23T18:21:32.677+0000] {logging_mixin.py:188} INFO - [2025-09-23T18:21:32.677+0000] {dag.py:3823} INFO - Setting next_dagrun for day7_customer_churn_pipeline to None, run_after=None
[2025-09-23T18:21:32.704+0000] {processor.py:183} INFO - Processing /opt/airflow/dags/customer_churn_pipeline.py took 0.966 seconds
[2025-09-23T18:22:03.111+0000] {processor.py:161} INFO - Started process (PID=6788) to work on /opt/airflow/dags/customer_churn_pipeline.py
[2025-09-23T18:22:03.113+0000] {processor.py:830} INFO - Processing file /opt/airflow/dags/customer_churn_pipeline.py for tasks to queue
[2025-09-23T18:22:03.117+0000] {logging_mixin.py:188} INFO - [2025-09-23T18:22:03.116+0000] {dagbag.py:538} INFO - Filling up the DagBag from /opt/airflow/dags/customer_churn_pipeline.py
[2025-09-23T18:22:04.074+0000] {processor.py:840} INFO - DAG(s) 'day7_customer_churn_pipeline' retrieved from /opt/airflow/dags/customer_churn_pipeline.py
[2025-09-23T18:22:04.096+0000] {logging_mixin.py:188} INFO - [2025-09-23T18:22:04.096+0000] {dag.py:3036} INFO - Sync 1 DAGs
[2025-09-23T18:22:04.109+0000] {logging_mixin.py:188} INFO - [2025-09-23T18:22:04.108+0000] {dag.py:3823} INFO - Setting next_dagrun for day7_customer_churn_pipeline to None, run_after=None
[2025-09-23T18:22:04.135+0000] {processor.py:183} INFO - Processing /opt/airflow/dags/customer_churn_pipeline.py took 1.028 seconds
[2025-09-23T18:22:34.376+0000] {processor.py:161} INFO - Started process (PID=6807) to work on /opt/airflow/dags/customer_churn_pipeline.py
[2025-09-23T18:22:34.378+0000] {processor.py:830} INFO - Processing file /opt/airflow/dags/customer_churn_pipeline.py for tasks to queue
[2025-09-23T18:22:34.381+0000] {logging_mixin.py:188} INFO - [2025-09-23T18:22:34.381+0000] {dagbag.py:538} INFO - Filling up the DagBag from /opt/airflow/dags/customer_churn_pipeline.py
[2025-09-23T18:22:35.236+0000] {processor.py:840} INFO - DAG(s) 'day7_customer_churn_pipeline' retrieved from /opt/airflow/dags/customer_churn_pipeline.py
[2025-09-23T18:22:35.260+0000] {logging_mixin.py:188} INFO - [2025-09-23T18:22:35.259+0000] {dag.py:3036} INFO - Sync 1 DAGs
[2025-09-23T18:22:35.271+0000] {logging_mixin.py:188} INFO - [2025-09-23T18:22:35.271+0000] {dag.py:3823} INFO - Setting next_dagrun for day7_customer_churn_pipeline to None, run_after=None
[2025-09-23T18:22:35.296+0000] {processor.py:183} INFO - Processing /opt/airflow/dags/customer_churn_pipeline.py took 0.923 seconds
[2025-09-23T18:23:05.650+0000] {processor.py:161} INFO - Started process (PID=6826) to work on /opt/airflow/dags/customer_churn_pipeline.py
[2025-09-23T18:23:05.652+0000] {processor.py:830} INFO - Processing file /opt/airflow/dags/customer_churn_pipeline.py for tasks to queue
[2025-09-23T18:23:05.654+0000] {logging_mixin.py:188} INFO - [2025-09-23T18:23:05.654+0000] {dagbag.py:538} INFO - Filling up the DagBag from /opt/airflow/dags/customer_churn_pipeline.py
[2025-09-23T18:23:06.707+0000] {processor.py:840} INFO - DAG(s) 'day7_customer_churn_pipeline' retrieved from /opt/airflow/dags/customer_churn_pipeline.py
[2025-09-23T18:23:06.738+0000] {logging_mixin.py:188} INFO - [2025-09-23T18:23:06.737+0000] {dag.py:3036} INFO - Sync 1 DAGs
[2025-09-23T18:23:06.753+0000] {logging_mixin.py:188} INFO - [2025-09-23T18:23:06.753+0000] {dag.py:3823} INFO - Setting next_dagrun for day7_customer_churn_pipeline to None, run_after=None
[2025-09-23T18:23:06.794+0000] {processor.py:183} INFO - Processing /opt/airflow/dags/customer_churn_pipeline.py took 1.147 seconds
[2025-09-23T18:23:37.002+0000] {processor.py:161} INFO - Started process (PID=6845) to work on /opt/airflow/dags/customer_churn_pipeline.py
[2025-09-23T18:23:37.003+0000] {processor.py:830} INFO - Processing file /opt/airflow/dags/customer_churn_pipeline.py for tasks to queue
[2025-09-23T18:23:37.006+0000] {logging_mixin.py:188} INFO - [2025-09-23T18:23:37.005+0000] {dagbag.py:538} INFO - Filling up the DagBag from /opt/airflow/dags/customer_churn_pipeline.py
[2025-09-23T18:23:37.896+0000] {processor.py:840} INFO - DAG(s) 'day7_customer_churn_pipeline' retrieved from /opt/airflow/dags/customer_churn_pipeline.py
[2025-09-23T18:23:37.920+0000] {logging_mixin.py:188} INFO - [2025-09-23T18:23:37.920+0000] {dag.py:3036} INFO - Sync 1 DAGs
[2025-09-23T18:23:37.931+0000] {logging_mixin.py:188} INFO - [2025-09-23T18:23:37.931+0000] {dag.py:3823} INFO - Setting next_dagrun for day7_customer_churn_pipeline to None, run_after=None
[2025-09-23T18:23:37.956+0000] {processor.py:183} INFO - Processing /opt/airflow/dags/customer_churn_pipeline.py took 0.957 seconds
[2025-09-23T18:24:08.612+0000] {processor.py:161} INFO - Started process (PID=6864) to work on /opt/airflow/dags/customer_churn_pipeline.py
[2025-09-23T18:24:08.613+0000] {processor.py:830} INFO - Processing file /opt/airflow/dags/customer_churn_pipeline.py for tasks to queue
[2025-09-23T18:24:08.618+0000] {logging_mixin.py:188} INFO - [2025-09-23T18:24:08.617+0000] {dagbag.py:538} INFO - Filling up the DagBag from /opt/airflow/dags/customer_churn_pipeline.py
[2025-09-23T18:24:09.732+0000] {processor.py:840} INFO - DAG(s) 'day7_customer_churn_pipeline' retrieved from /opt/airflow/dags/customer_churn_pipeline.py
[2025-09-23T18:24:09.764+0000] {logging_mixin.py:188} INFO - [2025-09-23T18:24:09.763+0000] {dag.py:3036} INFO - Sync 1 DAGs
[2025-09-23T18:24:09.784+0000] {logging_mixin.py:188} INFO - [2025-09-23T18:24:09.784+0000] {dag.py:3823} INFO - Setting next_dagrun for day7_customer_churn_pipeline to None, run_after=None
[2025-09-23T18:24:09.814+0000] {processor.py:183} INFO - Processing /opt/airflow/dags/customer_churn_pipeline.py took 1.206 seconds
[2025-09-23T18:24:40.169+0000] {processor.py:161} INFO - Started process (PID=6883) to work on /opt/airflow/dags/customer_churn_pipeline.py
[2025-09-23T18:24:40.171+0000] {processor.py:830} INFO - Processing file /opt/airflow/dags/customer_churn_pipeline.py for tasks to queue
[2025-09-23T18:24:40.175+0000] {logging_mixin.py:188} INFO - [2025-09-23T18:24:40.175+0000] {dagbag.py:538} INFO - Filling up the DagBag from /opt/airflow/dags/customer_churn_pipeline.py
[2025-09-23T18:24:41.145+0000] {processor.py:840} INFO - DAG(s) 'day7_customer_churn_pipeline' retrieved from /opt/airflow/dags/customer_churn_pipeline.py
[2025-09-23T18:24:41.166+0000] {logging_mixin.py:188} INFO - [2025-09-23T18:24:41.166+0000] {dag.py:3036} INFO - Sync 1 DAGs
[2025-09-23T18:24:41.176+0000] {logging_mixin.py:188} INFO - [2025-09-23T18:24:41.175+0000] {dag.py:3823} INFO - Setting next_dagrun for day7_customer_churn_pipeline to None, run_after=None
[2025-09-23T18:24:41.211+0000] {processor.py:183} INFO - Processing /opt/airflow/dags/customer_churn_pipeline.py took 1.047 seconds
[2025-09-23T18:25:11.507+0000] {processor.py:161} INFO - Started process (PID=6902) to work on /opt/airflow/dags/customer_churn_pipeline.py
[2025-09-23T18:25:11.508+0000] {processor.py:830} INFO - Processing file /opt/airflow/dags/customer_churn_pipeline.py for tasks to queue
[2025-09-23T18:25:11.510+0000] {logging_mixin.py:188} INFO - [2025-09-23T18:25:11.510+0000] {dagbag.py:538} INFO - Filling up the DagBag from /opt/airflow/dags/customer_churn_pipeline.py
[2025-09-23T18:25:12.502+0000] {processor.py:840} INFO - DAG(s) 'day7_customer_churn_pipeline' retrieved from /opt/airflow/dags/customer_churn_pipeline.py
[2025-09-23T18:25:12.520+0000] {logging_mixin.py:188} INFO - [2025-09-23T18:25:12.520+0000] {dag.py:3036} INFO - Sync 1 DAGs
[2025-09-23T18:25:12.532+0000] {logging_mixin.py:188} INFO - [2025-09-23T18:25:12.532+0000] {dag.py:3823} INFO - Setting next_dagrun for day7_customer_churn_pipeline to None, run_after=None
[2025-09-23T18:25:12.559+0000] {processor.py:183} INFO - Processing /opt/airflow/dags/customer_churn_pipeline.py took 1.058 seconds
[2025-09-23T18:25:42.901+0000] {processor.py:161} INFO - Started process (PID=6921) to work on /opt/airflow/dags/customer_churn_pipeline.py
[2025-09-23T18:25:42.910+0000] {processor.py:830} INFO - Processing file /opt/airflow/dags/customer_churn_pipeline.py for tasks to queue
[2025-09-23T18:25:42.914+0000] {logging_mixin.py:188} INFO - [2025-09-23T18:25:42.914+0000] {dagbag.py:538} INFO - Filling up the DagBag from /opt/airflow/dags/customer_churn_pipeline.py
[2025-09-23T18:25:43.797+0000] {processor.py:840} INFO - DAG(s) 'day7_customer_churn_pipeline' retrieved from /opt/airflow/dags/customer_churn_pipeline.py
[2025-09-23T18:25:43.822+0000] {logging_mixin.py:188} INFO - [2025-09-23T18:25:43.821+0000] {dag.py:3036} INFO - Sync 1 DAGs
[2025-09-23T18:25:43.836+0000] {logging_mixin.py:188} INFO - [2025-09-23T18:25:43.836+0000] {dag.py:3823} INFO - Setting next_dagrun for day7_customer_churn_pipeline to None, run_after=None
[2025-09-23T18:25:43.869+0000] {processor.py:183} INFO - Processing /opt/airflow/dags/customer_churn_pipeline.py took 0.973 seconds
[2025-09-23T18:26:14.135+0000] {processor.py:161} INFO - Started process (PID=6940) to work on /opt/airflow/dags/customer_churn_pipeline.py
[2025-09-23T18:26:14.137+0000] {processor.py:830} INFO - Processing file /opt/airflow/dags/customer_churn_pipeline.py for tasks to queue
[2025-09-23T18:26:14.139+0000] {logging_mixin.py:188} INFO - [2025-09-23T18:26:14.139+0000] {dagbag.py:538} INFO - Filling up the DagBag from /opt/airflow/dags/customer_churn_pipeline.py
[2025-09-23T18:26:14.984+0000] {processor.py:840} INFO - DAG(s) 'day7_customer_churn_pipeline' retrieved from /opt/airflow/dags/customer_churn_pipeline.py
[2025-09-23T18:26:15.008+0000] {logging_mixin.py:188} INFO - [2025-09-23T18:26:15.007+0000] {dag.py:3036} INFO - Sync 1 DAGs
[2025-09-23T18:26:15.021+0000] {logging_mixin.py:188} INFO - [2025-09-23T18:26:15.021+0000] {dag.py:3823} INFO - Setting next_dagrun for day7_customer_churn_pipeline to None, run_after=None
[2025-09-23T18:26:15.054+0000] {processor.py:183} INFO - Processing /opt/airflow/dags/customer_churn_pipeline.py took 0.923 seconds
[2025-09-23T18:26:45.378+0000] {processor.py:161} INFO - Started process (PID=6959) to work on /opt/airflow/dags/customer_churn_pipeline.py
[2025-09-23T18:26:45.381+0000] {processor.py:830} INFO - Processing file /opt/airflow/dags/customer_churn_pipeline.py for tasks to queue
[2025-09-23T18:26:45.384+0000] {logging_mixin.py:188} INFO - [2025-09-23T18:26:45.383+0000] {dagbag.py:538} INFO - Filling up the DagBag from /opt/airflow/dags/customer_churn_pipeline.py
[2025-09-23T18:26:46.320+0000] {processor.py:840} INFO - DAG(s) 'day7_customer_churn_pipeline' retrieved from /opt/airflow/dags/customer_churn_pipeline.py
[2025-09-23T18:26:46.344+0000] {logging_mixin.py:188} INFO - [2025-09-23T18:26:46.344+0000] {dag.py:3036} INFO - Sync 1 DAGs
[2025-09-23T18:26:46.360+0000] {logging_mixin.py:188} INFO - [2025-09-23T18:26:46.359+0000] {dag.py:3823} INFO - Setting next_dagrun for day7_customer_churn_pipeline to None, run_after=None
[2025-09-23T18:26:46.389+0000] {processor.py:183} INFO - Processing /opt/airflow/dags/customer_churn_pipeline.py took 1.015 seconds
[2025-09-23T18:27:16.933+0000] {processor.py:161} INFO - Started process (PID=6978) to work on /opt/airflow/dags/customer_churn_pipeline.py
[2025-09-23T18:27:16.936+0000] {processor.py:830} INFO - Processing file /opt/airflow/dags/customer_churn_pipeline.py for tasks to queue
[2025-09-23T18:27:16.939+0000] {logging_mixin.py:188} INFO - [2025-09-23T18:27:16.938+0000] {dagbag.py:538} INFO - Filling up the DagBag from /opt/airflow/dags/customer_churn_pipeline.py
[2025-09-23T18:27:17.893+0000] {processor.py:840} INFO - DAG(s) 'day7_customer_churn_pipeline' retrieved from /opt/airflow/dags/customer_churn_pipeline.py
[2025-09-23T18:27:17.917+0000] {logging_mixin.py:188} INFO - [2025-09-23T18:27:17.917+0000] {dag.py:3036} INFO - Sync 1 DAGs
[2025-09-23T18:27:17.932+0000] {logging_mixin.py:188} INFO - [2025-09-23T18:27:17.932+0000] {dag.py:3823} INFO - Setting next_dagrun for day7_customer_churn_pipeline to None, run_after=None
[2025-09-23T18:27:17.978+0000] {processor.py:183} INFO - Processing /opt/airflow/dags/customer_churn_pipeline.py took 1.051 seconds
[2025-09-23T18:27:48.190+0000] {processor.py:161} INFO - Started process (PID=6997) to work on /opt/airflow/dags/customer_churn_pipeline.py
[2025-09-23T18:27:48.192+0000] {processor.py:830} INFO - Processing file /opt/airflow/dags/customer_churn_pipeline.py for tasks to queue
[2025-09-23T18:27:48.195+0000] {logging_mixin.py:188} INFO - [2025-09-23T18:27:48.194+0000] {dagbag.py:538} INFO - Filling up the DagBag from /opt/airflow/dags/customer_churn_pipeline.py
[2025-09-23T18:27:49.066+0000] {processor.py:840} INFO - DAG(s) 'day7_customer_churn_pipeline' retrieved from /opt/airflow/dags/customer_churn_pipeline.py
[2025-09-23T18:27:49.097+0000] {logging_mixin.py:188} INFO - [2025-09-23T18:27:49.097+0000] {dag.py:3036} INFO - Sync 1 DAGs
[2025-09-23T18:27:49.110+0000] {logging_mixin.py:188} INFO - [2025-09-23T18:27:49.109+0000] {dag.py:3823} INFO - Setting next_dagrun for day7_customer_churn_pipeline to None, run_after=None
[2025-09-23T18:27:49.139+0000] {processor.py:183} INFO - Processing /opt/airflow/dags/customer_churn_pipeline.py took 0.954 seconds
[2025-09-23T18:28:19.713+0000] {processor.py:161} INFO - Started process (PID=7016) to work on /opt/airflow/dags/customer_churn_pipeline.py
[2025-09-23T18:28:19.719+0000] {processor.py:830} INFO - Processing file /opt/airflow/dags/customer_churn_pipeline.py for tasks to queue
[2025-09-23T18:28:19.727+0000] {logging_mixin.py:188} INFO - [2025-09-23T18:28:19.727+0000] {dagbag.py:538} INFO - Filling up the DagBag from /opt/airflow/dags/customer_churn_pipeline.py
[2025-09-23T18:28:20.838+0000] {processor.py:840} INFO - DAG(s) 'day7_customer_churn_pipeline' retrieved from /opt/airflow/dags/customer_churn_pipeline.py
[2025-09-23T18:28:20.867+0000] {logging_mixin.py:188} INFO - [2025-09-23T18:28:20.867+0000] {dag.py:3036} INFO - Sync 1 DAGs
[2025-09-23T18:28:20.886+0000] {logging_mixin.py:188} INFO - [2025-09-23T18:28:20.886+0000] {dag.py:3823} INFO - Setting next_dagrun for day7_customer_churn_pipeline to None, run_after=None
[2025-09-23T18:28:20.931+0000] {processor.py:183} INFO - Processing /opt/airflow/dags/customer_churn_pipeline.py took 1.223 seconds
[2025-09-23T18:28:51.053+0000] {processor.py:161} INFO - Started process (PID=7035) to work on /opt/airflow/dags/customer_churn_pipeline.py
[2025-09-23T18:28:51.055+0000] {processor.py:830} INFO - Processing file /opt/airflow/dags/customer_churn_pipeline.py for tasks to queue
[2025-09-23T18:28:51.057+0000] {logging_mixin.py:188} INFO - [2025-09-23T18:28:51.057+0000] {dagbag.py:538} INFO - Filling up the DagBag from /opt/airflow/dags/customer_churn_pipeline.py
[2025-09-23T18:28:52.156+0000] {processor.py:840} INFO - DAG(s) 'day7_customer_churn_pipeline' retrieved from /opt/airflow/dags/customer_churn_pipeline.py
[2025-09-23T18:28:52.203+0000] {logging_mixin.py:188} INFO - [2025-09-23T18:28:52.202+0000] {dag.py:3036} INFO - Sync 1 DAGs
[2025-09-23T18:28:52.235+0000] {logging_mixin.py:188} INFO - [2025-09-23T18:28:52.235+0000] {dag.py:3823} INFO - Setting next_dagrun for day7_customer_churn_pipeline to None, run_after=None
[2025-09-23T18:28:52.327+0000] {processor.py:183} INFO - Processing /opt/airflow/dags/customer_churn_pipeline.py took 1.279 seconds
[2025-09-23T18:29:22.589+0000] {processor.py:161} INFO - Started process (PID=7054) to work on /opt/airflow/dags/customer_churn_pipeline.py
[2025-09-23T18:29:22.592+0000] {processor.py:830} INFO - Processing file /opt/airflow/dags/customer_churn_pipeline.py for tasks to queue
[2025-09-23T18:29:22.597+0000] {logging_mixin.py:188} INFO - [2025-09-23T18:29:22.596+0000] {dagbag.py:538} INFO - Filling up the DagBag from /opt/airflow/dags/customer_churn_pipeline.py
[2025-09-23T18:29:23.733+0000] {processor.py:840} INFO - DAG(s) 'day7_customer_churn_pipeline' retrieved from /opt/airflow/dags/customer_churn_pipeline.py
[2025-09-23T18:29:23.764+0000] {logging_mixin.py:188} INFO - [2025-09-23T18:29:23.763+0000] {dag.py:3036} INFO - Sync 1 DAGs
[2025-09-23T18:29:23.780+0000] {logging_mixin.py:188} INFO - [2025-09-23T18:29:23.780+0000] {dag.py:3823} INFO - Setting next_dagrun for day7_customer_churn_pipeline to None, run_after=None
[2025-09-23T18:29:23.802+0000] {processor.py:183} INFO - Processing /opt/airflow/dags/customer_churn_pipeline.py took 1.224 seconds
[2025-09-23T18:29:53.958+0000] {processor.py:161} INFO - Started process (PID=7073) to work on /opt/airflow/dags/customer_churn_pipeline.py
[2025-09-23T18:29:53.959+0000] {processor.py:830} INFO - Processing file /opt/airflow/dags/customer_churn_pipeline.py for tasks to queue
[2025-09-23T18:29:53.963+0000] {logging_mixin.py:188} INFO - [2025-09-23T18:29:53.962+0000] {dagbag.py:538} INFO - Filling up the DagBag from /opt/airflow/dags/customer_churn_pipeline.py
[2025-09-23T18:29:55.107+0000] {processor.py:840} INFO - DAG(s) 'day7_customer_churn_pipeline' retrieved from /opt/airflow/dags/customer_churn_pipeline.py
[2025-09-23T18:29:55.134+0000] {logging_mixin.py:188} INFO - [2025-09-23T18:29:55.133+0000] {dag.py:3036} INFO - Sync 1 DAGs
[2025-09-23T18:29:55.145+0000] {logging_mixin.py:188} INFO - [2025-09-23T18:29:55.145+0000] {dag.py:3823} INFO - Setting next_dagrun for day7_customer_churn_pipeline to None, run_after=None
[2025-09-23T18:29:55.172+0000] {processor.py:183} INFO - Processing /opt/airflow/dags/customer_churn_pipeline.py took 1.217 seconds
[2025-09-23T18:30:25.336+0000] {processor.py:161} INFO - Started process (PID=7092) to work on /opt/airflow/dags/customer_churn_pipeline.py
[2025-09-23T18:30:25.343+0000] {processor.py:830} INFO - Processing file /opt/airflow/dags/customer_churn_pipeline.py for tasks to queue
[2025-09-23T18:30:25.347+0000] {logging_mixin.py:188} INFO - [2025-09-23T18:30:25.346+0000] {dagbag.py:538} INFO - Filling up the DagBag from /opt/airflow/dags/customer_churn_pipeline.py
[2025-09-23T18:30:26.301+0000] {processor.py:840} INFO - DAG(s) 'day7_customer_churn_pipeline' retrieved from /opt/airflow/dags/customer_churn_pipeline.py
[2025-09-23T18:30:26.325+0000] {logging_mixin.py:188} INFO - [2025-09-23T18:30:26.324+0000] {dag.py:3036} INFO - Sync 1 DAGs
[2025-09-23T18:30:26.336+0000] {logging_mixin.py:188} INFO - [2025-09-23T18:30:26.336+0000] {dag.py:3823} INFO - Setting next_dagrun for day7_customer_churn_pipeline to None, run_after=None
[2025-09-23T18:30:26.367+0000] {processor.py:183} INFO - Processing /opt/airflow/dags/customer_churn_pipeline.py took 1.037 seconds
[2025-09-23T18:30:56.546+0000] {processor.py:161} INFO - Started process (PID=7111) to work on /opt/airflow/dags/customer_churn_pipeline.py
[2025-09-23T18:30:56.548+0000] {processor.py:830} INFO - Processing file /opt/airflow/dags/customer_churn_pipeline.py for tasks to queue
[2025-09-23T18:30:56.552+0000] {logging_mixin.py:188} INFO - [2025-09-23T18:30:56.551+0000] {dagbag.py:538} INFO - Filling up the DagBag from /opt/airflow/dags/customer_churn_pipeline.py
[2025-09-23T18:30:57.430+0000] {processor.py:840} INFO - DAG(s) 'day7_customer_churn_pipeline' retrieved from /opt/airflow/dags/customer_churn_pipeline.py
[2025-09-23T18:30:57.457+0000] {logging_mixin.py:188} INFO - [2025-09-23T18:30:57.457+0000] {dag.py:3036} INFO - Sync 1 DAGs
[2025-09-23T18:30:57.471+0000] {logging_mixin.py:188} INFO - [2025-09-23T18:30:57.471+0000] {dag.py:3823} INFO - Setting next_dagrun for day7_customer_churn_pipeline to None, run_after=None
[2025-09-23T18:30:57.502+0000] {processor.py:183} INFO - Processing /opt/airflow/dags/customer_churn_pipeline.py took 0.961 seconds
[2025-09-23T18:31:28.257+0000] {processor.py:161} INFO - Started process (PID=7130) to work on /opt/airflow/dags/customer_churn_pipeline.py
[2025-09-23T18:31:28.259+0000] {processor.py:830} INFO - Processing file /opt/airflow/dags/customer_churn_pipeline.py for tasks to queue
[2025-09-23T18:31:28.261+0000] {logging_mixin.py:188} INFO - [2025-09-23T18:31:28.261+0000] {dagbag.py:538} INFO - Filling up the DagBag from /opt/airflow/dags/customer_churn_pipeline.py
[2025-09-23T18:31:29.316+0000] {processor.py:840} INFO - DAG(s) 'day7_customer_churn_pipeline' retrieved from /opt/airflow/dags/customer_churn_pipeline.py
[2025-09-23T18:31:29.360+0000] {logging_mixin.py:188} INFO - [2025-09-23T18:31:29.359+0000] {dag.py:3036} INFO - Sync 1 DAGs
[2025-09-23T18:31:29.381+0000] {logging_mixin.py:188} INFO - [2025-09-23T18:31:29.381+0000] {dag.py:3823} INFO - Setting next_dagrun for day7_customer_churn_pipeline to None, run_after=None
[2025-09-23T18:31:29.410+0000] {processor.py:183} INFO - Processing /opt/airflow/dags/customer_churn_pipeline.py took 1.155 seconds
[2025-09-23T18:32:00.382+0000] {processor.py:161} INFO - Started process (PID=7149) to work on /opt/airflow/dags/customer_churn_pipeline.py
[2025-09-23T18:32:00.385+0000] {processor.py:830} INFO - Processing file /opt/airflow/dags/customer_churn_pipeline.py for tasks to queue
[2025-09-23T18:32:00.388+0000] {logging_mixin.py:188} INFO - [2025-09-23T18:32:00.387+0000] {dagbag.py:538} INFO - Filling up the DagBag from /opt/airflow/dags/customer_churn_pipeline.py
[2025-09-23T18:32:01.653+0000] {processor.py:840} INFO - DAG(s) 'day7_customer_churn_pipeline' retrieved from /opt/airflow/dags/customer_churn_pipeline.py
[2025-09-23T18:32:01.678+0000] {logging_mixin.py:188} INFO - [2025-09-23T18:32:01.677+0000] {dag.py:3036} INFO - Sync 1 DAGs
[2025-09-23T18:32:01.689+0000] {logging_mixin.py:188} INFO - [2025-09-23T18:32:01.689+0000] {dag.py:3823} INFO - Setting next_dagrun for day7_customer_churn_pipeline to None, run_after=None
[2025-09-23T18:32:01.720+0000] {processor.py:183} INFO - Processing /opt/airflow/dags/customer_churn_pipeline.py took 1.343 seconds
[2025-09-23T18:32:32.200+0000] {processor.py:161} INFO - Started process (PID=7168) to work on /opt/airflow/dags/customer_churn_pipeline.py
[2025-09-23T18:32:32.206+0000] {processor.py:830} INFO - Processing file /opt/airflow/dags/customer_churn_pipeline.py for tasks to queue
[2025-09-23T18:32:32.211+0000] {logging_mixin.py:188} INFO - [2025-09-23T18:32:32.210+0000] {dagbag.py:538} INFO - Filling up the DagBag from /opt/airflow/dags/customer_churn_pipeline.py
[2025-09-23T18:32:33.370+0000] {processor.py:840} INFO - DAG(s) 'day7_customer_churn_pipeline' retrieved from /opt/airflow/dags/customer_churn_pipeline.py
[2025-09-23T18:32:33.404+0000] {logging_mixin.py:188} INFO - [2025-09-23T18:32:33.403+0000] {dag.py:3036} INFO - Sync 1 DAGs
[2025-09-23T18:32:33.418+0000] {logging_mixin.py:188} INFO - [2025-09-23T18:32:33.418+0000] {dag.py:3823} INFO - Setting next_dagrun for day7_customer_churn_pipeline to None, run_after=None
[2025-09-23T18:32:33.481+0000] {processor.py:183} INFO - Processing /opt/airflow/dags/customer_churn_pipeline.py took 1.290 seconds
[2025-09-23T18:33:04.318+0000] {processor.py:161} INFO - Started process (PID=7187) to work on /opt/airflow/dags/customer_churn_pipeline.py
[2025-09-23T18:33:04.334+0000] {processor.py:830} INFO - Processing file /opt/airflow/dags/customer_churn_pipeline.py for tasks to queue
[2025-09-23T18:33:04.350+0000] {logging_mixin.py:188} INFO - [2025-09-23T18:33:04.350+0000] {dagbag.py:538} INFO - Filling up the DagBag from /opt/airflow/dags/customer_churn_pipeline.py
[2025-09-23T18:33:05.511+0000] {processor.py:840} INFO - DAG(s) 'day7_customer_churn_pipeline' retrieved from /opt/airflow/dags/customer_churn_pipeline.py
[2025-09-23T18:33:05.535+0000] {logging_mixin.py:188} INFO - [2025-09-23T18:33:05.535+0000] {dag.py:3036} INFO - Sync 1 DAGs
[2025-09-23T18:33:05.549+0000] {logging_mixin.py:188} INFO - [2025-09-23T18:33:05.548+0000] {dag.py:3823} INFO - Setting next_dagrun for day7_customer_churn_pipeline to None, run_after=None
[2025-09-23T18:33:05.578+0000] {processor.py:183} INFO - Processing /opt/airflow/dags/customer_churn_pipeline.py took 1.267 seconds
[2025-09-23T18:33:35.984+0000] {processor.py:161} INFO - Started process (PID=7206) to work on /opt/airflow/dags/customer_churn_pipeline.py
[2025-09-23T18:33:35.992+0000] {processor.py:830} INFO - Processing file /opt/airflow/dags/customer_churn_pipeline.py for tasks to queue
[2025-09-23T18:33:35.998+0000] {logging_mixin.py:188} INFO - [2025-09-23T18:33:35.998+0000] {dagbag.py:538} INFO - Filling up the DagBag from /opt/airflow/dags/customer_churn_pipeline.py
[2025-09-23T18:33:37.044+0000] {processor.py:840} INFO - DAG(s) 'day7_customer_churn_pipeline' retrieved from /opt/airflow/dags/customer_churn_pipeline.py
[2025-09-23T18:33:37.076+0000] {logging_mixin.py:188} INFO - [2025-09-23T18:33:37.076+0000] {dag.py:3036} INFO - Sync 1 DAGs
[2025-09-23T18:33:37.087+0000] {logging_mixin.py:188} INFO - [2025-09-23T18:33:37.086+0000] {dag.py:3823} INFO - Setting next_dagrun for day7_customer_churn_pipeline to None, run_after=None
[2025-09-23T18:33:37.118+0000] {processor.py:183} INFO - Processing /opt/airflow/dags/customer_churn_pipeline.py took 1.139 seconds
[2025-09-23T18:34:07.488+0000] {processor.py:161} INFO - Started process (PID=7225) to work on /opt/airflow/dags/customer_churn_pipeline.py
[2025-09-23T18:34:07.490+0000] {processor.py:830} INFO - Processing file /opt/airflow/dags/customer_churn_pipeline.py for tasks to queue
[2025-09-23T18:34:07.494+0000] {logging_mixin.py:188} INFO - [2025-09-23T18:34:07.493+0000] {dagbag.py:538} INFO - Filling up the DagBag from /opt/airflow/dags/customer_churn_pipeline.py
[2025-09-23T18:34:08.608+0000] {processor.py:840} INFO - DAG(s) 'day7_customer_churn_pipeline' retrieved from /opt/airflow/dags/customer_churn_pipeline.py
[2025-09-23T18:34:08.631+0000] {logging_mixin.py:188} INFO - [2025-09-23T18:34:08.631+0000] {dag.py:3036} INFO - Sync 1 DAGs
[2025-09-23T18:34:08.643+0000] {logging_mixin.py:188} INFO - [2025-09-23T18:34:08.643+0000] {dag.py:3823} INFO - Setting next_dagrun for day7_customer_churn_pipeline to None, run_after=None
[2025-09-23T18:34:08.666+0000] {processor.py:183} INFO - Processing /opt/airflow/dags/customer_churn_pipeline.py took 1.184 seconds
[2025-09-23T18:34:38.807+0000] {processor.py:161} INFO - Started process (PID=7244) to work on /opt/airflow/dags/customer_churn_pipeline.py
[2025-09-23T18:34:38.809+0000] {processor.py:830} INFO - Processing file /opt/airflow/dags/customer_churn_pipeline.py for tasks to queue
[2025-09-23T18:34:38.817+0000] {logging_mixin.py:188} INFO - [2025-09-23T18:34:38.816+0000] {dagbag.py:538} INFO - Filling up the DagBag from /opt/airflow/dags/customer_churn_pipeline.py
[2025-09-23T18:34:39.884+0000] {processor.py:840} INFO - DAG(s) 'day7_customer_churn_pipeline' retrieved from /opt/airflow/dags/customer_churn_pipeline.py
[2025-09-23T18:34:39.912+0000] {logging_mixin.py:188} INFO - [2025-09-23T18:34:39.912+0000] {dag.py:3036} INFO - Sync 1 DAGs
[2025-09-23T18:34:39.929+0000] {logging_mixin.py:188} INFO - [2025-09-23T18:34:39.929+0000] {dag.py:3823} INFO - Setting next_dagrun for day7_customer_churn_pipeline to None, run_after=None
[2025-09-23T18:34:39.978+0000] {processor.py:183} INFO - Processing /opt/airflow/dags/customer_churn_pipeline.py took 1.174 seconds
[2025-09-23T18:35:10.288+0000] {processor.py:161} INFO - Started process (PID=7263) to work on /opt/airflow/dags/customer_churn_pipeline.py
[2025-09-23T18:35:10.290+0000] {processor.py:830} INFO - Processing file /opt/airflow/dags/customer_churn_pipeline.py for tasks to queue
[2025-09-23T18:35:10.293+0000] {logging_mixin.py:188} INFO - [2025-09-23T18:35:10.293+0000] {dagbag.py:538} INFO - Filling up the DagBag from /opt/airflow/dags/customer_churn_pipeline.py
[2025-09-23T18:35:11.325+0000] {processor.py:840} INFO - DAG(s) 'day7_customer_churn_pipeline' retrieved from /opt/airflow/dags/customer_churn_pipeline.py
[2025-09-23T18:35:11.435+0000] {logging_mixin.py:188} INFO - [2025-09-23T18:35:11.435+0000] {dag.py:3036} INFO - Sync 1 DAGs
[2025-09-23T18:35:11.461+0000] {logging_mixin.py:188} INFO - [2025-09-23T18:35:11.460+0000] {dag.py:3823} INFO - Setting next_dagrun for day7_customer_churn_pipeline to None, run_after=None
[2025-09-23T18:35:11.537+0000] {processor.py:183} INFO - Processing /opt/airflow/dags/customer_churn_pipeline.py took 1.254 seconds
[2025-09-23T18:35:41.699+0000] {processor.py:161} INFO - Started process (PID=7282) to work on /opt/airflow/dags/customer_churn_pipeline.py
[2025-09-23T18:35:41.701+0000] {processor.py:830} INFO - Processing file /opt/airflow/dags/customer_churn_pipeline.py for tasks to queue
[2025-09-23T18:35:41.703+0000] {logging_mixin.py:188} INFO - [2025-09-23T18:35:41.703+0000] {dagbag.py:538} INFO - Filling up the DagBag from /opt/airflow/dags/customer_churn_pipeline.py
[2025-09-23T18:35:42.685+0000] {processor.py:840} INFO - DAG(s) 'day7_customer_churn_pipeline' retrieved from /opt/airflow/dags/customer_churn_pipeline.py
[2025-09-23T18:35:42.732+0000] {logging_mixin.py:188} INFO - [2025-09-23T18:35:42.731+0000] {dag.py:3036} INFO - Sync 1 DAGs
[2025-09-23T18:35:42.746+0000] {logging_mixin.py:188} INFO - [2025-09-23T18:35:42.745+0000] {dag.py:3823} INFO - Setting next_dagrun for day7_customer_churn_pipeline to None, run_after=None
[2025-09-23T18:35:42.772+0000] {processor.py:183} INFO - Processing /opt/airflow/dags/customer_churn_pipeline.py took 1.079 seconds
[2025-09-23T18:36:13.555+0000] {processor.py:161} INFO - Started process (PID=7301) to work on /opt/airflow/dags/customer_churn_pipeline.py
[2025-09-23T18:36:13.557+0000] {processor.py:830} INFO - Processing file /opt/airflow/dags/customer_churn_pipeline.py for tasks to queue
[2025-09-23T18:36:13.559+0000] {logging_mixin.py:188} INFO - [2025-09-23T18:36:13.559+0000] {dagbag.py:538} INFO - Filling up the DagBag from /opt/airflow/dags/customer_churn_pipeline.py
[2025-09-23T18:36:14.626+0000] {processor.py:840} INFO - DAG(s) 'day7_customer_churn_pipeline' retrieved from /opt/airflow/dags/customer_churn_pipeline.py
[2025-09-23T18:36:14.670+0000] {logging_mixin.py:188} INFO - [2025-09-23T18:36:14.669+0000] {dag.py:3036} INFO - Sync 1 DAGs
[2025-09-23T18:36:14.687+0000] {logging_mixin.py:188} INFO - [2025-09-23T18:36:14.686+0000] {dag.py:3823} INFO - Setting next_dagrun for day7_customer_churn_pipeline to None, run_after=None
[2025-09-23T18:36:14.729+0000] {processor.py:183} INFO - Processing /opt/airflow/dags/customer_churn_pipeline.py took 1.180 seconds
[2025-09-23T18:36:45.088+0000] {processor.py:161} INFO - Started process (PID=7320) to work on /opt/airflow/dags/customer_churn_pipeline.py
[2025-09-23T18:36:45.090+0000] {processor.py:830} INFO - Processing file /opt/airflow/dags/customer_churn_pipeline.py for tasks to queue
[2025-09-23T18:36:45.094+0000] {logging_mixin.py:188} INFO - [2025-09-23T18:36:45.094+0000] {dagbag.py:538} INFO - Filling up the DagBag from /opt/airflow/dags/customer_churn_pipeline.py
[2025-09-23T18:36:46.217+0000] {processor.py:840} INFO - DAG(s) 'day7_customer_churn_pipeline' retrieved from /opt/airflow/dags/customer_churn_pipeline.py
[2025-09-23T18:36:46.240+0000] {logging_mixin.py:188} INFO - [2025-09-23T18:36:46.240+0000] {dag.py:3036} INFO - Sync 1 DAGs
[2025-09-23T18:36:46.257+0000] {logging_mixin.py:188} INFO - [2025-09-23T18:36:46.257+0000] {dag.py:3823} INFO - Setting next_dagrun for day7_customer_churn_pipeline to None, run_after=None
[2025-09-23T18:36:46.290+0000] {processor.py:183} INFO - Processing /opt/airflow/dags/customer_churn_pipeline.py took 1.207 seconds
[2025-09-23T18:37:16.592+0000] {processor.py:161} INFO - Started process (PID=7339) to work on /opt/airflow/dags/customer_churn_pipeline.py
[2025-09-23T18:37:16.593+0000] {processor.py:830} INFO - Processing file /opt/airflow/dags/customer_churn_pipeline.py for tasks to queue
[2025-09-23T18:37:16.595+0000] {logging_mixin.py:188} INFO - [2025-09-23T18:37:16.594+0000] {dagbag.py:538} INFO - Filling up the DagBag from /opt/airflow/dags/customer_churn_pipeline.py
[2025-09-23T18:37:17.481+0000] {processor.py:840} INFO - DAG(s) 'day7_customer_churn_pipeline' retrieved from /opt/airflow/dags/customer_churn_pipeline.py
[2025-09-23T18:37:17.506+0000] {logging_mixin.py:188} INFO - [2025-09-23T18:37:17.506+0000] {dag.py:3036} INFO - Sync 1 DAGs
[2025-09-23T18:37:17.517+0000] {logging_mixin.py:188} INFO - [2025-09-23T18:37:17.517+0000] {dag.py:3823} INFO - Setting next_dagrun for day7_customer_churn_pipeline to None, run_after=None
[2025-09-23T18:37:17.539+0000] {processor.py:183} INFO - Processing /opt/airflow/dags/customer_churn_pipeline.py took 0.950 seconds
[2025-09-23T18:37:47.882+0000] {processor.py:161} INFO - Started process (PID=7358) to work on /opt/airflow/dags/customer_churn_pipeline.py
[2025-09-23T18:37:47.884+0000] {processor.py:830} INFO - Processing file /opt/airflow/dags/customer_churn_pipeline.py for tasks to queue
[2025-09-23T18:37:47.887+0000] {logging_mixin.py:188} INFO - [2025-09-23T18:37:47.886+0000] {dagbag.py:538} INFO - Filling up the DagBag from /opt/airflow/dags/customer_churn_pipeline.py
[2025-09-23T18:37:48.720+0000] {processor.py:840} INFO - DAG(s) 'day7_customer_churn_pipeline' retrieved from /opt/airflow/dags/customer_churn_pipeline.py
[2025-09-23T18:37:48.752+0000] {logging_mixin.py:188} INFO - [2025-09-23T18:37:48.751+0000] {dag.py:3036} INFO - Sync 1 DAGs
[2025-09-23T18:37:48.759+0000] {logging_mixin.py:188} INFO - [2025-09-23T18:37:48.759+0000] {dag.py:3823} INFO - Setting next_dagrun for day7_customer_churn_pipeline to None, run_after=None
[2025-09-23T18:37:48.786+0000] {processor.py:183} INFO - Processing /opt/airflow/dags/customer_churn_pipeline.py took 0.908 seconds
[2025-09-23T18:38:19.189+0000] {processor.py:161} INFO - Started process (PID=7377) to work on /opt/airflow/dags/customer_churn_pipeline.py
[2025-09-23T18:38:19.200+0000] {processor.py:830} INFO - Processing file /opt/airflow/dags/customer_churn_pipeline.py for tasks to queue
[2025-09-23T18:38:19.203+0000] {logging_mixin.py:188} INFO - [2025-09-23T18:38:19.203+0000] {dagbag.py:538} INFO - Filling up the DagBag from /opt/airflow/dags/customer_churn_pipeline.py
[2025-09-23T18:38:20.178+0000] {processor.py:840} INFO - DAG(s) 'day7_customer_churn_pipeline' retrieved from /opt/airflow/dags/customer_churn_pipeline.py
[2025-09-23T18:38:20.207+0000] {logging_mixin.py:188} INFO - [2025-09-23T18:38:20.206+0000] {dag.py:3036} INFO - Sync 1 DAGs
[2025-09-23T18:38:20.217+0000] {logging_mixin.py:188} INFO - [2025-09-23T18:38:20.217+0000] {dag.py:3823} INFO - Setting next_dagrun for day7_customer_churn_pipeline to None, run_after=None
[2025-09-23T18:38:20.258+0000] {processor.py:183} INFO - Processing /opt/airflow/dags/customer_churn_pipeline.py took 1.074 seconds
[2025-09-23T18:38:50.490+0000] {processor.py:161} INFO - Started process (PID=7396) to work on /opt/airflow/dags/customer_churn_pipeline.py
[2025-09-23T18:38:50.493+0000] {processor.py:830} INFO - Processing file /opt/airflow/dags/customer_churn_pipeline.py for tasks to queue
[2025-09-23T18:38:50.496+0000] {logging_mixin.py:188} INFO - [2025-09-23T18:38:50.496+0000] {dagbag.py:538} INFO - Filling up the DagBag from /opt/airflow/dags/customer_churn_pipeline.py
[2025-09-23T18:38:51.356+0000] {processor.py:840} INFO - DAG(s) 'day7_customer_churn_pipeline' retrieved from /opt/airflow/dags/customer_churn_pipeline.py
[2025-09-23T18:38:51.384+0000] {logging_mixin.py:188} INFO - [2025-09-23T18:38:51.384+0000] {dag.py:3036} INFO - Sync 1 DAGs
[2025-09-23T18:38:51.394+0000] {logging_mixin.py:188} INFO - [2025-09-23T18:38:51.394+0000] {dag.py:3823} INFO - Setting next_dagrun for day7_customer_churn_pipeline to None, run_after=None
[2025-09-23T18:38:51.426+0000] {processor.py:183} INFO - Processing /opt/airflow/dags/customer_churn_pipeline.py took 0.940 seconds
[2025-09-23T18:39:21.700+0000] {processor.py:161} INFO - Started process (PID=7415) to work on /opt/airflow/dags/customer_churn_pipeline.py
[2025-09-23T18:39:21.703+0000] {processor.py:830} INFO - Processing file /opt/airflow/dags/customer_churn_pipeline.py for tasks to queue
[2025-09-23T18:39:21.706+0000] {logging_mixin.py:188} INFO - [2025-09-23T18:39:21.706+0000] {dagbag.py:538} INFO - Filling up the DagBag from /opt/airflow/dags/customer_churn_pipeline.py
[2025-09-23T18:39:22.657+0000] {processor.py:840} INFO - DAG(s) 'day7_customer_churn_pipeline' retrieved from /opt/airflow/dags/customer_churn_pipeline.py
[2025-09-23T18:39:22.687+0000] {logging_mixin.py:188} INFO - [2025-09-23T18:39:22.686+0000] {dag.py:3036} INFO - Sync 1 DAGs
[2025-09-23T18:39:22.697+0000] {logging_mixin.py:188} INFO - [2025-09-23T18:39:22.697+0000] {dag.py:3823} INFO - Setting next_dagrun for day7_customer_churn_pipeline to None, run_after=None
[2025-09-23T18:39:22.732+0000] {processor.py:183} INFO - Processing /opt/airflow/dags/customer_churn_pipeline.py took 1.037 seconds
[2025-09-23T18:39:53.268+0000] {processor.py:161} INFO - Started process (PID=7434) to work on /opt/airflow/dags/customer_churn_pipeline.py
[2025-09-23T18:39:53.272+0000] {processor.py:830} INFO - Processing file /opt/airflow/dags/customer_churn_pipeline.py for tasks to queue
[2025-09-23T18:39:53.275+0000] {logging_mixin.py:188} INFO - [2025-09-23T18:39:53.274+0000] {dagbag.py:538} INFO - Filling up the DagBag from /opt/airflow/dags/customer_churn_pipeline.py
[2025-09-23T18:39:54.245+0000] {processor.py:840} INFO - DAG(s) 'day7_customer_churn_pipeline' retrieved from /opt/airflow/dags/customer_churn_pipeline.py
[2025-09-23T18:39:54.326+0000] {logging_mixin.py:188} INFO - [2025-09-23T18:39:54.325+0000] {dag.py:3036} INFO - Sync 1 DAGs
[2025-09-23T18:39:54.345+0000] {logging_mixin.py:188} INFO - [2025-09-23T18:39:54.345+0000] {dag.py:3823} INFO - Setting next_dagrun for day7_customer_churn_pipeline to None, run_after=None
[2025-09-23T18:39:54.410+0000] {processor.py:183} INFO - Processing /opt/airflow/dags/customer_churn_pipeline.py took 1.145 seconds
[2025-09-23T18:40:24.537+0000] {processor.py:161} INFO - Started process (PID=7453) to work on /opt/airflow/dags/customer_churn_pipeline.py
[2025-09-23T18:40:24.541+0000] {processor.py:830} INFO - Processing file /opt/airflow/dags/customer_churn_pipeline.py for tasks to queue
[2025-09-23T18:40:24.545+0000] {logging_mixin.py:188} INFO - [2025-09-23T18:40:24.545+0000] {dagbag.py:538} INFO - Filling up the DagBag from /opt/airflow/dags/customer_churn_pipeline.py
[2025-09-23T18:40:25.582+0000] {processor.py:840} INFO - DAG(s) 'day7_customer_churn_pipeline' retrieved from /opt/airflow/dags/customer_churn_pipeline.py
[2025-09-23T18:40:25.607+0000] {logging_mixin.py:188} INFO - [2025-09-23T18:40:25.607+0000] {dag.py:3036} INFO - Sync 1 DAGs
[2025-09-23T18:40:25.620+0000] {logging_mixin.py:188} INFO - [2025-09-23T18:40:25.620+0000] {dag.py:3823} INFO - Setting next_dagrun for day7_customer_churn_pipeline to None, run_after=None
[2025-09-23T18:40:25.648+0000] {processor.py:183} INFO - Processing /opt/airflow/dags/customer_churn_pipeline.py took 1.120 seconds
[2025-09-23T18:40:55.779+0000] {processor.py:161} INFO - Started process (PID=7472) to work on /opt/airflow/dags/customer_churn_pipeline.py
[2025-09-23T18:40:55.781+0000] {processor.py:830} INFO - Processing file /opt/airflow/dags/customer_churn_pipeline.py for tasks to queue
[2025-09-23T18:40:55.785+0000] {logging_mixin.py:188} INFO - [2025-09-23T18:40:55.784+0000] {dagbag.py:538} INFO - Filling up the DagBag from /opt/airflow/dags/customer_churn_pipeline.py
[2025-09-23T18:40:56.729+0000] {processor.py:840} INFO - DAG(s) 'day7_customer_churn_pipeline' retrieved from /opt/airflow/dags/customer_churn_pipeline.py
[2025-09-23T18:40:56.756+0000] {logging_mixin.py:188} INFO - [2025-09-23T18:40:56.756+0000] {dag.py:3036} INFO - Sync 1 DAGs
[2025-09-23T18:40:56.768+0000] {logging_mixin.py:188} INFO - [2025-09-23T18:40:56.767+0000] {dag.py:3823} INFO - Setting next_dagrun for day7_customer_churn_pipeline to None, run_after=None
[2025-09-23T18:40:56.801+0000] {processor.py:183} INFO - Processing /opt/airflow/dags/customer_churn_pipeline.py took 1.028 seconds
[2025-09-23T18:41:27.058+0000] {processor.py:161} INFO - Started process (PID=7491) to work on /opt/airflow/dags/customer_churn_pipeline.py
[2025-09-23T18:41:27.060+0000] {processor.py:830} INFO - Processing file /opt/airflow/dags/customer_churn_pipeline.py for tasks to queue
[2025-09-23T18:41:27.062+0000] {logging_mixin.py:188} INFO - [2025-09-23T18:41:27.062+0000] {dagbag.py:538} INFO - Filling up the DagBag from /opt/airflow/dags/customer_churn_pipeline.py
[2025-09-23T18:41:28.012+0000] {processor.py:840} INFO - DAG(s) 'day7_customer_churn_pipeline' retrieved from /opt/airflow/dags/customer_churn_pipeline.py
[2025-09-23T18:41:28.033+0000] {logging_mixin.py:188} INFO - [2025-09-23T18:41:28.032+0000] {dag.py:3036} INFO - Sync 1 DAGs
[2025-09-23T18:41:28.047+0000] {logging_mixin.py:188} INFO - [2025-09-23T18:41:28.047+0000] {dag.py:3823} INFO - Setting next_dagrun for day7_customer_churn_pipeline to None, run_after=None
[2025-09-23T18:41:28.074+0000] {processor.py:183} INFO - Processing /opt/airflow/dags/customer_churn_pipeline.py took 1.021 seconds
[2025-09-23T18:41:58.295+0000] {processor.py:161} INFO - Started process (PID=7510) to work on /opt/airflow/dags/customer_churn_pipeline.py
[2025-09-23T18:41:58.297+0000] {processor.py:830} INFO - Processing file /opt/airflow/dags/customer_churn_pipeline.py for tasks to queue
[2025-09-23T18:41:58.301+0000] {logging_mixin.py:188} INFO - [2025-09-23T18:41:58.300+0000] {dagbag.py:538} INFO - Filling up the DagBag from /opt/airflow/dags/customer_churn_pipeline.py
[2025-09-23T18:41:59.554+0000] {processor.py:840} INFO - DAG(s) 'day7_customer_churn_pipeline' retrieved from /opt/airflow/dags/customer_churn_pipeline.py
[2025-09-23T18:41:59.584+0000] {logging_mixin.py:188} INFO - [2025-09-23T18:41:59.583+0000] {dag.py:3036} INFO - Sync 1 DAGs
[2025-09-23T18:41:59.600+0000] {logging_mixin.py:188} INFO - [2025-09-23T18:41:59.600+0000] {dag.py:3823} INFO - Setting next_dagrun for day7_customer_churn_pipeline to None, run_after=None
[2025-09-23T18:41:59.623+0000] {processor.py:183} INFO - Processing /opt/airflow/dags/customer_churn_pipeline.py took 1.332 seconds
[2025-09-23T18:42:29.890+0000] {processor.py:161} INFO - Started process (PID=7529) to work on /opt/airflow/dags/customer_churn_pipeline.py
[2025-09-23T18:42:29.892+0000] {processor.py:830} INFO - Processing file /opt/airflow/dags/customer_churn_pipeline.py for tasks to queue
[2025-09-23T18:42:29.895+0000] {logging_mixin.py:188} INFO - [2025-09-23T18:42:29.895+0000] {dagbag.py:538} INFO - Filling up the DagBag from /opt/airflow/dags/customer_churn_pipeline.py
[2025-09-23T18:42:30.782+0000] {processor.py:840} INFO - DAG(s) 'day7_customer_churn_pipeline' retrieved from /opt/airflow/dags/customer_churn_pipeline.py
[2025-09-23T18:42:30.811+0000] {logging_mixin.py:188} INFO - [2025-09-23T18:42:30.811+0000] {dag.py:3036} INFO - Sync 1 DAGs
[2025-09-23T18:42:30.822+0000] {logging_mixin.py:188} INFO - [2025-09-23T18:42:30.822+0000] {dag.py:3823} INFO - Setting next_dagrun for day7_customer_churn_pipeline to None, run_after=None
[2025-09-23T18:42:30.852+0000] {processor.py:183} INFO - Processing /opt/airflow/dags/customer_churn_pipeline.py took 0.967 seconds
[2025-09-23T18:43:01.164+0000] {processor.py:161} INFO - Started process (PID=7548) to work on /opt/airflow/dags/customer_churn_pipeline.py
[2025-09-23T18:43:01.166+0000] {processor.py:830} INFO - Processing file /opt/airflow/dags/customer_churn_pipeline.py for tasks to queue
[2025-09-23T18:43:01.169+0000] {logging_mixin.py:188} INFO - [2025-09-23T18:43:01.169+0000] {dagbag.py:538} INFO - Filling up the DagBag from /opt/airflow/dags/customer_churn_pipeline.py
[2025-09-23T18:43:02.108+0000] {processor.py:840} INFO - DAG(s) 'day7_customer_churn_pipeline' retrieved from /opt/airflow/dags/customer_churn_pipeline.py
[2025-09-23T18:43:02.135+0000] {logging_mixin.py:188} INFO - [2025-09-23T18:43:02.135+0000] {dag.py:3036} INFO - Sync 1 DAGs
[2025-09-23T18:43:02.151+0000] {logging_mixin.py:188} INFO - [2025-09-23T18:43:02.150+0000] {dag.py:3823} INFO - Setting next_dagrun for day7_customer_churn_pipeline to None, run_after=None
[2025-09-23T18:43:02.185+0000] {processor.py:183} INFO - Processing /opt/airflow/dags/customer_churn_pipeline.py took 1.029 seconds
[2025-09-23T18:43:32.402+0000] {processor.py:161} INFO - Started process (PID=7567) to work on /opt/airflow/dags/customer_churn_pipeline.py
[2025-09-23T18:43:32.404+0000] {processor.py:830} INFO - Processing file /opt/airflow/dags/customer_churn_pipeline.py for tasks to queue
[2025-09-23T18:43:32.411+0000] {logging_mixin.py:188} INFO - [2025-09-23T18:43:32.410+0000] {dagbag.py:538} INFO - Filling up the DagBag from /opt/airflow/dags/customer_churn_pipeline.py
[2025-09-23T18:43:33.402+0000] {processor.py:840} INFO - DAG(s) 'day7_customer_churn_pipeline' retrieved from /opt/airflow/dags/customer_churn_pipeline.py
[2025-09-23T18:43:33.427+0000] {logging_mixin.py:188} INFO - [2025-09-23T18:43:33.426+0000] {dag.py:3036} INFO - Sync 1 DAGs
[2025-09-23T18:43:33.440+0000] {logging_mixin.py:188} INFO - [2025-09-23T18:43:33.439+0000] {dag.py:3823} INFO - Setting next_dagrun for day7_customer_churn_pipeline to None, run_after=None
[2025-09-23T18:43:33.466+0000] {processor.py:183} INFO - Processing /opt/airflow/dags/customer_churn_pipeline.py took 1.069 seconds
[2025-09-23T18:44:03.814+0000] {processor.py:161} INFO - Started process (PID=7586) to work on /opt/airflow/dags/customer_churn_pipeline.py
[2025-09-23T18:44:03.816+0000] {processor.py:830} INFO - Processing file /opt/airflow/dags/customer_churn_pipeline.py for tasks to queue
[2025-09-23T18:44:03.820+0000] {logging_mixin.py:188} INFO - [2025-09-23T18:44:03.820+0000] {dagbag.py:538} INFO - Filling up the DagBag from /opt/airflow/dags/customer_churn_pipeline.py
[2025-09-23T18:44:04.688+0000] {processor.py:840} INFO - DAG(s) 'day7_customer_churn_pipeline' retrieved from /opt/airflow/dags/customer_churn_pipeline.py
[2025-09-23T18:44:04.709+0000] {logging_mixin.py:188} INFO - [2025-09-23T18:44:04.709+0000] {dag.py:3036} INFO - Sync 1 DAGs
[2025-09-23T18:44:04.721+0000] {logging_mixin.py:188} INFO - [2025-09-23T18:44:04.721+0000] {dag.py:3823} INFO - Setting next_dagrun for day7_customer_churn_pipeline to None, run_after=None
[2025-09-23T18:44:04.748+0000] {processor.py:183} INFO - Processing /opt/airflow/dags/customer_churn_pipeline.py took 0.940 seconds
[2025-09-23T18:44:35.035+0000] {processor.py:161} INFO - Started process (PID=7605) to work on /opt/airflow/dags/customer_churn_pipeline.py
[2025-09-23T18:44:35.037+0000] {processor.py:830} INFO - Processing file /opt/airflow/dags/customer_churn_pipeline.py for tasks to queue
[2025-09-23T18:44:35.041+0000] {logging_mixin.py:188} INFO - [2025-09-23T18:44:35.041+0000] {dagbag.py:538} INFO - Filling up the DagBag from /opt/airflow/dags/customer_churn_pipeline.py
[2025-09-23T18:44:35.889+0000] {processor.py:840} INFO - DAG(s) 'day7_customer_churn_pipeline' retrieved from /opt/airflow/dags/customer_churn_pipeline.py
[2025-09-23T18:44:35.917+0000] {logging_mixin.py:188} INFO - [2025-09-23T18:44:35.917+0000] {dag.py:3036} INFO - Sync 1 DAGs
[2025-09-23T18:44:35.929+0000] {logging_mixin.py:188} INFO - [2025-09-23T18:44:35.929+0000] {dag.py:3823} INFO - Setting next_dagrun for day7_customer_churn_pipeline to None, run_after=None
[2025-09-23T18:44:35.965+0000] {processor.py:183} INFO - Processing /opt/airflow/dags/customer_churn_pipeline.py took 0.935 seconds
[2025-09-23T18:45:06.251+0000] {processor.py:161} INFO - Started process (PID=7624) to work on /opt/airflow/dags/customer_churn_pipeline.py
[2025-09-23T18:45:06.253+0000] {processor.py:830} INFO - Processing file /opt/airflow/dags/customer_churn_pipeline.py for tasks to queue
[2025-09-23T18:45:06.256+0000] {logging_mixin.py:188} INFO - [2025-09-23T18:45:06.255+0000] {dagbag.py:538} INFO - Filling up the DagBag from /opt/airflow/dags/customer_churn_pipeline.py
[2025-09-23T18:45:07.343+0000] {processor.py:840} INFO - DAG(s) 'day7_customer_churn_pipeline' retrieved from /opt/airflow/dags/customer_churn_pipeline.py
[2025-09-23T18:45:07.372+0000] {logging_mixin.py:188} INFO - [2025-09-23T18:45:07.371+0000] {dag.py:3036} INFO - Sync 1 DAGs
[2025-09-23T18:45:07.388+0000] {logging_mixin.py:188} INFO - [2025-09-23T18:45:07.388+0000] {dag.py:3823} INFO - Setting next_dagrun for day7_customer_churn_pipeline to None, run_after=None
[2025-09-23T18:45:07.421+0000] {processor.py:183} INFO - Processing /opt/airflow/dags/customer_churn_pipeline.py took 1.176 seconds
[2025-09-23T18:45:37.562+0000] {processor.py:161} INFO - Started process (PID=7643) to work on /opt/airflow/dags/customer_churn_pipeline.py
[2025-09-23T18:45:37.564+0000] {processor.py:830} INFO - Processing file /opt/airflow/dags/customer_churn_pipeline.py for tasks to queue
[2025-09-23T18:45:37.567+0000] {logging_mixin.py:188} INFO - [2025-09-23T18:45:37.567+0000] {dagbag.py:538} INFO - Filling up the DagBag from /opt/airflow/dags/customer_churn_pipeline.py
[2025-09-23T18:45:38.515+0000] {processor.py:840} INFO - DAG(s) 'day7_customer_churn_pipeline' retrieved from /opt/airflow/dags/customer_churn_pipeline.py
[2025-09-23T18:45:38.549+0000] {logging_mixin.py:188} INFO - [2025-09-23T18:45:38.548+0000] {dag.py:3036} INFO - Sync 1 DAGs
[2025-09-23T18:45:38.568+0000] {logging_mixin.py:188} INFO - [2025-09-23T18:45:38.567+0000] {dag.py:3823} INFO - Setting next_dagrun for day7_customer_churn_pipeline to None, run_after=None
[2025-09-23T18:45:38.605+0000] {processor.py:183} INFO - Processing /opt/airflow/dags/customer_churn_pipeline.py took 1.048 seconds
[2025-09-23T18:46:08.827+0000] {processor.py:161} INFO - Started process (PID=7662) to work on /opt/airflow/dags/customer_churn_pipeline.py
[2025-09-23T18:46:08.830+0000] {processor.py:830} INFO - Processing file /opt/airflow/dags/customer_churn_pipeline.py for tasks to queue
[2025-09-23T18:46:08.833+0000] {logging_mixin.py:188} INFO - [2025-09-23T18:46:08.833+0000] {dagbag.py:538} INFO - Filling up the DagBag from /opt/airflow/dags/customer_churn_pipeline.py
[2025-09-23T18:46:09.856+0000] {processor.py:840} INFO - DAG(s) 'day7_customer_churn_pipeline' retrieved from /opt/airflow/dags/customer_churn_pipeline.py
[2025-09-23T18:46:09.877+0000] {logging_mixin.py:188} INFO - [2025-09-23T18:46:09.877+0000] {dag.py:3036} INFO - Sync 1 DAGs
[2025-09-23T18:46:09.893+0000] {logging_mixin.py:188} INFO - [2025-09-23T18:46:09.893+0000] {dag.py:3823} INFO - Setting next_dagrun for day7_customer_churn_pipeline to None, run_after=None
[2025-09-23T18:46:09.913+0000] {processor.py:183} INFO - Processing /opt/airflow/dags/customer_churn_pipeline.py took 1.091 seconds
[2025-09-23T18:46:40.187+0000] {processor.py:161} INFO - Started process (PID=7681) to work on /opt/airflow/dags/customer_churn_pipeline.py
[2025-09-23T18:46:40.189+0000] {processor.py:830} INFO - Processing file /opt/airflow/dags/customer_churn_pipeline.py for tasks to queue
[2025-09-23T18:46:40.191+0000] {logging_mixin.py:188} INFO - [2025-09-23T18:46:40.191+0000] {dagbag.py:538} INFO - Filling up the DagBag from /opt/airflow/dags/customer_churn_pipeline.py
[2025-09-23T18:46:41.164+0000] {processor.py:840} INFO - DAG(s) 'day7_customer_churn_pipeline' retrieved from /opt/airflow/dags/customer_churn_pipeline.py
[2025-09-23T18:46:41.192+0000] {logging_mixin.py:188} INFO - [2025-09-23T18:46:41.191+0000] {dag.py:3036} INFO - Sync 1 DAGs
[2025-09-23T18:46:41.209+0000] {logging_mixin.py:188} INFO - [2025-09-23T18:46:41.208+0000] {dag.py:3823} INFO - Setting next_dagrun for day7_customer_churn_pipeline to None, run_after=None
[2025-09-23T18:46:41.244+0000] {processor.py:183} INFO - Processing /opt/airflow/dags/customer_churn_pipeline.py took 1.062 seconds
[2025-09-23T18:47:11.748+0000] {processor.py:161} INFO - Started process (PID=7700) to work on /opt/airflow/dags/customer_churn_pipeline.py
[2025-09-23T18:47:11.750+0000] {processor.py:830} INFO - Processing file /opt/airflow/dags/customer_churn_pipeline.py for tasks to queue
[2025-09-23T18:47:11.752+0000] {logging_mixin.py:188} INFO - [2025-09-23T18:47:11.752+0000] {dagbag.py:538} INFO - Filling up the DagBag from /opt/airflow/dags/customer_churn_pipeline.py
[2025-09-23T18:47:12.623+0000] {processor.py:840} INFO - DAG(s) 'day7_customer_churn_pipeline' retrieved from /opt/airflow/dags/customer_churn_pipeline.py
[2025-09-23T18:47:12.650+0000] {logging_mixin.py:188} INFO - [2025-09-23T18:47:12.649+0000] {dag.py:3036} INFO - Sync 1 DAGs
[2025-09-23T18:47:12.661+0000] {logging_mixin.py:188} INFO - [2025-09-23T18:47:12.660+0000] {dag.py:3823} INFO - Setting next_dagrun for day7_customer_churn_pipeline to None, run_after=None
[2025-09-23T18:47:12.682+0000] {processor.py:183} INFO - Processing /opt/airflow/dags/customer_churn_pipeline.py took 0.936 seconds
[2025-09-23T18:47:43.022+0000] {processor.py:161} INFO - Started process (PID=7719) to work on /opt/airflow/dags/customer_churn_pipeline.py
[2025-09-23T18:47:43.024+0000] {processor.py:830} INFO - Processing file /opt/airflow/dags/customer_churn_pipeline.py for tasks to queue
[2025-09-23T18:47:43.028+0000] {logging_mixin.py:188} INFO - [2025-09-23T18:47:43.028+0000] {dagbag.py:538} INFO - Filling up the DagBag from /opt/airflow/dags/customer_churn_pipeline.py
[2025-09-23T18:47:43.979+0000] {processor.py:840} INFO - DAG(s) 'day7_customer_churn_pipeline' retrieved from /opt/airflow/dags/customer_churn_pipeline.py
[2025-09-23T18:47:44.006+0000] {logging_mixin.py:188} INFO - [2025-09-23T18:47:44.005+0000] {dag.py:3036} INFO - Sync 1 DAGs
[2025-09-23T18:47:44.017+0000] {logging_mixin.py:188} INFO - [2025-09-23T18:47:44.017+0000] {dag.py:3823} INFO - Setting next_dagrun for day7_customer_churn_pipeline to None, run_after=None
[2025-09-23T18:47:44.046+0000] {processor.py:183} INFO - Processing /opt/airflow/dags/customer_churn_pipeline.py took 1.030 seconds
[2025-09-23T18:48:14.518+0000] {processor.py:161} INFO - Started process (PID=7738) to work on /opt/airflow/dags/customer_churn_pipeline.py
[2025-09-23T18:48:14.520+0000] {processor.py:830} INFO - Processing file /opt/airflow/dags/customer_churn_pipeline.py for tasks to queue
[2025-09-23T18:48:14.524+0000] {logging_mixin.py:188} INFO - [2025-09-23T18:48:14.523+0000] {dagbag.py:538} INFO - Filling up the DagBag from /opt/airflow/dags/customer_churn_pipeline.py
[2025-09-23T18:48:15.507+0000] {processor.py:840} INFO - DAG(s) 'day7_customer_churn_pipeline' retrieved from /opt/airflow/dags/customer_churn_pipeline.py
[2025-09-23T18:48:15.535+0000] {logging_mixin.py:188} INFO - [2025-09-23T18:48:15.535+0000] {dag.py:3036} INFO - Sync 1 DAGs
[2025-09-23T18:48:15.548+0000] {logging_mixin.py:188} INFO - [2025-09-23T18:48:15.548+0000] {dag.py:3823} INFO - Setting next_dagrun for day7_customer_churn_pipeline to None, run_after=None
[2025-09-23T18:48:15.573+0000] {processor.py:183} INFO - Processing /opt/airflow/dags/customer_churn_pipeline.py took 1.060 seconds
[2025-09-23T18:48:45.817+0000] {processor.py:161} INFO - Started process (PID=7757) to work on /opt/airflow/dags/customer_churn_pipeline.py
[2025-09-23T18:48:45.819+0000] {processor.py:830} INFO - Processing file /opt/airflow/dags/customer_churn_pipeline.py for tasks to queue
[2025-09-23T18:48:45.824+0000] {logging_mixin.py:188} INFO - [2025-09-23T18:48:45.823+0000] {dagbag.py:538} INFO - Filling up the DagBag from /opt/airflow/dags/customer_churn_pipeline.py
[2025-09-23T18:48:46.809+0000] {processor.py:840} INFO - DAG(s) 'day7_customer_churn_pipeline' retrieved from /opt/airflow/dags/customer_churn_pipeline.py
[2025-09-23T18:48:46.830+0000] {logging_mixin.py:188} INFO - [2025-09-23T18:48:46.830+0000] {dag.py:3036} INFO - Sync 1 DAGs
[2025-09-23T18:48:46.841+0000] {logging_mixin.py:188} INFO - [2025-09-23T18:48:46.840+0000] {dag.py:3823} INFO - Setting next_dagrun for day7_customer_churn_pipeline to None, run_after=None
[2025-09-23T18:48:46.864+0000] {processor.py:183} INFO - Processing /opt/airflow/dags/customer_churn_pipeline.py took 1.053 seconds
[2025-09-23T18:49:17.041+0000] {processor.py:161} INFO - Started process (PID=7776) to work on /opt/airflow/dags/customer_churn_pipeline.py
[2025-09-23T18:49:17.043+0000] {processor.py:830} INFO - Processing file /opt/airflow/dags/customer_churn_pipeline.py for tasks to queue
[2025-09-23T18:49:17.047+0000] {logging_mixin.py:188} INFO - [2025-09-23T18:49:17.046+0000] {dagbag.py:538} INFO - Filling up the DagBag from /opt/airflow/dags/customer_churn_pipeline.py
[2025-09-23T18:49:17.910+0000] {processor.py:840} INFO - DAG(s) 'day7_customer_churn_pipeline' retrieved from /opt/airflow/dags/customer_churn_pipeline.py
[2025-09-23T18:49:17.936+0000] {logging_mixin.py:188} INFO - [2025-09-23T18:49:17.935+0000] {dag.py:3036} INFO - Sync 1 DAGs
[2025-09-23T18:49:17.944+0000] {logging_mixin.py:188} INFO - [2025-09-23T18:49:17.944+0000] {dag.py:3823} INFO - Setting next_dagrun for day7_customer_churn_pipeline to None, run_after=None
[2025-09-23T18:49:17.979+0000] {processor.py:183} INFO - Processing /opt/airflow/dags/customer_churn_pipeline.py took 0.943 seconds
[2025-09-23T18:49:48.270+0000] {processor.py:161} INFO - Started process (PID=7795) to work on /opt/airflow/dags/customer_churn_pipeline.py
[2025-09-23T18:49:48.274+0000] {processor.py:830} INFO - Processing file /opt/airflow/dags/customer_churn_pipeline.py for tasks to queue
[2025-09-23T18:49:48.281+0000] {logging_mixin.py:188} INFO - [2025-09-23T18:49:48.280+0000] {dagbag.py:538} INFO - Filling up the DagBag from /opt/airflow/dags/customer_churn_pipeline.py
[2025-09-23T18:49:49.316+0000] {processor.py:840} INFO - DAG(s) 'day7_customer_churn_pipeline' retrieved from /opt/airflow/dags/customer_churn_pipeline.py
[2025-09-23T18:49:49.347+0000] {logging_mixin.py:188} INFO - [2025-09-23T18:49:49.347+0000] {dag.py:3036} INFO - Sync 1 DAGs
[2025-09-23T18:49:49.360+0000] {logging_mixin.py:188} INFO - [2025-09-23T18:49:49.360+0000] {dag.py:3823} INFO - Setting next_dagrun for day7_customer_churn_pipeline to None, run_after=None
[2025-09-23T18:49:49.384+0000] {processor.py:183} INFO - Processing /opt/airflow/dags/customer_churn_pipeline.py took 1.122 seconds
[2025-09-23T18:50:19.524+0000] {processor.py:161} INFO - Started process (PID=7814) to work on /opt/airflow/dags/customer_churn_pipeline.py
[2025-09-23T18:50:19.526+0000] {processor.py:830} INFO - Processing file /opt/airflow/dags/customer_churn_pipeline.py for tasks to queue
[2025-09-23T18:50:19.529+0000] {logging_mixin.py:188} INFO - [2025-09-23T18:50:19.529+0000] {dagbag.py:538} INFO - Filling up the DagBag from /opt/airflow/dags/customer_churn_pipeline.py
[2025-09-23T18:50:20.351+0000] {processor.py:840} INFO - DAG(s) 'day7_customer_churn_pipeline' retrieved from /opt/airflow/dags/customer_churn_pipeline.py
[2025-09-23T18:50:20.377+0000] {logging_mixin.py:188} INFO - [2025-09-23T18:50:20.376+0000] {dag.py:3036} INFO - Sync 1 DAGs
[2025-09-23T18:50:20.393+0000] {logging_mixin.py:188} INFO - [2025-09-23T18:50:20.393+0000] {dag.py:3823} INFO - Setting next_dagrun for day7_customer_churn_pipeline to None, run_after=None
[2025-09-23T18:50:20.424+0000] {processor.py:183} INFO - Processing /opt/airflow/dags/customer_churn_pipeline.py took 0.904 seconds
[2025-09-23T18:50:50.728+0000] {processor.py:161} INFO - Started process (PID=7833) to work on /opt/airflow/dags/customer_churn_pipeline.py
[2025-09-23T18:50:50.730+0000] {processor.py:830} INFO - Processing file /opt/airflow/dags/customer_churn_pipeline.py for tasks to queue
[2025-09-23T18:50:50.734+0000] {logging_mixin.py:188} INFO - [2025-09-23T18:50:50.734+0000] {dagbag.py:538} INFO - Filling up the DagBag from /opt/airflow/dags/customer_churn_pipeline.py
[2025-09-23T18:50:51.541+0000] {processor.py:840} INFO - DAG(s) 'day7_customer_churn_pipeline' retrieved from /opt/airflow/dags/customer_churn_pipeline.py
[2025-09-23T18:50:51.578+0000] {logging_mixin.py:188} INFO - [2025-09-23T18:50:51.577+0000] {dag.py:3036} INFO - Sync 1 DAGs
[2025-09-23T18:50:51.597+0000] {logging_mixin.py:188} INFO - [2025-09-23T18:50:51.597+0000] {dag.py:3823} INFO - Setting next_dagrun for day7_customer_churn_pipeline to None, run_after=None
[2025-09-23T18:50:51.626+0000] {processor.py:183} INFO - Processing /opt/airflow/dags/customer_churn_pipeline.py took 0.902 seconds
[2025-09-23T18:51:21.929+0000] {processor.py:161} INFO - Started process (PID=7852) to work on /opt/airflow/dags/customer_churn_pipeline.py
[2025-09-23T18:51:21.932+0000] {processor.py:830} INFO - Processing file /opt/airflow/dags/customer_churn_pipeline.py for tasks to queue
[2025-09-23T18:51:21.936+0000] {logging_mixin.py:188} INFO - [2025-09-23T18:51:21.935+0000] {dagbag.py:538} INFO - Filling up the DagBag from /opt/airflow/dags/customer_churn_pipeline.py
[2025-09-23T18:51:22.822+0000] {processor.py:840} INFO - DAG(s) 'day7_customer_churn_pipeline' retrieved from /opt/airflow/dags/customer_churn_pipeline.py
[2025-09-23T18:51:22.861+0000] {logging_mixin.py:188} INFO - [2025-09-23T18:51:22.860+0000] {dag.py:3036} INFO - Sync 1 DAGs
[2025-09-23T18:51:22.871+0000] {logging_mixin.py:188} INFO - [2025-09-23T18:51:22.871+0000] {dag.py:3823} INFO - Setting next_dagrun for day7_customer_churn_pipeline to None, run_after=None
[2025-09-23T18:51:22.901+0000] {processor.py:183} INFO - Processing /opt/airflow/dags/customer_churn_pipeline.py took 0.978 seconds
[2025-09-23T18:51:53.237+0000] {processor.py:161} INFO - Started process (PID=7871) to work on /opt/airflow/dags/customer_churn_pipeline.py
[2025-09-23T18:51:53.239+0000] {processor.py:830} INFO - Processing file /opt/airflow/dags/customer_churn_pipeline.py for tasks to queue
[2025-09-23T18:51:53.243+0000] {logging_mixin.py:188} INFO - [2025-09-23T18:51:53.242+0000] {dagbag.py:538} INFO - Filling up the DagBag from /opt/airflow/dags/customer_churn_pipeline.py
[2025-09-23T18:51:54.243+0000] {processor.py:840} INFO - DAG(s) 'day7_customer_churn_pipeline' retrieved from /opt/airflow/dags/customer_churn_pipeline.py
[2025-09-23T18:51:54.275+0000] {logging_mixin.py:188} INFO - [2025-09-23T18:51:54.274+0000] {dag.py:3036} INFO - Sync 1 DAGs
[2025-09-23T18:51:54.289+0000] {logging_mixin.py:188} INFO - [2025-09-23T18:51:54.288+0000] {dag.py:3823} INFO - Setting next_dagrun for day7_customer_churn_pipeline to None, run_after=None
[2025-09-23T18:51:54.331+0000] {processor.py:183} INFO - Processing /opt/airflow/dags/customer_churn_pipeline.py took 1.098 seconds
[2025-09-23T18:52:24.608+0000] {processor.py:161} INFO - Started process (PID=7890) to work on /opt/airflow/dags/customer_churn_pipeline.py
[2025-09-23T18:52:24.610+0000] {processor.py:830} INFO - Processing file /opt/airflow/dags/customer_churn_pipeline.py for tasks to queue
[2025-09-23T18:52:24.615+0000] {logging_mixin.py:188} INFO - [2025-09-23T18:52:24.614+0000] {dagbag.py:538} INFO - Filling up the DagBag from /opt/airflow/dags/customer_churn_pipeline.py
[2025-09-23T18:52:25.641+0000] {processor.py:840} INFO - DAG(s) 'day7_customer_churn_pipeline' retrieved from /opt/airflow/dags/customer_churn_pipeline.py
[2025-09-23T18:52:25.673+0000] {logging_mixin.py:188} INFO - [2025-09-23T18:52:25.673+0000] {dag.py:3036} INFO - Sync 1 DAGs
[2025-09-23T18:52:25.685+0000] {logging_mixin.py:188} INFO - [2025-09-23T18:52:25.684+0000] {dag.py:3823} INFO - Setting next_dagrun for day7_customer_churn_pipeline to None, run_after=None
[2025-09-23T18:52:25.728+0000] {processor.py:183} INFO - Processing /opt/airflow/dags/customer_churn_pipeline.py took 1.125 seconds
[2025-09-23T18:52:55.922+0000] {processor.py:161} INFO - Started process (PID=7909) to work on /opt/airflow/dags/customer_churn_pipeline.py
[2025-09-23T18:52:55.925+0000] {processor.py:830} INFO - Processing file /opt/airflow/dags/customer_churn_pipeline.py for tasks to queue
[2025-09-23T18:52:55.929+0000] {logging_mixin.py:188} INFO - [2025-09-23T18:52:55.928+0000] {dagbag.py:538} INFO - Filling up the DagBag from /opt/airflow/dags/customer_churn_pipeline.py
[2025-09-23T18:52:57.099+0000] {processor.py:840} INFO - DAG(s) 'day7_customer_churn_pipeline' retrieved from /opt/airflow/dags/customer_churn_pipeline.py
[2025-09-23T18:52:57.130+0000] {logging_mixin.py:188} INFO - [2025-09-23T18:52:57.129+0000] {dag.py:3036} INFO - Sync 1 DAGs
[2025-09-23T18:52:57.144+0000] {logging_mixin.py:188} INFO - [2025-09-23T18:52:57.144+0000] {dag.py:3823} INFO - Setting next_dagrun for day7_customer_churn_pipeline to None, run_after=None
[2025-09-23T18:52:57.182+0000] {processor.py:183} INFO - Processing /opt/airflow/dags/customer_churn_pipeline.py took 1.266 seconds
[2025-09-23T18:53:27.310+0000] {processor.py:161} INFO - Started process (PID=7928) to work on /opt/airflow/dags/customer_churn_pipeline.py
[2025-09-23T18:53:27.313+0000] {processor.py:830} INFO - Processing file /opt/airflow/dags/customer_churn_pipeline.py for tasks to queue
[2025-09-23T18:53:27.316+0000] {logging_mixin.py:188} INFO - [2025-09-23T18:53:27.316+0000] {dagbag.py:538} INFO - Filling up the DagBag from /opt/airflow/dags/customer_churn_pipeline.py
[2025-09-23T18:53:28.336+0000] {processor.py:840} INFO - DAG(s) 'day7_customer_churn_pipeline' retrieved from /opt/airflow/dags/customer_churn_pipeline.py
[2025-09-23T18:53:28.369+0000] {logging_mixin.py:188} INFO - [2025-09-23T18:53:28.369+0000] {dag.py:3036} INFO - Sync 1 DAGs
[2025-09-23T18:53:28.380+0000] {logging_mixin.py:188} INFO - [2025-09-23T18:53:28.379+0000] {dag.py:3823} INFO - Setting next_dagrun for day7_customer_churn_pipeline to None, run_after=None
[2025-09-23T18:53:28.409+0000] {processor.py:183} INFO - Processing /opt/airflow/dags/customer_churn_pipeline.py took 1.107 seconds
[2025-09-23T18:53:58.707+0000] {processor.py:161} INFO - Started process (PID=7947) to work on /opt/airflow/dags/customer_churn_pipeline.py
[2025-09-23T18:53:58.709+0000] {processor.py:830} INFO - Processing file /opt/airflow/dags/customer_churn_pipeline.py for tasks to queue
[2025-09-23T18:53:58.713+0000] {logging_mixin.py:188} INFO - [2025-09-23T18:53:58.712+0000] {dagbag.py:538} INFO - Filling up the DagBag from /opt/airflow/dags/customer_churn_pipeline.py
[2025-09-23T18:53:59.722+0000] {processor.py:840} INFO - DAG(s) 'day7_customer_churn_pipeline' retrieved from /opt/airflow/dags/customer_churn_pipeline.py
[2025-09-23T18:53:59.746+0000] {logging_mixin.py:188} INFO - [2025-09-23T18:53:59.746+0000] {dag.py:3036} INFO - Sync 1 DAGs
[2025-09-23T18:53:59.757+0000] {logging_mixin.py:188} INFO - [2025-09-23T18:53:59.757+0000] {dag.py:3823} INFO - Setting next_dagrun for day7_customer_churn_pipeline to None, run_after=None
[2025-09-23T18:53:59.783+0000] {processor.py:183} INFO - Processing /opt/airflow/dags/customer_churn_pipeline.py took 1.082 seconds
[2025-09-23T18:54:29.989+0000] {processor.py:161} INFO - Started process (PID=7966) to work on /opt/airflow/dags/customer_churn_pipeline.py
[2025-09-23T18:54:29.991+0000] {processor.py:830} INFO - Processing file /opt/airflow/dags/customer_churn_pipeline.py for tasks to queue
[2025-09-23T18:54:29.995+0000] {logging_mixin.py:188} INFO - [2025-09-23T18:54:29.994+0000] {dagbag.py:538} INFO - Filling up the DagBag from /opt/airflow/dags/customer_churn_pipeline.py
[2025-09-23T18:54:31.016+0000] {processor.py:840} INFO - DAG(s) 'day7_customer_churn_pipeline' retrieved from /opt/airflow/dags/customer_churn_pipeline.py
[2025-09-23T18:54:31.046+0000] {logging_mixin.py:188} INFO - [2025-09-23T18:54:31.046+0000] {dag.py:3036} INFO - Sync 1 DAGs
[2025-09-23T18:54:31.058+0000] {logging_mixin.py:188} INFO - [2025-09-23T18:54:31.057+0000] {dag.py:3823} INFO - Setting next_dagrun for day7_customer_churn_pipeline to None, run_after=None
[2025-09-23T18:54:31.088+0000] {processor.py:183} INFO - Processing /opt/airflow/dags/customer_churn_pipeline.py took 1.103 seconds
[2025-09-23T18:55:01.309+0000] {processor.py:161} INFO - Started process (PID=7985) to work on /opt/airflow/dags/customer_churn_pipeline.py
[2025-09-23T18:55:01.311+0000] {processor.py:830} INFO - Processing file /opt/airflow/dags/customer_churn_pipeline.py for tasks to queue
[2025-09-23T18:55:01.315+0000] {logging_mixin.py:188} INFO - [2025-09-23T18:55:01.315+0000] {dagbag.py:538} INFO - Filling up the DagBag from /opt/airflow/dags/customer_churn_pipeline.py
[2025-09-23T19:00:26.112+0000] {processor.py:840} INFO - DAG(s) 'day7_customer_churn_pipeline' retrieved from /opt/airflow/dags/customer_churn_pipeline.py
[2025-09-23T19:00:26.222+0000] {logging_mixin.py:188} INFO - [2025-09-23T19:00:26.221+0000] {dag.py:3036} INFO - Sync 1 DAGs
[2025-09-23T19:00:26.277+0000] {logging_mixin.py:188} INFO - [2025-09-23T19:00:26.276+0000] {dag.py:3823} INFO - Setting next_dagrun for day7_customer_churn_pipeline to None, run_after=None
[2025-09-23T19:00:26.420+0000] {processor.py:183} INFO - Processing /opt/airflow/dags/customer_churn_pipeline.py took 2.184 seconds
[2025-09-23T23:33:40.409+0000] {processor.py:161} INFO - Started process (PID=8004) to work on /opt/airflow/dags/customer_churn_pipeline.py
[2025-09-23T23:33:40.439+0000] {processor.py:830} INFO - Processing file /opt/airflow/dags/customer_churn_pipeline.py for tasks to queue
[2025-09-23T23:33:40.461+0000] {logging_mixin.py:188} INFO - [2025-09-23T23:33:40.460+0000] {dagbag.py:538} INFO - Filling up the DagBag from /opt/airflow/dags/customer_churn_pipeline.py
[2025-09-23T23:33:43.580+0000] {processor.py:840} INFO - DAG(s) 'day7_customer_churn_pipeline' retrieved from /opt/airflow/dags/customer_churn_pipeline.py
[2025-09-23T23:33:43.624+0000] {logging_mixin.py:188} INFO - [2025-09-23T23:33:43.623+0000] {dag.py:3036} INFO - Sync 1 DAGs
[2025-09-23T23:33:43.648+0000] {logging_mixin.py:188} INFO - [2025-09-23T23:33:43.648+0000] {dag.py:3823} INFO - Setting next_dagrun for day7_customer_churn_pipeline to None, run_after=None
[2025-09-23T23:33:43.715+0000] {processor.py:183} INFO - Processing /opt/airflow/dags/customer_churn_pipeline.py took 3.315 seconds
[2025-09-23T23:34:13.976+0000] {processor.py:161} INFO - Started process (PID=8023) to work on /opt/airflow/dags/customer_churn_pipeline.py
[2025-09-23T23:34:13.978+0000] {processor.py:830} INFO - Processing file /opt/airflow/dags/customer_churn_pipeline.py for tasks to queue
[2025-09-23T23:34:13.981+0000] {logging_mixin.py:188} INFO - [2025-09-23T23:34:13.980+0000] {dagbag.py:538} INFO - Filling up the DagBag from /opt/airflow/dags/customer_churn_pipeline.py
[2025-09-23T23:34:15.369+0000] {processor.py:840} INFO - DAG(s) 'day7_customer_churn_pipeline' retrieved from /opt/airflow/dags/customer_churn_pipeline.py
[2025-09-23T23:34:15.397+0000] {logging_mixin.py:188} INFO - [2025-09-23T23:34:15.397+0000] {dag.py:3036} INFO - Sync 1 DAGs
[2025-09-23T23:34:15.411+0000] {logging_mixin.py:188} INFO - [2025-09-23T23:34:15.411+0000] {dag.py:3823} INFO - Setting next_dagrun for day7_customer_churn_pipeline to None, run_after=None
[2025-09-23T23:34:15.449+0000] {processor.py:183} INFO - Processing /opt/airflow/dags/customer_churn_pipeline.py took 1.478 seconds
[2025-09-23T23:34:46.175+0000] {processor.py:161} INFO - Started process (PID=8042) to work on /opt/airflow/dags/customer_churn_pipeline.py
[2025-09-23T23:34:46.177+0000] {processor.py:830} INFO - Processing file /opt/airflow/dags/customer_churn_pipeline.py for tasks to queue
[2025-09-23T23:34:46.182+0000] {logging_mixin.py:188} INFO - [2025-09-23T23:34:46.182+0000] {dagbag.py:538} INFO - Filling up the DagBag from /opt/airflow/dags/customer_churn_pipeline.py
[2025-09-23T23:34:47.202+0000] {processor.py:840} INFO - DAG(s) 'day7_customer_churn_pipeline' retrieved from /opt/airflow/dags/customer_churn_pipeline.py
[2025-09-23T23:34:47.227+0000] {logging_mixin.py:188} INFO - [2025-09-23T23:34:47.227+0000] {dag.py:3036} INFO - Sync 1 DAGs
[2025-09-23T23:34:47.239+0000] {logging_mixin.py:188} INFO - [2025-09-23T23:34:47.239+0000] {dag.py:3823} INFO - Setting next_dagrun for day7_customer_churn_pipeline to None, run_after=None
[2025-09-23T23:34:47.261+0000] {processor.py:183} INFO - Processing /opt/airflow/dags/customer_churn_pipeline.py took 1.091 seconds
[2025-09-23T23:35:17.572+0000] {processor.py:161} INFO - Started process (PID=8061) to work on /opt/airflow/dags/customer_churn_pipeline.py
[2025-09-23T23:35:17.574+0000] {processor.py:830} INFO - Processing file /opt/airflow/dags/customer_churn_pipeline.py for tasks to queue
[2025-09-23T23:35:17.577+0000] {logging_mixin.py:188} INFO - [2025-09-23T23:35:17.577+0000] {dagbag.py:538} INFO - Filling up the DagBag from /opt/airflow/dags/customer_churn_pipeline.py
[2025-09-23T23:35:18.556+0000] {processor.py:840} INFO - DAG(s) 'day7_customer_churn_pipeline' retrieved from /opt/airflow/dags/customer_churn_pipeline.py
[2025-09-23T23:35:18.580+0000] {logging_mixin.py:188} INFO - [2025-09-23T23:35:18.580+0000] {dag.py:3036} INFO - Sync 1 DAGs
[2025-09-23T23:35:18.593+0000] {logging_mixin.py:188} INFO - [2025-09-23T23:35:18.593+0000] {dag.py:3823} INFO - Setting next_dagrun for day7_customer_churn_pipeline to None, run_after=None
[2025-09-23T23:35:18.624+0000] {processor.py:183} INFO - Processing /opt/airflow/dags/customer_churn_pipeline.py took 1.057 seconds
[2025-09-23T23:35:48.896+0000] {processor.py:161} INFO - Started process (PID=8080) to work on /opt/airflow/dags/customer_churn_pipeline.py
[2025-09-23T23:35:48.897+0000] {processor.py:830} INFO - Processing file /opt/airflow/dags/customer_churn_pipeline.py for tasks to queue
[2025-09-23T23:35:48.905+0000] {logging_mixin.py:188} INFO - [2025-09-23T23:35:48.905+0000] {dagbag.py:538} INFO - Filling up the DagBag from /opt/airflow/dags/customer_churn_pipeline.py
[2025-09-23T23:35:50.007+0000] {processor.py:840} INFO - DAG(s) 'day7_customer_churn_pipeline' retrieved from /opt/airflow/dags/customer_churn_pipeline.py
[2025-09-23T23:35:50.042+0000] {logging_mixin.py:188} INFO - [2025-09-23T23:35:50.041+0000] {dag.py:3036} INFO - Sync 1 DAGs
[2025-09-23T23:35:50.060+0000] {logging_mixin.py:188} INFO - [2025-09-23T23:35:50.060+0000] {dag.py:3823} INFO - Setting next_dagrun for day7_customer_churn_pipeline to None, run_after=None
[2025-09-23T23:35:50.086+0000] {processor.py:183} INFO - Processing /opt/airflow/dags/customer_churn_pipeline.py took 1.193 seconds
[2025-09-23T23:36:20.396+0000] {processor.py:161} INFO - Started process (PID=8099) to work on /opt/airflow/dags/customer_churn_pipeline.py
[2025-09-23T23:36:20.397+0000] {processor.py:830} INFO - Processing file /opt/airflow/dags/customer_churn_pipeline.py for tasks to queue
[2025-09-23T23:36:20.399+0000] {logging_mixin.py:188} INFO - [2025-09-23T23:36:20.399+0000] {dagbag.py:538} INFO - Filling up the DagBag from /opt/airflow/dags/customer_churn_pipeline.py
[2025-09-23T23:36:21.315+0000] {processor.py:840} INFO - DAG(s) 'day7_customer_churn_pipeline' retrieved from /opt/airflow/dags/customer_churn_pipeline.py
[2025-09-23T23:36:21.339+0000] {logging_mixin.py:188} INFO - [2025-09-23T23:36:21.338+0000] {dag.py:3036} INFO - Sync 1 DAGs
[2025-09-23T23:36:21.350+0000] {logging_mixin.py:188} INFO - [2025-09-23T23:36:21.350+0000] {dag.py:3823} INFO - Setting next_dagrun for day7_customer_churn_pipeline to None, run_after=None
[2025-09-23T23:36:21.375+0000] {processor.py:183} INFO - Processing /opt/airflow/dags/customer_churn_pipeline.py took 0.986 seconds
[2025-09-23T23:36:51.599+0000] {processor.py:161} INFO - Started process (PID=8118) to work on /opt/airflow/dags/customer_churn_pipeline.py
[2025-09-23T23:36:51.601+0000] {processor.py:830} INFO - Processing file /opt/airflow/dags/customer_churn_pipeline.py for tasks to queue
[2025-09-23T23:36:51.602+0000] {logging_mixin.py:188} INFO - [2025-09-23T23:36:51.602+0000] {dagbag.py:538} INFO - Filling up the DagBag from /opt/airflow/dags/customer_churn_pipeline.py
[2025-09-23T23:36:52.574+0000] {processor.py:840} INFO - DAG(s) 'day7_customer_churn_pipeline' retrieved from /opt/airflow/dags/customer_churn_pipeline.py
[2025-09-23T23:36:52.610+0000] {logging_mixin.py:188} INFO - [2025-09-23T23:36:52.610+0000] {dag.py:3036} INFO - Sync 1 DAGs
[2025-09-23T23:36:52.641+0000] {logging_mixin.py:188} INFO - [2025-09-23T23:36:52.640+0000] {dag.py:3823} INFO - Setting next_dagrun for day7_customer_churn_pipeline to None, run_after=None
[2025-09-23T23:36:52.682+0000] {processor.py:183} INFO - Processing /opt/airflow/dags/customer_churn_pipeline.py took 1.086 seconds
[2025-09-23T23:37:22.945+0000] {processor.py:161} INFO - Started process (PID=8137) to work on /opt/airflow/dags/customer_churn_pipeline.py
[2025-09-23T23:37:22.947+0000] {processor.py:830} INFO - Processing file /opt/airflow/dags/customer_churn_pipeline.py for tasks to queue
[2025-09-23T23:37:22.949+0000] {logging_mixin.py:188} INFO - [2025-09-23T23:37:22.949+0000] {dagbag.py:538} INFO - Filling up the DagBag from /opt/airflow/dags/customer_churn_pipeline.py
[2025-09-23T23:37:23.877+0000] {processor.py:840} INFO - DAG(s) 'day7_customer_churn_pipeline' retrieved from /opt/airflow/dags/customer_churn_pipeline.py
[2025-09-23T23:37:23.903+0000] {logging_mixin.py:188} INFO - [2025-09-23T23:37:23.902+0000] {dag.py:3036} INFO - Sync 1 DAGs
[2025-09-23T23:37:23.914+0000] {logging_mixin.py:188} INFO - [2025-09-23T23:37:23.914+0000] {dag.py:3823} INFO - Setting next_dagrun for day7_customer_churn_pipeline to None, run_after=None
[2025-09-23T23:37:23.944+0000] {processor.py:183} INFO - Processing /opt/airflow/dags/customer_churn_pipeline.py took 1.002 seconds
[2025-09-23T23:37:54.392+0000] {processor.py:161} INFO - Started process (PID=8156) to work on /opt/airflow/dags/customer_churn_pipeline.py
[2025-09-23T23:37:54.394+0000] {processor.py:830} INFO - Processing file /opt/airflow/dags/customer_churn_pipeline.py for tasks to queue
[2025-09-23T23:37:54.397+0000] {logging_mixin.py:188} INFO - [2025-09-23T23:37:54.397+0000] {dagbag.py:538} INFO - Filling up the DagBag from /opt/airflow/dags/customer_churn_pipeline.py
[2025-09-23T23:37:55.246+0000] {processor.py:840} INFO - DAG(s) 'day7_customer_churn_pipeline' retrieved from /opt/airflow/dags/customer_churn_pipeline.py
[2025-09-23T23:37:55.274+0000] {logging_mixin.py:188} INFO - [2025-09-23T23:37:55.273+0000] {dag.py:3036} INFO - Sync 1 DAGs
[2025-09-23T23:37:55.285+0000] {logging_mixin.py:188} INFO - [2025-09-23T23:37:55.284+0000] {dag.py:3823} INFO - Setting next_dagrun for day7_customer_churn_pipeline to None, run_after=None
[2025-09-23T23:37:55.316+0000] {processor.py:183} INFO - Processing /opt/airflow/dags/customer_churn_pipeline.py took 0.927 seconds
[2025-09-23T23:38:25.657+0000] {processor.py:161} INFO - Started process (PID=8175) to work on /opt/airflow/dags/customer_churn_pipeline.py
[2025-09-23T23:38:25.659+0000] {processor.py:830} INFO - Processing file /opt/airflow/dags/customer_churn_pipeline.py for tasks to queue
[2025-09-23T23:38:25.663+0000] {logging_mixin.py:188} INFO - [2025-09-23T23:38:25.662+0000] {dagbag.py:538} INFO - Filling up the DagBag from /opt/airflow/dags/customer_churn_pipeline.py
[2025-09-23T23:38:26.547+0000] {processor.py:840} INFO - DAG(s) 'day7_customer_churn_pipeline' retrieved from /opt/airflow/dags/customer_churn_pipeline.py
[2025-09-23T23:38:26.580+0000] {logging_mixin.py:188} INFO - [2025-09-23T23:38:26.579+0000] {dag.py:3036} INFO - Sync 1 DAGs
[2025-09-23T23:38:26.601+0000] {logging_mixin.py:188} INFO - [2025-09-23T23:38:26.600+0000] {dag.py:3823} INFO - Setting next_dagrun for day7_customer_churn_pipeline to None, run_after=None
[2025-09-23T23:38:26.630+0000] {processor.py:183} INFO - Processing /opt/airflow/dags/customer_churn_pipeline.py took 0.977 seconds
[2025-09-23T23:38:57.058+0000] {processor.py:161} INFO - Started process (PID=8194) to work on /opt/airflow/dags/customer_churn_pipeline.py
[2025-09-23T23:38:57.060+0000] {processor.py:830} INFO - Processing file /opt/airflow/dags/customer_churn_pipeline.py for tasks to queue
[2025-09-23T23:38:57.065+0000] {logging_mixin.py:188} INFO - [2025-09-23T23:38:57.064+0000] {dagbag.py:538} INFO - Filling up the DagBag from /opt/airflow/dags/customer_churn_pipeline.py
[2025-09-23T23:38:58.544+0000] {processor.py:840} INFO - DAG(s) 'day7_customer_churn_pipeline' retrieved from /opt/airflow/dags/customer_churn_pipeline.py
[2025-09-23T23:38:58.576+0000] {logging_mixin.py:188} INFO - [2025-09-23T23:38:58.575+0000] {dag.py:3036} INFO - Sync 1 DAGs
[2025-09-23T23:38:58.592+0000] {logging_mixin.py:188} INFO - [2025-09-23T23:38:58.591+0000] {dag.py:3823} INFO - Setting next_dagrun for day7_customer_churn_pipeline to None, run_after=None
[2025-09-23T23:38:58.623+0000] {processor.py:183} INFO - Processing /opt/airflow/dags/customer_churn_pipeline.py took 1.571 seconds
[2025-09-23T23:39:29.388+0000] {processor.py:161} INFO - Started process (PID=8213) to work on /opt/airflow/dags/customer_churn_pipeline.py
[2025-09-23T23:39:29.389+0000] {processor.py:830} INFO - Processing file /opt/airflow/dags/customer_churn_pipeline.py for tasks to queue
[2025-09-23T23:39:29.391+0000] {logging_mixin.py:188} INFO - [2025-09-23T23:39:29.391+0000] {dagbag.py:538} INFO - Filling up the DagBag from /opt/airflow/dags/customer_churn_pipeline.py
[2025-09-23T23:39:30.218+0000] {processor.py:840} INFO - DAG(s) 'day7_customer_churn_pipeline' retrieved from /opt/airflow/dags/customer_churn_pipeline.py
[2025-09-23T23:39:30.274+0000] {logging_mixin.py:188} INFO - [2025-09-23T23:39:30.273+0000] {dag.py:3036} INFO - Sync 1 DAGs
[2025-09-23T23:39:30.289+0000] {logging_mixin.py:188} INFO - [2025-09-23T23:39:30.289+0000] {dag.py:3823} INFO - Setting next_dagrun for day7_customer_churn_pipeline to None, run_after=None
[2025-09-23T23:39:30.313+0000] {processor.py:183} INFO - Processing /opt/airflow/dags/customer_churn_pipeline.py took 0.929 seconds
[2025-09-23T23:40:00.651+0000] {processor.py:161} INFO - Started process (PID=8232) to work on /opt/airflow/dags/customer_churn_pipeline.py
[2025-09-23T23:40:00.653+0000] {processor.py:830} INFO - Processing file /opt/airflow/dags/customer_churn_pipeline.py for tasks to queue
[2025-09-23T23:40:00.657+0000] {logging_mixin.py:188} INFO - [2025-09-23T23:40:00.656+0000] {dagbag.py:538} INFO - Filling up the DagBag from /opt/airflow/dags/customer_churn_pipeline.py
[2025-09-23T23:40:01.555+0000] {processor.py:840} INFO - DAG(s) 'day7_customer_churn_pipeline' retrieved from /opt/airflow/dags/customer_churn_pipeline.py
[2025-09-23T23:40:01.582+0000] {logging_mixin.py:188} INFO - [2025-09-23T23:40:01.582+0000] {dag.py:3036} INFO - Sync 1 DAGs
[2025-09-23T23:40:01.593+0000] {logging_mixin.py:188} INFO - [2025-09-23T23:40:01.593+0000] {dag.py:3823} INFO - Setting next_dagrun for day7_customer_churn_pipeline to None, run_after=None
[2025-09-23T23:40:01.620+0000] {processor.py:183} INFO - Processing /opt/airflow/dags/customer_churn_pipeline.py took 0.975 seconds
[2025-09-23T23:40:32.639+0000] {processor.py:161} INFO - Started process (PID=8251) to work on /opt/airflow/dags/customer_churn_pipeline.py
[2025-09-23T23:40:32.698+0000] {processor.py:830} INFO - Processing file /opt/airflow/dags/customer_churn_pipeline.py for tasks to queue
[2025-09-23T23:40:32.807+0000] {logging_mixin.py:188} INFO - [2025-09-23T23:40:32.806+0000] {dagbag.py:538} INFO - Filling up the DagBag from /opt/airflow/dags/customer_churn_pipeline.py
[2025-09-23T23:40:34.360+0000] {processor.py:840} INFO - DAG(s) 'day7_customer_churn_pipeline' retrieved from /opt/airflow/dags/customer_churn_pipeline.py
[2025-09-23T23:40:34.409+0000] {logging_mixin.py:188} INFO - [2025-09-23T23:40:34.408+0000] {dag.py:3036} INFO - Sync 1 DAGs
[2025-09-23T23:40:34.427+0000] {logging_mixin.py:188} INFO - [2025-09-23T23:40:34.427+0000] {dag.py:3823} INFO - Setting next_dagrun for day7_customer_churn_pipeline to None, run_after=None
[2025-09-23T23:40:34.458+0000] {processor.py:183} INFO - Processing /opt/airflow/dags/customer_churn_pipeline.py took 1.995 seconds
[2025-09-23T23:41:04.684+0000] {processor.py:161} INFO - Started process (PID=8270) to work on /opt/airflow/dags/customer_churn_pipeline.py
[2025-09-23T23:41:04.686+0000] {processor.py:830} INFO - Processing file /opt/airflow/dags/customer_churn_pipeline.py for tasks to queue
[2025-09-23T23:41:04.689+0000] {logging_mixin.py:188} INFO - [2025-09-23T23:41:04.689+0000] {dagbag.py:538} INFO - Filling up the DagBag from /opt/airflow/dags/customer_churn_pipeline.py
[2025-09-23T23:41:05.726+0000] {processor.py:840} INFO - DAG(s) 'day7_customer_churn_pipeline' retrieved from /opt/airflow/dags/customer_churn_pipeline.py
[2025-09-23T23:41:05.751+0000] {logging_mixin.py:188} INFO - [2025-09-23T23:41:05.751+0000] {dag.py:3036} INFO - Sync 1 DAGs
[2025-09-23T23:41:05.763+0000] {logging_mixin.py:188} INFO - [2025-09-23T23:41:05.762+0000] {dag.py:3823} INFO - Setting next_dagrun for day7_customer_churn_pipeline to None, run_after=None
[2025-09-23T23:41:05.791+0000] {processor.py:183} INFO - Processing /opt/airflow/dags/customer_churn_pipeline.py took 1.113 seconds
[2025-09-23T23:41:13.873+0000] {processor.py:161} INFO - Started process (PID=8289) to work on /opt/airflow/dags/customer_churn_pipeline.py
[2025-09-23T23:41:13.875+0000] {processor.py:830} INFO - Processing file /opt/airflow/dags/customer_churn_pipeline.py for tasks to queue
[2025-09-23T23:41:13.878+0000] {logging_mixin.py:188} INFO - [2025-09-23T23:41:13.877+0000] {dagbag.py:538} INFO - Filling up the DagBag from /opt/airflow/dags/customer_churn_pipeline.py
[2025-09-23T23:41:14.817+0000] {processor.py:840} INFO - DAG(s) 'day7_customer_churn_pipeline' retrieved from /opt/airflow/dags/customer_churn_pipeline.py
[2025-09-23T23:41:14.871+0000] {logging_mixin.py:188} INFO - [2025-09-23T23:41:14.869+0000] {dag.py:3036} INFO - Sync 1 DAGs
[2025-09-23T23:41:14.925+0000] {logging_mixin.py:188} INFO - [2025-09-23T23:41:14.925+0000] {dag.py:3823} INFO - Setting next_dagrun for day7_customer_churn_pipeline to None, run_after=None
[2025-09-23T23:41:15.030+0000] {processor.py:183} INFO - Processing /opt/airflow/dags/customer_churn_pipeline.py took 1.161 seconds
[2025-09-23T23:41:45.460+0000] {processor.py:161} INFO - Started process (PID=8308) to work on /opt/airflow/dags/customer_churn_pipeline.py
[2025-09-23T23:41:45.463+0000] {processor.py:830} INFO - Processing file /opt/airflow/dags/customer_churn_pipeline.py for tasks to queue
[2025-09-23T23:41:45.467+0000] {logging_mixin.py:188} INFO - [2025-09-23T23:41:45.467+0000] {dagbag.py:538} INFO - Filling up the DagBag from /opt/airflow/dags/customer_churn_pipeline.py
[2025-09-23T23:41:46.397+0000] {processor.py:840} INFO - DAG(s) 'day7_customer_churn_pipeline' retrieved from /opt/airflow/dags/customer_churn_pipeline.py
[2025-09-23T23:41:46.417+0000] {logging_mixin.py:188} INFO - [2025-09-23T23:41:46.417+0000] {dag.py:3036} INFO - Sync 1 DAGs
[2025-09-23T23:41:46.435+0000] {logging_mixin.py:188} INFO - [2025-09-23T23:41:46.435+0000] {dag.py:3823} INFO - Setting next_dagrun for day7_customer_churn_pipeline to None, run_after=None
[2025-09-23T23:41:46.474+0000] {processor.py:183} INFO - Processing /opt/airflow/dags/customer_churn_pipeline.py took 1.018 seconds
[2025-09-23T23:42:16.949+0000] {processor.py:161} INFO - Started process (PID=8327) to work on /opt/airflow/dags/customer_churn_pipeline.py
[2025-09-23T23:42:16.951+0000] {processor.py:830} INFO - Processing file /opt/airflow/dags/customer_churn_pipeline.py for tasks to queue
[2025-09-23T23:42:16.955+0000] {logging_mixin.py:188} INFO - [2025-09-23T23:42:16.954+0000] {dagbag.py:538} INFO - Filling up the DagBag from /opt/airflow/dags/customer_churn_pipeline.py
[2025-09-23T23:42:17.991+0000] {processor.py:840} INFO - DAG(s) 'day7_customer_churn_pipeline' retrieved from /opt/airflow/dags/customer_churn_pipeline.py
[2025-09-23T23:42:18.027+0000] {logging_mixin.py:188} INFO - [2025-09-23T23:42:18.026+0000] {dag.py:3036} INFO - Sync 1 DAGs
[2025-09-23T23:42:18.045+0000] {logging_mixin.py:188} INFO - [2025-09-23T23:42:18.045+0000] {dag.py:3823} INFO - Setting next_dagrun for day7_customer_churn_pipeline to None, run_after=None
[2025-09-23T23:42:18.106+0000] {processor.py:183} INFO - Processing /opt/airflow/dags/customer_churn_pipeline.py took 1.163 seconds
[2025-09-23T23:42:48.426+0000] {processor.py:161} INFO - Started process (PID=8346) to work on /opt/airflow/dags/customer_churn_pipeline.py
[2025-09-23T23:42:48.428+0000] {processor.py:830} INFO - Processing file /opt/airflow/dags/customer_churn_pipeline.py for tasks to queue
[2025-09-23T23:42:48.430+0000] {logging_mixin.py:188} INFO - [2025-09-23T23:42:48.430+0000] {dagbag.py:538} INFO - Filling up the DagBag from /opt/airflow/dags/customer_churn_pipeline.py
[2025-09-23T23:42:49.843+0000] {processor.py:840} INFO - DAG(s) 'day7_customer_churn_pipeline' retrieved from /opt/airflow/dags/customer_churn_pipeline.py
[2025-09-23T23:42:49.868+0000] {logging_mixin.py:188} INFO - [2025-09-23T23:42:49.867+0000] {dag.py:3036} INFO - Sync 1 DAGs
[2025-09-23T23:42:49.882+0000] {logging_mixin.py:188} INFO - [2025-09-23T23:42:49.882+0000] {dag.py:3823} INFO - Setting next_dagrun for day7_customer_churn_pipeline to None, run_after=None
[2025-09-23T23:42:49.917+0000] {processor.py:183} INFO - Processing /opt/airflow/dags/customer_churn_pipeline.py took 1.494 seconds
[2025-09-23T23:43:20.506+0000] {processor.py:161} INFO - Started process (PID=8365) to work on /opt/airflow/dags/customer_churn_pipeline.py
[2025-09-23T23:43:20.508+0000] {processor.py:830} INFO - Processing file /opt/airflow/dags/customer_churn_pipeline.py for tasks to queue
[2025-09-23T23:43:20.512+0000] {logging_mixin.py:188} INFO - [2025-09-23T23:43:20.511+0000] {dagbag.py:538} INFO - Filling up the DagBag from /opt/airflow/dags/customer_churn_pipeline.py
[2025-09-23T23:43:21.394+0000] {processor.py:840} INFO - DAG(s) 'day7_customer_churn_pipeline' retrieved from /opt/airflow/dags/customer_churn_pipeline.py
[2025-09-23T23:43:21.420+0000] {logging_mixin.py:188} INFO - [2025-09-23T23:43:21.420+0000] {dag.py:3036} INFO - Sync 1 DAGs
[2025-09-23T23:43:21.430+0000] {logging_mixin.py:188} INFO - [2025-09-23T23:43:21.430+0000] {dag.py:3823} INFO - Setting next_dagrun for day7_customer_churn_pipeline to None, run_after=None
[2025-09-23T23:43:21.448+0000] {processor.py:183} INFO - Processing /opt/airflow/dags/customer_churn_pipeline.py took 0.948 seconds
[2025-09-23T23:43:51.910+0000] {processor.py:161} INFO - Started process (PID=8384) to work on /opt/airflow/dags/customer_churn_pipeline.py
[2025-09-23T23:43:51.911+0000] {processor.py:830} INFO - Processing file /opt/airflow/dags/customer_churn_pipeline.py for tasks to queue
[2025-09-23T23:43:51.913+0000] {logging_mixin.py:188} INFO - [2025-09-23T23:43:51.913+0000] {dagbag.py:538} INFO - Filling up the DagBag from /opt/airflow/dags/customer_churn_pipeline.py
[2025-09-23T23:43:52.804+0000] {processor.py:840} INFO - DAG(s) 'day7_customer_churn_pipeline' retrieved from /opt/airflow/dags/customer_churn_pipeline.py
[2025-09-23T23:43:52.824+0000] {logging_mixin.py:188} INFO - [2025-09-23T23:43:52.824+0000] {dag.py:3036} INFO - Sync 1 DAGs
[2025-09-23T23:43:52.838+0000] {logging_mixin.py:188} INFO - [2025-09-23T23:43:52.838+0000] {dag.py:3823} INFO - Setting next_dagrun for day7_customer_churn_pipeline to None, run_after=None
[2025-09-23T23:43:52.867+0000] {processor.py:183} INFO - Processing /opt/airflow/dags/customer_churn_pipeline.py took 0.962 seconds
[2025-09-23T23:44:23.092+0000] {processor.py:161} INFO - Started process (PID=8403) to work on /opt/airflow/dags/customer_churn_pipeline.py
[2025-09-23T23:44:23.093+0000] {processor.py:830} INFO - Processing file /opt/airflow/dags/customer_churn_pipeline.py for tasks to queue
[2025-09-23T23:44:23.095+0000] {logging_mixin.py:188} INFO - [2025-09-23T23:44:23.095+0000] {dagbag.py:538} INFO - Filling up the DagBag from /opt/airflow/dags/customer_churn_pipeline.py
[2025-09-23T23:44:23.845+0000] {processor.py:840} INFO - DAG(s) 'day7_customer_churn_pipeline' retrieved from /opt/airflow/dags/customer_churn_pipeline.py
[2025-09-23T23:44:23.867+0000] {logging_mixin.py:188} INFO - [2025-09-23T23:44:23.866+0000] {dag.py:3036} INFO - Sync 1 DAGs
[2025-09-23T23:44:23.878+0000] {logging_mixin.py:188} INFO - [2025-09-23T23:44:23.878+0000] {dag.py:3823} INFO - Setting next_dagrun for day7_customer_churn_pipeline to None, run_after=None
[2025-09-23T23:44:23.893+0000] {processor.py:183} INFO - Processing /opt/airflow/dags/customer_churn_pipeline.py took 0.804 seconds
[2025-09-23T23:44:54.026+0000] {processor.py:161} INFO - Started process (PID=8422) to work on /opt/airflow/dags/customer_churn_pipeline.py
[2025-09-23T23:44:54.027+0000] {processor.py:830} INFO - Processing file /opt/airflow/dags/customer_churn_pipeline.py for tasks to queue
[2025-09-23T23:44:54.029+0000] {logging_mixin.py:188} INFO - [2025-09-23T23:44:54.029+0000] {dagbag.py:538} INFO - Filling up the DagBag from /opt/airflow/dags/customer_churn_pipeline.py
[2025-09-23T23:44:54.764+0000] {processor.py:840} INFO - DAG(s) 'day7_customer_churn_pipeline' retrieved from /opt/airflow/dags/customer_churn_pipeline.py
[2025-09-23T23:44:54.785+0000] {logging_mixin.py:188} INFO - [2025-09-23T23:44:54.784+0000] {dag.py:3036} INFO - Sync 1 DAGs
[2025-09-23T23:44:54.796+0000] {logging_mixin.py:188} INFO - [2025-09-23T23:44:54.795+0000] {dag.py:3823} INFO - Setting next_dagrun for day7_customer_churn_pipeline to None, run_after=None
[2025-09-23T23:44:54.815+0000] {processor.py:183} INFO - Processing /opt/airflow/dags/customer_churn_pipeline.py took 0.791 seconds
[2025-09-23T23:45:24.938+0000] {processor.py:161} INFO - Started process (PID=8441) to work on /opt/airflow/dags/customer_churn_pipeline.py
[2025-09-23T23:45:24.940+0000] {processor.py:830} INFO - Processing file /opt/airflow/dags/customer_churn_pipeline.py for tasks to queue
[2025-09-23T23:45:24.941+0000] {logging_mixin.py:188} INFO - [2025-09-23T23:45:24.941+0000] {dagbag.py:538} INFO - Filling up the DagBag from /opt/airflow/dags/customer_churn_pipeline.py
[2025-09-23T23:45:25.717+0000] {processor.py:840} INFO - DAG(s) 'day7_customer_churn_pipeline' retrieved from /opt/airflow/dags/customer_churn_pipeline.py
[2025-09-23T23:45:25.742+0000] {logging_mixin.py:188} INFO - [2025-09-23T23:45:25.742+0000] {dag.py:3036} INFO - Sync 1 DAGs
[2025-09-23T23:45:25.753+0000] {logging_mixin.py:188} INFO - [2025-09-23T23:45:25.753+0000] {dag.py:3823} INFO - Setting next_dagrun for day7_customer_churn_pipeline to None, run_after=None
[2025-09-23T23:45:25.775+0000] {processor.py:183} INFO - Processing /opt/airflow/dags/customer_churn_pipeline.py took 0.840 seconds
[2025-09-23T23:45:55.912+0000] {processor.py:161} INFO - Started process (PID=8460) to work on /opt/airflow/dags/customer_churn_pipeline.py
[2025-09-23T23:45:55.914+0000] {processor.py:830} INFO - Processing file /opt/airflow/dags/customer_churn_pipeline.py for tasks to queue
[2025-09-23T23:45:55.915+0000] {logging_mixin.py:188} INFO - [2025-09-23T23:45:55.915+0000] {dagbag.py:538} INFO - Filling up the DagBag from /opt/airflow/dags/customer_churn_pipeline.py
[2025-09-23T23:45:56.669+0000] {processor.py:840} INFO - DAG(s) 'day7_customer_churn_pipeline' retrieved from /opt/airflow/dags/customer_churn_pipeline.py
[2025-09-23T23:45:56.691+0000] {logging_mixin.py:188} INFO - [2025-09-23T23:45:56.691+0000] {dag.py:3036} INFO - Sync 1 DAGs
[2025-09-23T23:45:56.701+0000] {logging_mixin.py:188} INFO - [2025-09-23T23:45:56.700+0000] {dag.py:3823} INFO - Setting next_dagrun for day7_customer_churn_pipeline to None, run_after=None
[2025-09-23T23:45:56.719+0000] {processor.py:183} INFO - Processing /opt/airflow/dags/customer_churn_pipeline.py took 0.810 seconds
[2025-09-23T23:45:59.486+0000] {processor.py:161} INFO - Started process (PID=8479) to work on /opt/airflow/dags/customer_churn_pipeline.py
[2025-09-23T23:45:59.487+0000] {processor.py:830} INFO - Processing file /opt/airflow/dags/customer_churn_pipeline.py for tasks to queue
[2025-09-23T23:45:59.489+0000] {logging_mixin.py:188} INFO - [2025-09-23T23:45:59.489+0000] {dagbag.py:538} INFO - Filling up the DagBag from /opt/airflow/dags/customer_churn_pipeline.py
[2025-09-23T23:46:00.192+0000] {processor.py:840} INFO - DAG(s) 'day7_customer_churn_pipeline' retrieved from /opt/airflow/dags/customer_churn_pipeline.py
[2025-09-23T23:46:00.215+0000] {logging_mixin.py:188} INFO - [2025-09-23T23:46:00.215+0000] {dag.py:3036} INFO - Sync 1 DAGs
[2025-09-23T23:46:00.225+0000] {logging_mixin.py:188} INFO - [2025-09-23T23:46:00.225+0000] {dag.py:3823} INFO - Setting next_dagrun for day7_customer_churn_pipeline to None, run_after=None
[2025-09-23T23:46:00.252+0000] {processor.py:183} INFO - Processing /opt/airflow/dags/customer_churn_pipeline.py took 0.769 seconds
[2025-09-23T23:46:30.374+0000] {processor.py:161} INFO - Started process (PID=8498) to work on /opt/airflow/dags/customer_churn_pipeline.py
[2025-09-23T23:46:30.375+0000] {processor.py:830} INFO - Processing file /opt/airflow/dags/customer_churn_pipeline.py for tasks to queue
[2025-09-23T23:46:30.376+0000] {logging_mixin.py:188} INFO - [2025-09-23T23:46:30.376+0000] {dagbag.py:538} INFO - Filling up the DagBag from /opt/airflow/dags/customer_churn_pipeline.py
[2025-09-23T23:46:31.134+0000] {processor.py:840} INFO - DAG(s) 'day7_customer_churn_pipeline' retrieved from /opt/airflow/dags/customer_churn_pipeline.py
[2025-09-23T23:46:31.154+0000] {logging_mixin.py:188} INFO - [2025-09-23T23:46:31.154+0000] {dag.py:3036} INFO - Sync 1 DAGs
[2025-09-23T23:46:31.165+0000] {logging_mixin.py:188} INFO - [2025-09-23T23:46:31.165+0000] {dag.py:3823} INFO - Setting next_dagrun for day7_customer_churn_pipeline to None, run_after=None
[2025-09-23T23:46:31.186+0000] {processor.py:183} INFO - Processing /opt/airflow/dags/customer_churn_pipeline.py took 0.815 seconds
[2025-09-23T23:47:01.286+0000] {processor.py:161} INFO - Started process (PID=8517) to work on /opt/airflow/dags/customer_churn_pipeline.py
[2025-09-23T23:47:01.287+0000] {processor.py:830} INFO - Processing file /opt/airflow/dags/customer_churn_pipeline.py for tasks to queue
[2025-09-23T23:47:01.289+0000] {logging_mixin.py:188} INFO - [2025-09-23T23:47:01.289+0000] {dagbag.py:538} INFO - Filling up the DagBag from /opt/airflow/dags/customer_churn_pipeline.py
[2025-09-23T23:47:01.903+0000] {processor.py:840} INFO - DAG(s) 'day7_customer_churn_pipeline' retrieved from /opt/airflow/dags/customer_churn_pipeline.py
[2025-09-23T23:47:01.922+0000] {logging_mixin.py:188} INFO - [2025-09-23T23:47:01.922+0000] {dag.py:3036} INFO - Sync 1 DAGs
[2025-09-23T23:47:01.934+0000] {logging_mixin.py:188} INFO - [2025-09-23T23:47:01.934+0000] {dag.py:3823} INFO - Setting next_dagrun for day7_customer_churn_pipeline to None, run_after=None
[2025-09-23T23:47:01.949+0000] {processor.py:183} INFO - Processing /opt/airflow/dags/customer_churn_pipeline.py took 0.823 seconds
[2025-09-23T23:47:32.023+0000] {processor.py:161} INFO - Started process (PID=8536) to work on /opt/airflow/dags/customer_churn_pipeline.py
[2025-09-23T23:47:32.025+0000] {processor.py:830} INFO - Processing file /opt/airflow/dags/customer_churn_pipeline.py for tasks to queue
[2025-09-23T23:47:32.026+0000] {logging_mixin.py:188} INFO - [2025-09-23T23:47:32.026+0000] {dagbag.py:538} INFO - Filling up the DagBag from /opt/airflow/dags/customer_churn_pipeline.py
[2025-09-23T23:47:32.736+0000] {processor.py:840} INFO - DAG(s) 'day7_customer_churn_pipeline' retrieved from /opt/airflow/dags/customer_churn_pipeline.py
[2025-09-23T23:47:32.758+0000] {logging_mixin.py:188} INFO - [2025-09-23T23:47:32.758+0000] {dag.py:3036} INFO - Sync 1 DAGs
[2025-09-23T23:47:32.768+0000] {logging_mixin.py:188} INFO - [2025-09-23T23:47:32.768+0000] {dag.py:3823} INFO - Setting next_dagrun for day7_customer_churn_pipeline to None, run_after=None
[2025-09-23T23:47:32.784+0000] {processor.py:183} INFO - Processing /opt/airflow/dags/customer_churn_pipeline.py took 0.763 seconds
[2025-09-23T23:48:02.929+0000] {processor.py:161} INFO - Started process (PID=8555) to work on /opt/airflow/dags/customer_churn_pipeline.py
[2025-09-23T23:48:02.930+0000] {processor.py:830} INFO - Processing file /opt/airflow/dags/customer_churn_pipeline.py for tasks to queue
[2025-09-23T23:48:02.932+0000] {logging_mixin.py:188} INFO - [2025-09-23T23:48:02.931+0000] {dagbag.py:538} INFO - Filling up the DagBag from /opt/airflow/dags/customer_churn_pipeline.py
[2025-09-23T23:48:03.654+0000] {processor.py:840} INFO - DAG(s) 'day7_customer_churn_pipeline' retrieved from /opt/airflow/dags/customer_churn_pipeline.py
[2025-09-23T23:48:03.675+0000] {logging_mixin.py:188} INFO - [2025-09-23T23:48:03.675+0000] {dag.py:3036} INFO - Sync 1 DAGs
[2025-09-23T23:48:03.685+0000] {logging_mixin.py:188} INFO - [2025-09-23T23:48:03.684+0000] {dag.py:3823} INFO - Setting next_dagrun for day7_customer_churn_pipeline to None, run_after=None
[2025-09-23T23:48:03.703+0000] {processor.py:183} INFO - Processing /opt/airflow/dags/customer_churn_pipeline.py took 0.777 seconds
[2025-09-23T23:48:33.805+0000] {processor.py:161} INFO - Started process (PID=8574) to work on /opt/airflow/dags/customer_churn_pipeline.py
[2025-09-23T23:48:33.806+0000] {processor.py:830} INFO - Processing file /opt/airflow/dags/customer_churn_pipeline.py for tasks to queue
[2025-09-23T23:48:33.808+0000] {logging_mixin.py:188} INFO - [2025-09-23T23:48:33.808+0000] {dagbag.py:538} INFO - Filling up the DagBag from /opt/airflow/dags/customer_churn_pipeline.py
[2025-09-23T23:48:34.511+0000] {processor.py:840} INFO - DAG(s) 'day7_customer_churn_pipeline' retrieved from /opt/airflow/dags/customer_churn_pipeline.py
[2025-09-23T23:48:34.531+0000] {logging_mixin.py:188} INFO - [2025-09-23T23:48:34.530+0000] {dag.py:3036} INFO - Sync 1 DAGs
[2025-09-23T23:48:34.539+0000] {logging_mixin.py:188} INFO - [2025-09-23T23:48:34.539+0000] {dag.py:3823} INFO - Setting next_dagrun for day7_customer_churn_pipeline to None, run_after=None
[2025-09-23T23:48:34.556+0000] {processor.py:183} INFO - Processing /opt/airflow/dags/customer_churn_pipeline.py took 0.753 seconds
[2025-09-23T23:49:04.856+0000] {processor.py:161} INFO - Started process (PID=8593) to work on /opt/airflow/dags/customer_churn_pipeline.py
[2025-09-23T23:49:04.869+0000] {processor.py:830} INFO - Processing file /opt/airflow/dags/customer_churn_pipeline.py for tasks to queue
[2025-09-23T23:49:04.874+0000] {logging_mixin.py:188} INFO - [2025-09-23T23:49:04.873+0000] {dagbag.py:538} INFO - Filling up the DagBag from /opt/airflow/dags/customer_churn_pipeline.py
[2025-09-23T23:49:05.651+0000] {processor.py:840} INFO - DAG(s) 'day7_customer_churn_pipeline' retrieved from /opt/airflow/dags/customer_churn_pipeline.py
[2025-09-23T23:49:05.671+0000] {logging_mixin.py:188} INFO - [2025-09-23T23:49:05.670+0000] {dag.py:3036} INFO - Sync 1 DAGs
[2025-09-23T23:49:05.681+0000] {logging_mixin.py:188} INFO - [2025-09-23T23:49:05.681+0000] {dag.py:3823} INFO - Setting next_dagrun for day7_customer_churn_pipeline to None, run_after=None
[2025-09-23T23:49:05.728+0000] {processor.py:183} INFO - Processing /opt/airflow/dags/customer_churn_pipeline.py took 0.877 seconds
[2025-09-23T23:49:35.830+0000] {processor.py:161} INFO - Started process (PID=8612) to work on /opt/airflow/dags/customer_churn_pipeline.py
[2025-09-23T23:49:35.831+0000] {processor.py:830} INFO - Processing file /opt/airflow/dags/customer_churn_pipeline.py for tasks to queue
[2025-09-23T23:49:35.833+0000] {logging_mixin.py:188} INFO - [2025-09-23T23:49:35.833+0000] {dagbag.py:538} INFO - Filling up the DagBag from /opt/airflow/dags/customer_churn_pipeline.py
[2025-09-23T23:49:36.565+0000] {processor.py:840} INFO - DAG(s) 'day7_customer_churn_pipeline' retrieved from /opt/airflow/dags/customer_churn_pipeline.py
[2025-09-23T23:49:36.591+0000] {logging_mixin.py:188} INFO - [2025-09-23T23:49:36.590+0000] {dag.py:3036} INFO - Sync 1 DAGs
[2025-09-23T23:49:36.601+0000] {logging_mixin.py:188} INFO - [2025-09-23T23:49:36.601+0000] {dag.py:3823} INFO - Setting next_dagrun for day7_customer_churn_pipeline to None, run_after=None
[2025-09-23T23:49:36.618+0000] {processor.py:183} INFO - Processing /opt/airflow/dags/customer_churn_pipeline.py took 0.791 seconds
[2025-09-23T23:50:06.752+0000] {processor.py:161} INFO - Started process (PID=8631) to work on /opt/airflow/dags/customer_churn_pipeline.py
[2025-09-23T23:50:06.753+0000] {processor.py:830} INFO - Processing file /opt/airflow/dags/customer_churn_pipeline.py for tasks to queue
[2025-09-23T23:50:06.756+0000] {logging_mixin.py:188} INFO - [2025-09-23T23:50:06.755+0000] {dagbag.py:538} INFO - Filling up the DagBag from /opt/airflow/dags/customer_churn_pipeline.py
[2025-09-23T23:50:07.509+0000] {processor.py:840} INFO - DAG(s) 'day7_customer_churn_pipeline' retrieved from /opt/airflow/dags/customer_churn_pipeline.py
[2025-09-23T23:50:07.528+0000] {logging_mixin.py:188} INFO - [2025-09-23T23:50:07.528+0000] {dag.py:3036} INFO - Sync 1 DAGs
[2025-09-23T23:50:07.538+0000] {logging_mixin.py:188} INFO - [2025-09-23T23:50:07.537+0000] {dag.py:3823} INFO - Setting next_dagrun for day7_customer_churn_pipeline to None, run_after=None
[2025-09-23T23:50:07.555+0000] {processor.py:183} INFO - Processing /opt/airflow/dags/customer_churn_pipeline.py took 0.806 seconds
[2025-09-23T23:50:37.605+0000] {processor.py:161} INFO - Started process (PID=8650) to work on /opt/airflow/dags/customer_churn_pipeline.py
[2025-09-23T23:50:37.606+0000] {processor.py:830} INFO - Processing file /opt/airflow/dags/customer_churn_pipeline.py for tasks to queue
[2025-09-23T23:50:37.607+0000] {logging_mixin.py:188} INFO - [2025-09-23T23:50:37.607+0000] {dagbag.py:538} INFO - Filling up the DagBag from /opt/airflow/dags/customer_churn_pipeline.py
[2025-09-23T23:50:38.355+0000] {processor.py:840} INFO - DAG(s) 'day7_customer_churn_pipeline' retrieved from /opt/airflow/dags/customer_churn_pipeline.py
[2025-09-23T23:50:38.373+0000] {logging_mixin.py:188} INFO - [2025-09-23T23:50:38.373+0000] {dag.py:3036} INFO - Sync 1 DAGs
[2025-09-23T23:50:38.382+0000] {logging_mixin.py:188} INFO - [2025-09-23T23:50:38.382+0000] {dag.py:3823} INFO - Setting next_dagrun for day7_customer_churn_pipeline to None, run_after=None
[2025-09-23T23:50:38.401+0000] {processor.py:183} INFO - Processing /opt/airflow/dags/customer_churn_pipeline.py took 0.799 seconds
[2025-09-23T23:51:08.564+0000] {processor.py:161} INFO - Started process (PID=8669) to work on /opt/airflow/dags/customer_churn_pipeline.py
[2025-09-23T23:51:08.566+0000] {processor.py:830} INFO - Processing file /opt/airflow/dags/customer_churn_pipeline.py for tasks to queue
[2025-09-23T23:51:08.568+0000] {logging_mixin.py:188} INFO - [2025-09-23T23:51:08.567+0000] {dagbag.py:538} INFO - Filling up the DagBag from /opt/airflow/dags/customer_churn_pipeline.py
[2025-09-23T23:51:09.327+0000] {processor.py:840} INFO - DAG(s) 'day7_customer_churn_pipeline' retrieved from /opt/airflow/dags/customer_churn_pipeline.py
[2025-09-23T23:51:09.347+0000] {logging_mixin.py:188} INFO - [2025-09-23T23:51:09.346+0000] {dag.py:3036} INFO - Sync 1 DAGs
[2025-09-23T23:51:09.357+0000] {logging_mixin.py:188} INFO - [2025-09-23T23:51:09.357+0000] {dag.py:3823} INFO - Setting next_dagrun for day7_customer_churn_pipeline to None, run_after=None
[2025-09-23T23:51:09.374+0000] {processor.py:183} INFO - Processing /opt/airflow/dags/customer_churn_pipeline.py took 0.813 seconds
[2025-09-23T23:51:39.509+0000] {processor.py:161} INFO - Started process (PID=8688) to work on /opt/airflow/dags/customer_churn_pipeline.py
[2025-09-23T23:51:39.511+0000] {processor.py:830} INFO - Processing file /opt/airflow/dags/customer_churn_pipeline.py for tasks to queue
[2025-09-23T23:51:39.513+0000] {logging_mixin.py:188} INFO - [2025-09-23T23:51:39.512+0000] {dagbag.py:538} INFO - Filling up the DagBag from /opt/airflow/dags/customer_churn_pipeline.py
[2025-09-23T23:51:40.277+0000] {processor.py:840} INFO - DAG(s) 'day7_customer_churn_pipeline' retrieved from /opt/airflow/dags/customer_churn_pipeline.py
[2025-09-23T23:51:40.301+0000] {logging_mixin.py:188} INFO - [2025-09-23T23:51:40.300+0000] {dag.py:3036} INFO - Sync 1 DAGs
[2025-09-23T23:51:40.310+0000] {logging_mixin.py:188} INFO - [2025-09-23T23:51:40.309+0000] {dag.py:3823} INFO - Setting next_dagrun for day7_customer_churn_pipeline to None, run_after=None
[2025-09-23T23:51:40.332+0000] {processor.py:183} INFO - Processing /opt/airflow/dags/customer_churn_pipeline.py took 0.826 seconds
