[2025-09-22T11:08:48.050+0000] {processor.py:161} INFO - Started process (PID=616) to work on /opt/airflow/dags/customer_churn_pipeline.py
[2025-09-22T11:08:48.067+0000] {processor.py:830} INFO - Processing file /opt/airflow/dags/customer_churn_pipeline.py for tasks to queue
[2025-09-22T11:08:48.078+0000] {logging_mixin.py:188} INFO - [2025-09-22T11:08:48.077+0000] {dagbag.py:538} INFO - Filling up the DagBag from /opt/airflow/dags/customer_churn_pipeline.py
[2025-09-22T11:08:49.788+0000] {processor.py:840} INFO - DAG(s) 'day7_customer_churn_pipeline' retrieved from /opt/airflow/dags/customer_churn_pipeline.py
[2025-09-22T11:08:49.828+0000] {logging_mixin.py:188} INFO - [2025-09-22T11:08:49.827+0000] {dag.py:3036} INFO - Sync 1 DAGs
[2025-09-22T11:08:49.856+0000] {logging_mixin.py:188} INFO - [2025-09-22T11:08:49.855+0000] {dag.py:3823} INFO - Setting next_dagrun for day7_customer_churn_pipeline to None, run_after=None
[2025-09-22T11:08:49.913+0000] {processor.py:183} INFO - Processing /opt/airflow/dags/customer_churn_pipeline.py took 1.871 seconds
[2025-09-22T11:09:20.273+0000] {processor.py:161} INFO - Started process (PID=635) to work on /opt/airflow/dags/customer_churn_pipeline.py
[2025-09-22T11:09:20.275+0000] {processor.py:830} INFO - Processing file /opt/airflow/dags/customer_churn_pipeline.py for tasks to queue
[2025-09-22T11:09:20.279+0000] {logging_mixin.py:188} INFO - [2025-09-22T11:09:20.278+0000] {dagbag.py:538} INFO - Filling up the DagBag from /opt/airflow/dags/customer_churn_pipeline.py
[2025-09-22T11:09:21.531+0000] {processor.py:840} INFO - DAG(s) 'day7_customer_churn_pipeline' retrieved from /opt/airflow/dags/customer_churn_pipeline.py
[2025-09-22T11:09:21.570+0000] {logging_mixin.py:188} INFO - [2025-09-22T11:09:21.569+0000] {dag.py:3036} INFO - Sync 1 DAGs
[2025-09-22T11:09:21.590+0000] {logging_mixin.py:188} INFO - [2025-09-22T11:09:21.589+0000] {dag.py:3823} INFO - Setting next_dagrun for day7_customer_churn_pipeline to None, run_after=None
[2025-09-22T11:09:21.614+0000] {processor.py:183} INFO - Processing /opt/airflow/dags/customer_churn_pipeline.py took 1.348 seconds
[2025-09-22T11:09:52.423+0000] {processor.py:161} INFO - Started process (PID=654) to work on /opt/airflow/dags/customer_churn_pipeline.py
[2025-09-22T11:09:52.425+0000] {processor.py:830} INFO - Processing file /opt/airflow/dags/customer_churn_pipeline.py for tasks to queue
[2025-09-22T11:09:52.430+0000] {logging_mixin.py:188} INFO - [2025-09-22T11:09:52.429+0000] {dagbag.py:538} INFO - Filling up the DagBag from /opt/airflow/dags/customer_churn_pipeline.py
[2025-09-22T11:09:54.465+0000] {processor.py:840} INFO - DAG(s) 'day7_customer_churn_pipeline' retrieved from /opt/airflow/dags/customer_churn_pipeline.py
[2025-09-22T11:09:54.498+0000] {logging_mixin.py:188} INFO - [2025-09-22T11:09:54.497+0000] {dag.py:3036} INFO - Sync 1 DAGs
[2025-09-22T11:09:54.544+0000] {logging_mixin.py:188} INFO - [2025-09-22T11:09:54.543+0000] {dag.py:3823} INFO - Setting next_dagrun for day7_customer_churn_pipeline to None, run_after=None
[2025-09-22T11:09:54.574+0000] {processor.py:183} INFO - Processing /opt/airflow/dags/customer_churn_pipeline.py took 2.161 seconds
[2025-09-22T11:10:24.912+0000] {processor.py:161} INFO - Started process (PID=673) to work on /opt/airflow/dags/customer_churn_pipeline.py
[2025-09-22T11:10:24.915+0000] {processor.py:830} INFO - Processing file /opt/airflow/dags/customer_churn_pipeline.py for tasks to queue
[2025-09-22T11:10:24.936+0000] {logging_mixin.py:188} INFO - [2025-09-22T11:10:24.932+0000] {dagbag.py:538} INFO - Filling up the DagBag from /opt/airflow/dags/customer_churn_pipeline.py
[2025-09-22T11:10:28.763+0000] {processor.py:840} INFO - DAG(s) 'day7_customer_churn_pipeline' retrieved from /opt/airflow/dags/customer_churn_pipeline.py
[2025-09-22T11:10:28.806+0000] {logging_mixin.py:188} INFO - [2025-09-22T11:10:28.803+0000] {dag.py:3036} INFO - Sync 1 DAGs
[2025-09-22T11:10:28.875+0000] {logging_mixin.py:188} INFO - [2025-09-22T11:10:28.874+0000] {dag.py:3823} INFO - Setting next_dagrun for day7_customer_churn_pipeline to None, run_after=None
[2025-09-22T11:10:28.973+0000] {processor.py:183} INFO - Processing /opt/airflow/dags/customer_churn_pipeline.py took 4.066 seconds
[2025-09-22T11:10:59.946+0000] {processor.py:161} INFO - Started process (PID=692) to work on /opt/airflow/dags/customer_churn_pipeline.py
[2025-09-22T11:10:59.963+0000] {processor.py:830} INFO - Processing file /opt/airflow/dags/customer_churn_pipeline.py for tasks to queue
[2025-09-22T11:10:59.972+0000] {logging_mixin.py:188} INFO - [2025-09-22T11:10:59.971+0000] {dagbag.py:538} INFO - Filling up the DagBag from /opt/airflow/dags/customer_churn_pipeline.py
[2025-09-22T11:11:01.513+0000] {processor.py:840} INFO - DAG(s) 'day7_customer_churn_pipeline' retrieved from /opt/airflow/dags/customer_churn_pipeline.py
[2025-09-22T11:11:01.613+0000] {logging_mixin.py:188} INFO - [2025-09-22T11:11:01.613+0000] {dag.py:3036} INFO - Sync 1 DAGs
[2025-09-22T11:11:01.688+0000] {logging_mixin.py:188} INFO - [2025-09-22T11:11:01.687+0000] {dag.py:3823} INFO - Setting next_dagrun for day7_customer_churn_pipeline to None, run_after=None
[2025-09-22T11:11:01.726+0000] {processor.py:183} INFO - Processing /opt/airflow/dags/customer_churn_pipeline.py took 4.589 seconds
[2025-09-22T11:11:32.654+0000] {processor.py:161} INFO - Started process (PID=711) to work on /opt/airflow/dags/customer_churn_pipeline.py
[2025-09-22T11:11:32.662+0000] {processor.py:830} INFO - Processing file /opt/airflow/dags/customer_churn_pipeline.py for tasks to queue
[2025-09-22T11:11:32.673+0000] {logging_mixin.py:188} INFO - [2025-09-22T11:11:32.672+0000] {dagbag.py:538} INFO - Filling up the DagBag from /opt/airflow/dags/customer_churn_pipeline.py
[2025-09-22T11:11:35.847+0000] {processor.py:840} INFO - DAG(s) 'day7_customer_churn_pipeline' retrieved from /opt/airflow/dags/customer_churn_pipeline.py
[2025-09-22T11:11:35.914+0000] {logging_mixin.py:188} INFO - [2025-09-22T11:11:35.912+0000] {dag.py:3036} INFO - Sync 1 DAGs
[2025-09-22T11:11:35.980+0000] {logging_mixin.py:188} INFO - [2025-09-22T11:11:35.980+0000] {dag.py:3823} INFO - Setting next_dagrun for day7_customer_churn_pipeline to None, run_after=None
[2025-09-22T11:11:36.013+0000] {processor.py:183} INFO - Processing /opt/airflow/dags/customer_churn_pipeline.py took 3.402 seconds
[2025-09-22T11:12:07.031+0000] {processor.py:161} INFO - Started process (PID=730) to work on /opt/airflow/dags/customer_churn_pipeline.py
[2025-09-22T11:12:07.033+0000] {processor.py:830} INFO - Processing file /opt/airflow/dags/customer_churn_pipeline.py for tasks to queue
[2025-09-22T11:12:07.038+0000] {logging_mixin.py:188} INFO - [2025-09-22T11:12:07.037+0000] {dagbag.py:538} INFO - Filling up the DagBag from /opt/airflow/dags/customer_churn_pipeline.py
[2025-09-22T11:12:10.293+0000] {processor.py:840} INFO - DAG(s) 'day7_customer_churn_pipeline' retrieved from /opt/airflow/dags/customer_churn_pipeline.py
[2025-09-22T11:12:10.381+0000] {logging_mixin.py:188} INFO - [2025-09-22T11:12:10.380+0000] {dag.py:3036} INFO - Sync 1 DAGs
[2025-09-22T11:12:10.444+0000] {logging_mixin.py:188} INFO - [2025-09-22T11:12:10.444+0000] {dag.py:3823} INFO - Setting next_dagrun for day7_customer_churn_pipeline to None, run_after=None
[2025-09-22T11:12:10.528+0000] {processor.py:183} INFO - Processing /opt/airflow/dags/customer_churn_pipeline.py took 3.504 seconds
[2025-09-22T11:12:40.718+0000] {processor.py:161} INFO - Started process (PID=749) to work on /opt/airflow/dags/customer_churn_pipeline.py
[2025-09-22T11:12:40.721+0000] {processor.py:830} INFO - Processing file /opt/airflow/dags/customer_churn_pipeline.py for tasks to queue
[2025-09-22T11:12:40.724+0000] {logging_mixin.py:188} INFO - [2025-09-22T11:12:40.723+0000] {dagbag.py:538} INFO - Filling up the DagBag from /opt/airflow/dags/customer_churn_pipeline.py
[2025-09-22T11:12:43.126+0000] {processor.py:840} INFO - DAG(s) 'day7_customer_churn_pipeline' retrieved from /opt/airflow/dags/customer_churn_pipeline.py
[2025-09-22T11:12:43.197+0000] {logging_mixin.py:188} INFO - [2025-09-22T11:12:43.197+0000] {dag.py:3036} INFO - Sync 1 DAGs
[2025-09-22T11:12:43.227+0000] {logging_mixin.py:188} INFO - [2025-09-22T11:12:43.226+0000] {dag.py:3823} INFO - Setting next_dagrun for day7_customer_churn_pipeline to None, run_after=None
[2025-09-22T11:12:43.278+0000] {processor.py:183} INFO - Processing /opt/airflow/dags/customer_churn_pipeline.py took 2.586 seconds
[2025-09-22T11:13:13.704+0000] {processor.py:161} INFO - Started process (PID=768) to work on /opt/airflow/dags/customer_churn_pipeline.py
[2025-09-22T11:13:13.706+0000] {processor.py:830} INFO - Processing file /opt/airflow/dags/customer_churn_pipeline.py for tasks to queue
[2025-09-22T11:13:13.709+0000] {logging_mixin.py:188} INFO - [2025-09-22T11:13:13.708+0000] {dagbag.py:538} INFO - Filling up the DagBag from /opt/airflow/dags/customer_churn_pipeline.py
[2025-09-22T11:13:15.142+0000] {processor.py:840} INFO - DAG(s) 'day7_customer_churn_pipeline' retrieved from /opt/airflow/dags/customer_churn_pipeline.py
[2025-09-22T11:13:15.215+0000] {logging_mixin.py:188} INFO - [2025-09-22T11:13:15.214+0000] {dag.py:3036} INFO - Sync 1 DAGs
[2025-09-22T11:13:15.229+0000] {logging_mixin.py:188} INFO - [2025-09-22T11:13:15.229+0000] {dag.py:3823} INFO - Setting next_dagrun for day7_customer_churn_pipeline to None, run_after=None
[2025-09-22T11:13:15.280+0000] {processor.py:183} INFO - Processing /opt/airflow/dags/customer_churn_pipeline.py took 1.582 seconds
[2025-09-22T11:13:45.666+0000] {processor.py:161} INFO - Started process (PID=787) to work on /opt/airflow/dags/customer_churn_pipeline.py
[2025-09-22T11:13:45.667+0000] {processor.py:830} INFO - Processing file /opt/airflow/dags/customer_churn_pipeline.py for tasks to queue
[2025-09-22T11:13:45.669+0000] {logging_mixin.py:188} INFO - [2025-09-22T11:13:45.669+0000] {dagbag.py:538} INFO - Filling up the DagBag from /opt/airflow/dags/customer_churn_pipeline.py
[2025-09-22T11:13:45.021+0000] {processor.py:840} INFO - DAG(s) 'day7_customer_churn_pipeline' retrieved from /opt/airflow/dags/customer_churn_pipeline.py
[2025-09-22T11:13:45.058+0000] {logging_mixin.py:188} INFO - [2025-09-22T11:13:45.057+0000] {dag.py:3036} INFO - Sync 1 DAGs
[2025-09-22T11:13:45.079+0000] {logging_mixin.py:188} INFO - [2025-09-22T11:13:45.078+0000] {dag.py:3823} INFO - Setting next_dagrun for day7_customer_churn_pipeline to None, run_after=None
[2025-09-22T11:13:45.149+0000] {processor.py:183} INFO - Processing /opt/airflow/dags/customer_churn_pipeline.py took 2.220 seconds
[2025-09-22T11:14:16.219+0000] {processor.py:161} INFO - Started process (PID=806) to work on /opt/airflow/dags/customer_churn_pipeline.py
[2025-09-22T11:14:16.229+0000] {processor.py:830} INFO - Processing file /opt/airflow/dags/customer_churn_pipeline.py for tasks to queue
[2025-09-22T11:14:16.246+0000] {logging_mixin.py:188} INFO - [2025-09-22T11:14:16.246+0000] {dagbag.py:538} INFO - Filling up the DagBag from /opt/airflow/dags/customer_churn_pipeline.py
[2025-09-22T11:14:17.435+0000] {processor.py:840} INFO - DAG(s) 'day7_customer_churn_pipeline' retrieved from /opt/airflow/dags/customer_churn_pipeline.py
[2025-09-22T11:14:17.465+0000] {logging_mixin.py:188} INFO - [2025-09-22T11:14:17.465+0000] {dag.py:3036} INFO - Sync 1 DAGs
[2025-09-22T11:14:17.482+0000] {logging_mixin.py:188} INFO - [2025-09-22T11:14:17.481+0000] {dag.py:3823} INFO - Setting next_dagrun for day7_customer_churn_pipeline to None, run_after=None
[2025-09-22T11:14:17.512+0000] {processor.py:183} INFO - Processing /opt/airflow/dags/customer_churn_pipeline.py took 1.309 seconds
[2025-09-22T11:14:48.690+0000] {processor.py:161} INFO - Started process (PID=825) to work on /opt/airflow/dags/customer_churn_pipeline.py
[2025-09-22T11:14:48.699+0000] {processor.py:830} INFO - Processing file /opt/airflow/dags/customer_churn_pipeline.py for tasks to queue
[2025-09-22T11:14:48.713+0000] {logging_mixin.py:188} INFO - [2025-09-22T11:14:48.713+0000] {dagbag.py:538} INFO - Filling up the DagBag from /opt/airflow/dags/customer_churn_pipeline.py
[2025-09-22T11:14:50.254+0000] {processor.py:840} INFO - DAG(s) 'day7_customer_churn_pipeline' retrieved from /opt/airflow/dags/customer_churn_pipeline.py
[2025-09-22T11:14:50.314+0000] {logging_mixin.py:188} INFO - [2025-09-22T11:14:50.313+0000] {dag.py:3036} INFO - Sync 1 DAGs
[2025-09-22T11:14:50.348+0000] {logging_mixin.py:188} INFO - [2025-09-22T11:14:50.347+0000] {dag.py:3823} INFO - Setting next_dagrun for day7_customer_churn_pipeline to None, run_after=None
[2025-09-22T11:14:50.426+0000] {processor.py:183} INFO - Processing /opt/airflow/dags/customer_churn_pipeline.py took 1.744 seconds
[2025-09-22T11:15:20.738+0000] {processor.py:161} INFO - Started process (PID=844) to work on /opt/airflow/dags/customer_churn_pipeline.py
[2025-09-22T11:15:20.740+0000] {processor.py:830} INFO - Processing file /opt/airflow/dags/customer_churn_pipeline.py for tasks to queue
[2025-09-22T11:15:20.743+0000] {logging_mixin.py:188} INFO - [2025-09-22T11:15:20.743+0000] {dagbag.py:538} INFO - Filling up the DagBag from /opt/airflow/dags/customer_churn_pipeline.py
[2025-09-22T11:15:22.038+0000] {processor.py:840} INFO - DAG(s) 'day7_customer_churn_pipeline' retrieved from /opt/airflow/dags/customer_churn_pipeline.py
[2025-09-22T11:15:22.077+0000] {logging_mixin.py:188} INFO - [2025-09-22T11:15:22.077+0000] {dag.py:3036} INFO - Sync 1 DAGs
[2025-09-22T11:15:22.097+0000] {logging_mixin.py:188} INFO - [2025-09-22T11:15:22.097+0000] {dag.py:3823} INFO - Setting next_dagrun for day7_customer_churn_pipeline to None, run_after=None
[2025-09-22T11:15:22.127+0000] {processor.py:183} INFO - Processing /opt/airflow/dags/customer_churn_pipeline.py took 1.395 seconds
[2025-09-22T11:15:52.846+0000] {processor.py:161} INFO - Started process (PID=863) to work on /opt/airflow/dags/customer_churn_pipeline.py
[2025-09-22T11:15:52.847+0000] {processor.py:830} INFO - Processing file /opt/airflow/dags/customer_churn_pipeline.py for tasks to queue
[2025-09-22T11:15:52.849+0000] {logging_mixin.py:188} INFO - [2025-09-22T11:15:52.849+0000] {dagbag.py:538} INFO - Filling up the DagBag from /opt/airflow/dags/customer_churn_pipeline.py
[2025-09-22T11:15:53.699+0000] {processor.py:840} INFO - DAG(s) 'day7_customer_churn_pipeline' retrieved from /opt/airflow/dags/customer_churn_pipeline.py
[2025-09-22T11:15:53.724+0000] {logging_mixin.py:188} INFO - [2025-09-22T11:15:53.723+0000] {dag.py:3036} INFO - Sync 1 DAGs
[2025-09-22T11:15:53.735+0000] {logging_mixin.py:188} INFO - [2025-09-22T11:15:53.735+0000] {dag.py:3823} INFO - Setting next_dagrun for day7_customer_churn_pipeline to None, run_after=None
[2025-09-22T11:15:53.751+0000] {processor.py:183} INFO - Processing /opt/airflow/dags/customer_churn_pipeline.py took 0.909 seconds
[2025-09-22T11:16:23.881+0000] {processor.py:161} INFO - Started process (PID=882) to work on /opt/airflow/dags/customer_churn_pipeline.py
[2025-09-22T11:16:23.883+0000] {processor.py:830} INFO - Processing file /opt/airflow/dags/customer_churn_pipeline.py for tasks to queue
[2025-09-22T11:16:23.885+0000] {logging_mixin.py:188} INFO - [2025-09-22T11:16:23.885+0000] {dagbag.py:538} INFO - Filling up the DagBag from /opt/airflow/dags/customer_churn_pipeline.py
[2025-09-22T11:16:25.065+0000] {processor.py:840} INFO - DAG(s) 'day7_customer_churn_pipeline' retrieved from /opt/airflow/dags/customer_churn_pipeline.py
[2025-09-22T11:16:25.096+0000] {logging_mixin.py:188} INFO - [2025-09-22T11:16:25.095+0000] {dag.py:3036} INFO - Sync 1 DAGs
[2025-09-22T11:16:25.113+0000] {logging_mixin.py:188} INFO - [2025-09-22T11:16:25.113+0000] {dag.py:3823} INFO - Setting next_dagrun for day7_customer_churn_pipeline to None, run_after=None
[2025-09-22T11:16:25.140+0000] {processor.py:183} INFO - Processing /opt/airflow/dags/customer_churn_pipeline.py took 1.262 seconds
[2025-09-22T11:16:55.948+0000] {processor.py:161} INFO - Started process (PID=901) to work on /opt/airflow/dags/customer_churn_pipeline.py
[2025-09-22T11:16:55.949+0000] {processor.py:830} INFO - Processing file /opt/airflow/dags/customer_churn_pipeline.py for tasks to queue
[2025-09-22T11:16:55.951+0000] {logging_mixin.py:188} INFO - [2025-09-22T11:16:55.950+0000] {dagbag.py:538} INFO - Filling up the DagBag from /opt/airflow/dags/customer_churn_pipeline.py
[2025-09-22T11:16:56.780+0000] {processor.py:840} INFO - DAG(s) 'day7_customer_churn_pipeline' retrieved from /opt/airflow/dags/customer_churn_pipeline.py
[2025-09-22T11:16:56.805+0000] {logging_mixin.py:188} INFO - [2025-09-22T11:16:56.804+0000] {dag.py:3036} INFO - Sync 1 DAGs
[2025-09-22T11:16:56.816+0000] {logging_mixin.py:188} INFO - [2025-09-22T11:16:56.815+0000] {dag.py:3823} INFO - Setting next_dagrun for day7_customer_churn_pipeline to None, run_after=None
[2025-09-22T11:16:56.834+0000] {processor.py:183} INFO - Processing /opt/airflow/dags/customer_churn_pipeline.py took 0.889 seconds
[2025-09-22T11:17:27.327+0000] {processor.py:161} INFO - Started process (PID=920) to work on /opt/airflow/dags/customer_churn_pipeline.py
[2025-09-22T11:17:27.331+0000] {processor.py:830} INFO - Processing file /opt/airflow/dags/customer_churn_pipeline.py for tasks to queue
[2025-09-22T11:17:27.335+0000] {logging_mixin.py:188} INFO - [2025-09-22T11:17:27.334+0000] {dagbag.py:538} INFO - Filling up the DagBag from /opt/airflow/dags/customer_churn_pipeline.py
[2025-09-22T11:17:28.249+0000] {processor.py:840} INFO - DAG(s) 'day7_customer_churn_pipeline' retrieved from /opt/airflow/dags/customer_churn_pipeline.py
[2025-09-22T11:17:28.278+0000] {logging_mixin.py:188} INFO - [2025-09-22T11:17:28.277+0000] {dag.py:3036} INFO - Sync 1 DAGs
[2025-09-22T11:17:28.293+0000] {logging_mixin.py:188} INFO - [2025-09-22T11:17:28.293+0000] {dag.py:3823} INFO - Setting next_dagrun for day7_customer_churn_pipeline to None, run_after=None
[2025-09-22T11:17:28.310+0000] {processor.py:183} INFO - Processing /opt/airflow/dags/customer_churn_pipeline.py took 0.988 seconds
[2025-09-22T11:17:58.590+0000] {processor.py:161} INFO - Started process (PID=939) to work on /opt/airflow/dags/customer_churn_pipeline.py
[2025-09-22T11:17:58.591+0000] {processor.py:830} INFO - Processing file /opt/airflow/dags/customer_churn_pipeline.py for tasks to queue
[2025-09-22T11:17:58.592+0000] {logging_mixin.py:188} INFO - [2025-09-22T11:17:58.592+0000] {dagbag.py:538} INFO - Filling up the DagBag from /opt/airflow/dags/customer_churn_pipeline.py
[2025-09-22T11:17:59.371+0000] {processor.py:840} INFO - DAG(s) 'day7_customer_churn_pipeline' retrieved from /opt/airflow/dags/customer_churn_pipeline.py
[2025-09-22T11:17:59.403+0000] {logging_mixin.py:188} INFO - [2025-09-22T11:17:59.402+0000] {dag.py:3036} INFO - Sync 1 DAGs
[2025-09-22T11:17:59.415+0000] {logging_mixin.py:188} INFO - [2025-09-22T11:17:59.414+0000] {dag.py:3823} INFO - Setting next_dagrun for day7_customer_churn_pipeline to None, run_after=None
[2025-09-22T11:17:59.448+0000] {processor.py:183} INFO - Processing /opt/airflow/dags/customer_churn_pipeline.py took 0.862 seconds
[2025-09-22T11:18:29.721+0000] {processor.py:161} INFO - Started process (PID=958) to work on /opt/airflow/dags/customer_churn_pipeline.py
[2025-09-22T11:18:29.723+0000] {processor.py:830} INFO - Processing file /opt/airflow/dags/customer_churn_pipeline.py for tasks to queue
[2025-09-22T11:18:29.725+0000] {logging_mixin.py:188} INFO - [2025-09-22T11:18:29.725+0000] {dagbag.py:538} INFO - Filling up the DagBag from /opt/airflow/dags/customer_churn_pipeline.py
[2025-09-22T11:18:30.593+0000] {processor.py:840} INFO - DAG(s) 'day7_customer_churn_pipeline' retrieved from /opt/airflow/dags/customer_churn_pipeline.py
[2025-09-22T11:18:30.616+0000] {logging_mixin.py:188} INFO - [2025-09-22T11:18:30.615+0000] {dag.py:3036} INFO - Sync 1 DAGs
[2025-09-22T11:18:30.626+0000] {logging_mixin.py:188} INFO - [2025-09-22T11:18:30.626+0000] {dag.py:3823} INFO - Setting next_dagrun for day7_customer_churn_pipeline to None, run_after=None
[2025-09-22T11:18:30.643+0000] {processor.py:183} INFO - Processing /opt/airflow/dags/customer_churn_pipeline.py took 0.925 seconds
[2025-09-22T11:19:00.713+0000] {processor.py:161} INFO - Started process (PID=977) to work on /opt/airflow/dags/customer_churn_pipeline.py
[2025-09-22T11:19:00.714+0000] {processor.py:830} INFO - Processing file /opt/airflow/dags/customer_churn_pipeline.py for tasks to queue
[2025-09-22T11:19:00.716+0000] {logging_mixin.py:188} INFO - [2025-09-22T11:19:00.716+0000] {dagbag.py:538} INFO - Filling up the DagBag from /opt/airflow/dags/customer_churn_pipeline.py
[2025-09-22T11:19:01.531+0000] {processor.py:840} INFO - DAG(s) 'day7_customer_churn_pipeline' retrieved from /opt/airflow/dags/customer_churn_pipeline.py
[2025-09-22T11:19:01.556+0000] {logging_mixin.py:188} INFO - [2025-09-22T11:19:01.556+0000] {dag.py:3036} INFO - Sync 1 DAGs
[2025-09-22T11:19:01.567+0000] {logging_mixin.py:188} INFO - [2025-09-22T11:19:01.567+0000] {dag.py:3823} INFO - Setting next_dagrun for day7_customer_churn_pipeline to None, run_after=None
[2025-09-22T11:19:01.590+0000] {processor.py:183} INFO - Processing /opt/airflow/dags/customer_churn_pipeline.py took 0.880 seconds
[2025-09-22T11:19:32.613+0000] {processor.py:161} INFO - Started process (PID=996) to work on /opt/airflow/dags/customer_churn_pipeline.py
[2025-09-22T11:19:32.617+0000] {processor.py:830} INFO - Processing file /opt/airflow/dags/customer_churn_pipeline.py for tasks to queue
[2025-09-22T11:19:32.621+0000] {logging_mixin.py:188} INFO - [2025-09-22T11:19:32.620+0000] {dagbag.py:538} INFO - Filling up the DagBag from /opt/airflow/dags/customer_churn_pipeline.py
[2025-09-22T11:19:33.466+0000] {processor.py:840} INFO - DAG(s) 'day7_customer_churn_pipeline' retrieved from /opt/airflow/dags/customer_churn_pipeline.py
[2025-09-22T11:19:33.486+0000] {logging_mixin.py:188} INFO - [2025-09-22T11:19:33.486+0000] {dag.py:3036} INFO - Sync 1 DAGs
[2025-09-22T11:19:33.496+0000] {logging_mixin.py:188} INFO - [2025-09-22T11:19:33.495+0000] {dag.py:3823} INFO - Setting next_dagrun for day7_customer_churn_pipeline to None, run_after=None
[2025-09-22T11:19:33.517+0000] {processor.py:183} INFO - Processing /opt/airflow/dags/customer_churn_pipeline.py took 0.908 seconds
[2025-09-22T11:20:03.682+0000] {processor.py:161} INFO - Started process (PID=1015) to work on /opt/airflow/dags/customer_churn_pipeline.py
[2025-09-22T11:20:03.684+0000] {processor.py:830} INFO - Processing file /opt/airflow/dags/customer_churn_pipeline.py for tasks to queue
[2025-09-22T11:20:03.685+0000] {logging_mixin.py:188} INFO - [2025-09-22T11:20:03.685+0000] {dagbag.py:538} INFO - Filling up the DagBag from /opt/airflow/dags/customer_churn_pipeline.py
[2025-09-22T11:20:04.480+0000] {processor.py:840} INFO - DAG(s) 'day7_customer_churn_pipeline' retrieved from /opt/airflow/dags/customer_churn_pipeline.py
[2025-09-22T11:20:04.507+0000] {logging_mixin.py:188} INFO - [2025-09-22T11:20:04.506+0000] {dag.py:3036} INFO - Sync 1 DAGs
[2025-09-22T11:20:04.519+0000] {logging_mixin.py:188} INFO - [2025-09-22T11:20:04.519+0000] {dag.py:3823} INFO - Setting next_dagrun for day7_customer_churn_pipeline to None, run_after=None
[2025-09-22T11:20:04.546+0000] {processor.py:183} INFO - Processing /opt/airflow/dags/customer_churn_pipeline.py took 0.867 seconds
[2025-09-22T11:20:34.904+0000] {processor.py:161} INFO - Started process (PID=1034) to work on /opt/airflow/dags/customer_churn_pipeline.py
[2025-09-22T11:20:34.907+0000] {processor.py:830} INFO - Processing file /opt/airflow/dags/customer_churn_pipeline.py for tasks to queue
[2025-09-22T11:20:34.910+0000] {logging_mixin.py:188} INFO - [2025-09-22T11:20:34.910+0000] {dagbag.py:538} INFO - Filling up the DagBag from /opt/airflow/dags/customer_churn_pipeline.py
[2025-09-22T11:20:35.741+0000] {processor.py:840} INFO - DAG(s) 'day7_customer_churn_pipeline' retrieved from /opt/airflow/dags/customer_churn_pipeline.py
[2025-09-22T11:20:35.767+0000] {logging_mixin.py:188} INFO - [2025-09-22T11:20:35.766+0000] {dag.py:3036} INFO - Sync 1 DAGs
[2025-09-22T11:20:35.780+0000] {logging_mixin.py:188} INFO - [2025-09-22T11:20:35.780+0000] {dag.py:3823} INFO - Setting next_dagrun for day7_customer_churn_pipeline to None, run_after=None
[2025-09-22T11:20:35.798+0000] {processor.py:183} INFO - Processing /opt/airflow/dags/customer_churn_pipeline.py took 0.899 seconds
[2025-09-22T11:21:06.188+0000] {processor.py:161} INFO - Started process (PID=1053) to work on /opt/airflow/dags/customer_churn_pipeline.py
[2025-09-22T11:21:06.189+0000] {processor.py:830} INFO - Processing file /opt/airflow/dags/customer_churn_pipeline.py for tasks to queue
[2025-09-22T11:21:06.191+0000] {logging_mixin.py:188} INFO - [2025-09-22T11:21:06.191+0000] {dagbag.py:538} INFO - Filling up the DagBag from /opt/airflow/dags/customer_churn_pipeline.py
[2025-09-22T11:21:06.998+0000] {processor.py:840} INFO - DAG(s) 'day7_customer_churn_pipeline' retrieved from /opt/airflow/dags/customer_churn_pipeline.py
[2025-09-22T11:21:07.024+0000] {logging_mixin.py:188} INFO - [2025-09-22T11:21:07.024+0000] {dag.py:3036} INFO - Sync 1 DAGs
[2025-09-22T11:21:07.038+0000] {logging_mixin.py:188} INFO - [2025-09-22T11:21:07.038+0000] {dag.py:3823} INFO - Setting next_dagrun for day7_customer_churn_pipeline to None, run_after=None
[2025-09-22T11:21:07.059+0000] {processor.py:183} INFO - Processing /opt/airflow/dags/customer_churn_pipeline.py took 0.874 seconds
[2025-09-22T11:21:37.778+0000] {processor.py:161} INFO - Started process (PID=1072) to work on /opt/airflow/dags/customer_churn_pipeline.py
[2025-09-22T11:21:37.780+0000] {processor.py:830} INFO - Processing file /opt/airflow/dags/customer_churn_pipeline.py for tasks to queue
[2025-09-22T11:21:37.781+0000] {logging_mixin.py:188} INFO - [2025-09-22T11:21:37.781+0000] {dagbag.py:538} INFO - Filling up the DagBag from /opt/airflow/dags/customer_churn_pipeline.py
[2025-09-22T11:21:38.595+0000] {processor.py:840} INFO - DAG(s) 'day7_customer_churn_pipeline' retrieved from /opt/airflow/dags/customer_churn_pipeline.py
[2025-09-22T11:21:38.622+0000] {logging_mixin.py:188} INFO - [2025-09-22T11:21:38.621+0000] {dag.py:3036} INFO - Sync 1 DAGs
[2025-09-22T11:21:38.635+0000] {logging_mixin.py:188} INFO - [2025-09-22T11:21:38.635+0000] {dag.py:3823} INFO - Setting next_dagrun for day7_customer_churn_pipeline to None, run_after=None
[2025-09-22T11:21:38.667+0000] {processor.py:183} INFO - Processing /opt/airflow/dags/customer_churn_pipeline.py took 0.892 seconds
[2025-09-22T11:22:08.892+0000] {processor.py:161} INFO - Started process (PID=1091) to work on /opt/airflow/dags/customer_churn_pipeline.py
[2025-09-22T11:22:08.894+0000] {processor.py:830} INFO - Processing file /opt/airflow/dags/customer_churn_pipeline.py for tasks to queue
[2025-09-22T11:22:08.898+0000] {logging_mixin.py:188} INFO - [2025-09-22T11:22:08.897+0000] {dagbag.py:538} INFO - Filling up the DagBag from /opt/airflow/dags/customer_churn_pipeline.py
[2025-09-22T11:22:09.762+0000] {processor.py:840} INFO - DAG(s) 'day7_customer_churn_pipeline' retrieved from /opt/airflow/dags/customer_churn_pipeline.py
[2025-09-22T11:22:09.789+0000] {logging_mixin.py:188} INFO - [2025-09-22T11:22:09.788+0000] {dag.py:3036} INFO - Sync 1 DAGs
[2025-09-22T11:22:09.799+0000] {logging_mixin.py:188} INFO - [2025-09-22T11:22:09.799+0000] {dag.py:3823} INFO - Setting next_dagrun for day7_customer_churn_pipeline to None, run_after=None
[2025-09-22T11:22:09.828+0000] {processor.py:183} INFO - Processing /opt/airflow/dags/customer_churn_pipeline.py took 0.939 seconds
[2025-09-22T11:22:40.497+0000] {processor.py:161} INFO - Started process (PID=1110) to work on /opt/airflow/dags/customer_churn_pipeline.py
[2025-09-22T11:22:40.499+0000] {processor.py:830} INFO - Processing file /opt/airflow/dags/customer_churn_pipeline.py for tasks to queue
[2025-09-22T11:22:40.500+0000] {logging_mixin.py:188} INFO - [2025-09-22T11:22:40.500+0000] {dagbag.py:538} INFO - Filling up the DagBag from /opt/airflow/dags/customer_churn_pipeline.py
[2025-09-22T11:22:41.258+0000] {processor.py:840} INFO - DAG(s) 'day7_customer_churn_pipeline' retrieved from /opt/airflow/dags/customer_churn_pipeline.py
[2025-09-22T11:22:41.282+0000] {logging_mixin.py:188} INFO - [2025-09-22T11:22:41.282+0000] {dag.py:3036} INFO - Sync 1 DAGs
[2025-09-22T11:22:41.293+0000] {logging_mixin.py:188} INFO - [2025-09-22T11:22:41.293+0000] {dag.py:3823} INFO - Setting next_dagrun for day7_customer_churn_pipeline to None, run_after=None
[2025-09-22T11:22:41.313+0000] {processor.py:183} INFO - Processing /opt/airflow/dags/customer_churn_pipeline.py took 0.818 seconds
[2025-09-22T11:23:12.036+0000] {processor.py:161} INFO - Started process (PID=1129) to work on /opt/airflow/dags/customer_churn_pipeline.py
[2025-09-22T11:23:12.037+0000] {processor.py:830} INFO - Processing file /opt/airflow/dags/customer_churn_pipeline.py for tasks to queue
[2025-09-22T11:23:12.039+0000] {logging_mixin.py:188} INFO - [2025-09-22T11:23:12.039+0000] {dagbag.py:538} INFO - Filling up the DagBag from /opt/airflow/dags/customer_churn_pipeline.py
[2025-09-22T11:23:12.812+0000] {processor.py:840} INFO - DAG(s) 'day7_customer_churn_pipeline' retrieved from /opt/airflow/dags/customer_churn_pipeline.py
[2025-09-22T11:23:12.834+0000] {logging_mixin.py:188} INFO - [2025-09-22T11:23:12.833+0000] {dag.py:3036} INFO - Sync 1 DAGs
[2025-09-22T11:23:12.849+0000] {logging_mixin.py:188} INFO - [2025-09-22T11:23:12.848+0000] {dag.py:3823} INFO - Setting next_dagrun for day7_customer_churn_pipeline to None, run_after=None
[2025-09-22T11:23:12.869+0000] {processor.py:183} INFO - Processing /opt/airflow/dags/customer_churn_pipeline.py took 0.836 seconds
[2025-09-22T11:23:43.658+0000] {processor.py:161} INFO - Started process (PID=1148) to work on /opt/airflow/dags/customer_churn_pipeline.py
[2025-09-22T11:23:43.659+0000] {processor.py:830} INFO - Processing file /opt/airflow/dags/customer_churn_pipeline.py for tasks to queue
[2025-09-22T11:23:43.661+0000] {logging_mixin.py:188} INFO - [2025-09-22T11:23:43.661+0000] {dagbag.py:538} INFO - Filling up the DagBag from /opt/airflow/dags/customer_churn_pipeline.py
[2025-09-22T11:23:44.489+0000] {processor.py:840} INFO - DAG(s) 'day7_customer_churn_pipeline' retrieved from /opt/airflow/dags/customer_churn_pipeline.py
[2025-09-22T11:23:44.515+0000] {logging_mixin.py:188} INFO - [2025-09-22T11:23:44.515+0000] {dag.py:3036} INFO - Sync 1 DAGs
[2025-09-22T11:23:44.532+0000] {logging_mixin.py:188} INFO - [2025-09-22T11:23:44.532+0000] {dag.py:3823} INFO - Setting next_dagrun for day7_customer_churn_pipeline to None, run_after=None
[2025-09-22T11:23:44.549+0000] {processor.py:183} INFO - Processing /opt/airflow/dags/customer_churn_pipeline.py took 0.893 seconds
[2025-09-22T11:24:15.574+0000] {processor.py:161} INFO - Started process (PID=1167) to work on /opt/airflow/dags/customer_churn_pipeline.py
[2025-09-22T11:24:15.575+0000] {processor.py:830} INFO - Processing file /opt/airflow/dags/customer_churn_pipeline.py for tasks to queue
[2025-09-22T11:24:15.578+0000] {logging_mixin.py:188} INFO - [2025-09-22T11:24:15.578+0000] {dagbag.py:538} INFO - Filling up the DagBag from /opt/airflow/dags/customer_churn_pipeline.py
[2025-09-22T11:24:16.433+0000] {processor.py:840} INFO - DAG(s) 'day7_customer_churn_pipeline' retrieved from /opt/airflow/dags/customer_churn_pipeline.py
[2025-09-22T11:24:16.460+0000] {logging_mixin.py:188} INFO - [2025-09-22T11:24:16.460+0000] {dag.py:3036} INFO - Sync 1 DAGs
[2025-09-22T11:24:16.470+0000] {logging_mixin.py:188} INFO - [2025-09-22T11:24:16.470+0000] {dag.py:3823} INFO - Setting next_dagrun for day7_customer_churn_pipeline to None, run_after=None
[2025-09-22T11:24:16.489+0000] {processor.py:183} INFO - Processing /opt/airflow/dags/customer_churn_pipeline.py took 0.918 seconds
[2025-09-22T11:24:46.810+0000] {processor.py:161} INFO - Started process (PID=1186) to work on /opt/airflow/dags/customer_churn_pipeline.py
[2025-09-22T11:24:46.811+0000] {processor.py:830} INFO - Processing file /opt/airflow/dags/customer_churn_pipeline.py for tasks to queue
[2025-09-22T11:24:46.813+0000] {logging_mixin.py:188} INFO - [2025-09-22T11:24:46.812+0000] {dagbag.py:538} INFO - Filling up the DagBag from /opt/airflow/dags/customer_churn_pipeline.py
[2025-09-22T11:24:47.580+0000] {processor.py:840} INFO - DAG(s) 'day7_customer_churn_pipeline' retrieved from /opt/airflow/dags/customer_churn_pipeline.py
[2025-09-22T11:24:47.603+0000] {logging_mixin.py:188} INFO - [2025-09-22T11:24:47.603+0000] {dag.py:3036} INFO - Sync 1 DAGs
[2025-09-22T11:24:47.614+0000] {logging_mixin.py:188} INFO - [2025-09-22T11:24:47.614+0000] {dag.py:3823} INFO - Setting next_dagrun for day7_customer_churn_pipeline to None, run_after=None
[2025-09-22T11:24:47.630+0000] {processor.py:183} INFO - Processing /opt/airflow/dags/customer_churn_pipeline.py took 0.822 seconds
[2025-09-22T11:25:18.741+0000] {processor.py:161} INFO - Started process (PID=1205) to work on /opt/airflow/dags/customer_churn_pipeline.py
[2025-09-22T11:25:18.743+0000] {processor.py:830} INFO - Processing file /opt/airflow/dags/customer_churn_pipeline.py for tasks to queue
[2025-09-22T11:25:18.746+0000] {logging_mixin.py:188} INFO - [2025-09-22T11:25:18.746+0000] {dagbag.py:538} INFO - Filling up the DagBag from /opt/airflow/dags/customer_churn_pipeline.py
[2025-09-22T11:25:20.383+0000] {processor.py:840} INFO - DAG(s) 'day7_customer_churn_pipeline' retrieved from /opt/airflow/dags/customer_churn_pipeline.py
[2025-09-22T11:25:20.410+0000] {logging_mixin.py:188} INFO - [2025-09-22T11:25:20.409+0000] {dag.py:3036} INFO - Sync 1 DAGs
[2025-09-22T11:25:20.434+0000] {logging_mixin.py:188} INFO - [2025-09-22T11:25:20.432+0000] {dag.py:3823} INFO - Setting next_dagrun for day7_customer_churn_pipeline to None, run_after=None
[2025-09-22T11:25:20.475+0000] {processor.py:183} INFO - Processing /opt/airflow/dags/customer_churn_pipeline.py took 1.737 seconds
[2025-09-22T11:25:50.958+0000] {processor.py:161} INFO - Started process (PID=1224) to work on /opt/airflow/dags/customer_churn_pipeline.py
[2025-09-22T11:25:50.959+0000] {processor.py:830} INFO - Processing file /opt/airflow/dags/customer_churn_pipeline.py for tasks to queue
[2025-09-22T11:25:50.963+0000] {logging_mixin.py:188} INFO - [2025-09-22T11:25:50.963+0000] {dagbag.py:538} INFO - Filling up the DagBag from /opt/airflow/dags/customer_churn_pipeline.py
[2025-09-22T11:25:52.491+0000] {processor.py:840} INFO - DAG(s) 'day7_customer_churn_pipeline' retrieved from /opt/airflow/dags/customer_churn_pipeline.py
[2025-09-22T11:25:52.531+0000] {logging_mixin.py:188} INFO - [2025-09-22T11:25:52.530+0000] {dag.py:3036} INFO - Sync 1 DAGs
[2025-09-22T11:25:52.544+0000] {logging_mixin.py:188} INFO - [2025-09-22T11:25:52.543+0000] {dag.py:3823} INFO - Setting next_dagrun for day7_customer_churn_pipeline to None, run_after=None
[2025-09-22T11:25:52.569+0000] {processor.py:183} INFO - Processing /opt/airflow/dags/customer_churn_pipeline.py took 1.616 seconds
[2025-09-22T11:26:23.381+0000] {processor.py:161} INFO - Started process (PID=1243) to work on /opt/airflow/dags/customer_churn_pipeline.py
[2025-09-22T11:26:23.383+0000] {processor.py:830} INFO - Processing file /opt/airflow/dags/customer_churn_pipeline.py for tasks to queue
[2025-09-22T11:26:23.389+0000] {logging_mixin.py:188} INFO - [2025-09-22T11:26:23.389+0000] {dagbag.py:538} INFO - Filling up the DagBag from /opt/airflow/dags/customer_churn_pipeline.py
[2025-09-22T11:26:25.123+0000] {processor.py:840} INFO - DAG(s) 'day7_customer_churn_pipeline' retrieved from /opt/airflow/dags/customer_churn_pipeline.py
[2025-09-22T11:26:25.151+0000] {logging_mixin.py:188} INFO - [2025-09-22T11:26:25.151+0000] {dag.py:3036} INFO - Sync 1 DAGs
[2025-09-22T11:26:25.199+0000] {logging_mixin.py:188} INFO - [2025-09-22T11:26:25.197+0000] {dag.py:3823} INFO - Setting next_dagrun for day7_customer_churn_pipeline to None, run_after=None
[2025-09-22T11:26:25.271+0000] {processor.py:183} INFO - Processing /opt/airflow/dags/customer_churn_pipeline.py took 1.894 seconds
[2025-09-22T11:26:56.395+0000] {processor.py:161} INFO - Started process (PID=1262) to work on /opt/airflow/dags/customer_churn_pipeline.py
[2025-09-22T11:26:56.397+0000] {processor.py:830} INFO - Processing file /opt/airflow/dags/customer_churn_pipeline.py for tasks to queue
[2025-09-22T11:26:56.401+0000] {logging_mixin.py:188} INFO - [2025-09-22T11:26:56.401+0000] {dagbag.py:538} INFO - Filling up the DagBag from /opt/airflow/dags/customer_churn_pipeline.py
[2025-09-22T11:26:55.281+0000] {processor.py:840} INFO - DAG(s) 'day7_customer_churn_pipeline' retrieved from /opt/airflow/dags/customer_churn_pipeline.py
[2025-09-22T11:26:55.313+0000] {logging_mixin.py:188} INFO - [2025-09-22T11:26:55.312+0000] {dag.py:3036} INFO - Sync 1 DAGs
[2025-09-22T11:26:55.333+0000] {logging_mixin.py:188} INFO - [2025-09-22T11:26:55.331+0000] {dag.py:3823} INFO - Setting next_dagrun for day7_customer_churn_pipeline to None, run_after=None
[2025-09-22T11:26:55.394+0000] {processor.py:183} INFO - Processing /opt/airflow/dags/customer_churn_pipeline.py took 1.753 seconds
[2025-09-22T11:27:26.197+0000] {processor.py:161} INFO - Started process (PID=1281) to work on /opt/airflow/dags/customer_churn_pipeline.py
[2025-09-22T11:27:26.209+0000] {processor.py:830} INFO - Processing file /opt/airflow/dags/customer_churn_pipeline.py for tasks to queue
[2025-09-22T11:27:26.219+0000] {logging_mixin.py:188} INFO - [2025-09-22T11:27:26.218+0000] {dagbag.py:538} INFO - Filling up the DagBag from /opt/airflow/dags/customer_churn_pipeline.py
[2025-09-22T11:27:28.778+0000] {processor.py:840} INFO - DAG(s) 'day7_customer_churn_pipeline' retrieved from /opt/airflow/dags/customer_churn_pipeline.py
[2025-09-22T11:27:28.831+0000] {logging_mixin.py:188} INFO - [2025-09-22T11:27:28.830+0000] {dag.py:3036} INFO - Sync 1 DAGs
[2025-09-22T11:27:28.862+0000] {logging_mixin.py:188} INFO - [2025-09-22T11:27:28.861+0000] {dag.py:3823} INFO - Setting next_dagrun for day7_customer_churn_pipeline to None, run_after=None
[2025-09-22T11:27:28.903+0000] {processor.py:183} INFO - Processing /opt/airflow/dags/customer_churn_pipeline.py took 2.738 seconds
[2025-09-22T11:28:00.424+0000] {processor.py:161} INFO - Started process (PID=1300) to work on /opt/airflow/dags/customer_churn_pipeline.py
[2025-09-22T11:28:00.436+0000] {processor.py:830} INFO - Processing file /opt/airflow/dags/customer_churn_pipeline.py for tasks to queue
[2025-09-22T11:28:00.447+0000] {logging_mixin.py:188} INFO - [2025-09-22T11:28:00.446+0000] {dagbag.py:538} INFO - Filling up the DagBag from /opt/airflow/dags/customer_churn_pipeline.py
[2025-09-22T11:28:06.329+0000] {processor.py:840} INFO - DAG(s) 'day7_customer_churn_pipeline' retrieved from /opt/airflow/dags/customer_churn_pipeline.py
[2025-09-22T11:28:06.517+0000] {logging_mixin.py:188} INFO - [2025-09-22T11:28:06.516+0000] {dag.py:3036} INFO - Sync 1 DAGs
[2025-09-22T11:28:06.545+0000] {logging_mixin.py:188} INFO - [2025-09-22T11:28:06.544+0000] {dag.py:3823} INFO - Setting next_dagrun for day7_customer_churn_pipeline to None, run_after=None
[2025-09-22T11:28:06.699+0000] {processor.py:183} INFO - Processing /opt/airflow/dags/customer_churn_pipeline.py took 6.282 seconds
[2025-09-22T11:28:37.660+0000] {processor.py:161} INFO - Started process (PID=1319) to work on /opt/airflow/dags/customer_churn_pipeline.py
[2025-09-22T11:28:37.689+0000] {processor.py:830} INFO - Processing file /opt/airflow/dags/customer_churn_pipeline.py for tasks to queue
[2025-09-22T11:28:37.726+0000] {logging_mixin.py:188} INFO - [2025-09-22T11:28:37.722+0000] {dagbag.py:538} INFO - Filling up the DagBag from /opt/airflow/dags/customer_churn_pipeline.py
[2025-09-22T11:28:45.769+0000] {processor.py:840} INFO - DAG(s) 'day7_customer_churn_pipeline' retrieved from /opt/airflow/dags/customer_churn_pipeline.py
[2025-09-22T11:28:45.932+0000] {logging_mixin.py:188} INFO - [2025-09-22T11:28:45.929+0000] {dag.py:3036} INFO - Sync 1 DAGs
[2025-09-22T11:28:46.054+0000] {logging_mixin.py:188} INFO - [2025-09-22T11:28:46.051+0000] {dag.py:3823} INFO - Setting next_dagrun for day7_customer_churn_pipeline to None, run_after=None
[2025-09-22T11:28:46.361+0000] {processor.py:183} INFO - Processing /opt/airflow/dags/customer_churn_pipeline.py took 8.776 seconds
[2025-09-22T11:29:16.126+0000] {processor.py:161} INFO - Started process (PID=1338) to work on /opt/airflow/dags/customer_churn_pipeline.py
[2025-09-22T11:29:16.218+0000] {processor.py:830} INFO - Processing file /opt/airflow/dags/customer_churn_pipeline.py for tasks to queue
[2025-09-22T11:29:16.277+0000] {logging_mixin.py:188} INFO - [2025-09-22T11:29:16.267+0000] {dagbag.py:538} INFO - Filling up the DagBag from /opt/airflow/dags/customer_churn_pipeline.py
[2025-09-22T11:29:24.809+0000] {processor.py:840} INFO - DAG(s) 'day7_customer_churn_pipeline' retrieved from /opt/airflow/dags/customer_churn_pipeline.py
[2025-09-22T11:29:24.862+0000] {logging_mixin.py:188} INFO - [2025-09-22T11:29:24.859+0000] {dag.py:3036} INFO - Sync 1 DAGs
[2025-09-22T11:29:24.989+0000] {logging_mixin.py:188} INFO - [2025-09-22T11:29:24.986+0000] {dag.py:3823} INFO - Setting next_dagrun for day7_customer_churn_pipeline to None, run_after=None
[2025-09-22T11:29:25.236+0000] {processor.py:183} INFO - Processing /opt/airflow/dags/customer_churn_pipeline.py took 9.153 seconds
[2025-09-22T11:29:56.304+0000] {processor.py:161} INFO - Started process (PID=1357) to work on /opt/airflow/dags/customer_churn_pipeline.py
[2025-09-22T11:29:56.306+0000] {processor.py:830} INFO - Processing file /opt/airflow/dags/customer_churn_pipeline.py for tasks to queue
[2025-09-22T11:29:56.310+0000] {logging_mixin.py:188} INFO - [2025-09-22T11:29:56.310+0000] {dagbag.py:538} INFO - Filling up the DagBag from /opt/airflow/dags/customer_churn_pipeline.py
[2025-09-22T11:30:00.620+0000] {processor.py:840} INFO - DAG(s) 'day7_customer_churn_pipeline' retrieved from /opt/airflow/dags/customer_churn_pipeline.py
[2025-09-22T11:30:00.759+0000] {logging_mixin.py:188} INFO - [2025-09-22T11:30:00.755+0000] {dag.py:3036} INFO - Sync 1 DAGs
[2025-09-22T11:30:00.886+0000] {logging_mixin.py:188} INFO - [2025-09-22T11:30:00.883+0000] {dag.py:3823} INFO - Setting next_dagrun for day7_customer_churn_pipeline to None, run_after=None
[2025-09-22T11:30:00.975+0000] {processor.py:183} INFO - Processing /opt/airflow/dags/customer_churn_pipeline.py took 4.675 seconds
[2025-09-22T11:30:31.411+0000] {processor.py:161} INFO - Started process (PID=1376) to work on /opt/airflow/dags/customer_churn_pipeline.py
[2025-09-22T11:30:31.414+0000] {processor.py:830} INFO - Processing file /opt/airflow/dags/customer_churn_pipeline.py for tasks to queue
[2025-09-22T11:30:31.422+0000] {logging_mixin.py:188} INFO - [2025-09-22T11:30:31.420+0000] {dagbag.py:538} INFO - Filling up the DagBag from /opt/airflow/dags/customer_churn_pipeline.py
[2025-09-22T11:30:36.362+0000] {processor.py:840} INFO - DAG(s) 'day7_customer_churn_pipeline' retrieved from /opt/airflow/dags/customer_churn_pipeline.py
[2025-09-22T11:30:36.408+0000] {logging_mixin.py:188} INFO - [2025-09-22T11:30:36.405+0000] {dag.py:3036} INFO - Sync 1 DAGs
[2025-09-22T11:30:33.855+0000] {logging_mixin.py:188} INFO - [2025-09-22T11:30:33.852+0000] {dag.py:3823} INFO - Setting next_dagrun for day7_customer_churn_pipeline to None, run_after=None
[2025-09-22T11:30:34.059+0000] {processor.py:183} INFO - Processing /opt/airflow/dags/customer_churn_pipeline.py took 5.384 seconds
[2025-09-22T12:12:15.980+0000] {processor.py:161} INFO - Started process (PID=62) to work on /opt/airflow/dags/customer_churn_pipeline.py
[2025-09-22T12:12:16.018+0000] {processor.py:830} INFO - Processing file /opt/airflow/dags/customer_churn_pipeline.py for tasks to queue
[2025-09-22T12:12:16.054+0000] {logging_mixin.py:188} INFO - [2025-09-22T12:12:16.051+0000] {dagbag.py:538} INFO - Filling up the DagBag from /opt/airflow/dags/customer_churn_pipeline.py
[2025-09-22T12:12:28.843+0000] {processor.py:840} INFO - DAG(s) 'day7_customer_churn_pipeline' retrieved from /opt/airflow/dags/customer_churn_pipeline.py
[2025-09-22T12:12:29.010+0000] {logging_mixin.py:188} INFO - [2025-09-22T12:12:29.008+0000] {dag.py:3036} INFO - Sync 1 DAGs
[2025-09-22T12:12:29.049+0000] {logging_mixin.py:188} INFO - [2025-09-22T12:12:29.049+0000] {dag.py:3823} INFO - Setting next_dagrun for day7_customer_churn_pipeline to None, run_after=None
[2025-09-22T12:12:29.255+0000] {processor.py:183} INFO - Processing /opt/airflow/dags/customer_churn_pipeline.py took 15.650 seconds
[2025-09-22T12:12:59.822+0000] {processor.py:161} INFO - Started process (PID=81) to work on /opt/airflow/dags/customer_churn_pipeline.py
[2025-09-22T12:12:59.825+0000] {processor.py:830} INFO - Processing file /opt/airflow/dags/customer_churn_pipeline.py for tasks to queue
[2025-09-22T12:12:59.829+0000] {logging_mixin.py:188} INFO - [2025-09-22T12:12:59.828+0000] {dagbag.py:538} INFO - Filling up the DagBag from /opt/airflow/dags/customer_churn_pipeline.py
[2025-09-22T12:13:04.562+0000] {processor.py:840} INFO - DAG(s) 'day7_customer_churn_pipeline' retrieved from /opt/airflow/dags/customer_churn_pipeline.py
[2025-09-22T12:13:04.819+0000] {logging_mixin.py:188} INFO - [2025-09-22T12:13:04.817+0000] {dag.py:3036} INFO - Sync 1 DAGs
[2025-09-22T12:13:04.836+0000] {logging_mixin.py:188} INFO - [2025-09-22T12:13:04.835+0000] {dag.py:3823} INFO - Setting next_dagrun for day7_customer_churn_pipeline to None, run_after=None
[2025-09-22T12:13:04.868+0000] {processor.py:183} INFO - Processing /opt/airflow/dags/customer_churn_pipeline.py took 5.051 seconds
[2025-09-22T12:13:35.875+0000] {processor.py:161} INFO - Started process (PID=100) to work on /opt/airflow/dags/customer_churn_pipeline.py
[2025-09-22T12:13:35.885+0000] {processor.py:830} INFO - Processing file /opt/airflow/dags/customer_churn_pipeline.py for tasks to queue
[2025-09-22T12:13:35.907+0000] {logging_mixin.py:188} INFO - [2025-09-22T12:13:35.903+0000] {dagbag.py:538} INFO - Filling up the DagBag from /opt/airflow/dags/customer_churn_pipeline.py
[2025-09-22T12:13:39.865+0000] {processor.py:840} INFO - DAG(s) 'day7_customer_churn_pipeline' retrieved from /opt/airflow/dags/customer_churn_pipeline.py
[2025-09-22T12:13:39.897+0000] {logging_mixin.py:188} INFO - [2025-09-22T12:13:39.896+0000] {dag.py:3036} INFO - Sync 1 DAGs
[2025-09-22T12:13:39.934+0000] {logging_mixin.py:188} INFO - [2025-09-22T12:13:39.932+0000] {dag.py:3823} INFO - Setting next_dagrun for day7_customer_churn_pipeline to None, run_after=None
[2025-09-22T12:13:40.002+0000] {processor.py:183} INFO - Processing /opt/airflow/dags/customer_churn_pipeline.py took 4.155 seconds
[2025-09-22T12:14:10.798+0000] {processor.py:161} INFO - Started process (PID=119) to work on /opt/airflow/dags/customer_churn_pipeline.py
[2025-09-22T12:14:10.800+0000] {processor.py:830} INFO - Processing file /opt/airflow/dags/customer_churn_pipeline.py for tasks to queue
[2025-09-22T12:14:10.803+0000] {logging_mixin.py:188} INFO - [2025-09-22T12:14:10.803+0000] {dagbag.py:538} INFO - Filling up the DagBag from /opt/airflow/dags/customer_churn_pipeline.py
[2025-09-22T12:14:12.576+0000] {processor.py:840} INFO - DAG(s) 'day7_customer_churn_pipeline' retrieved from /opt/airflow/dags/customer_churn_pipeline.py
[2025-09-22T12:14:12.606+0000] {logging_mixin.py:188} INFO - [2025-09-22T12:14:12.606+0000] {dag.py:3036} INFO - Sync 1 DAGs
[2025-09-22T12:14:12.627+0000] {logging_mixin.py:188} INFO - [2025-09-22T12:14:12.627+0000] {dag.py:3823} INFO - Setting next_dagrun for day7_customer_churn_pipeline to None, run_after=None
[2025-09-22T12:14:12.661+0000] {processor.py:183} INFO - Processing /opt/airflow/dags/customer_churn_pipeline.py took 1.867 seconds
[2025-09-22T12:14:43.200+0000] {processor.py:161} INFO - Started process (PID=138) to work on /opt/airflow/dags/customer_churn_pipeline.py
[2025-09-22T12:14:43.201+0000] {processor.py:830} INFO - Processing file /opt/airflow/dags/customer_churn_pipeline.py for tasks to queue
[2025-09-22T12:14:43.204+0000] {logging_mixin.py:188} INFO - [2025-09-22T12:14:43.203+0000] {dagbag.py:538} INFO - Filling up the DagBag from /opt/airflow/dags/customer_churn_pipeline.py
[2025-09-22T12:14:44.676+0000] {processor.py:840} INFO - DAG(s) 'day7_customer_churn_pipeline' retrieved from /opt/airflow/dags/customer_churn_pipeline.py
[2025-09-22T12:14:44.705+0000] {logging_mixin.py:188} INFO - [2025-09-22T12:14:44.704+0000] {dag.py:3036} INFO - Sync 1 DAGs
[2025-09-22T12:14:44.723+0000] {logging_mixin.py:188} INFO - [2025-09-22T12:14:44.722+0000] {dag.py:3823} INFO - Setting next_dagrun for day7_customer_churn_pipeline to None, run_after=None
[2025-09-22T12:14:44.750+0000] {processor.py:183} INFO - Processing /opt/airflow/dags/customer_churn_pipeline.py took 1.553 seconds
[2025-09-22T12:15:14.953+0000] {processor.py:161} INFO - Started process (PID=157) to work on /opt/airflow/dags/customer_churn_pipeline.py
[2025-09-22T12:15:14.959+0000] {processor.py:830} INFO - Processing file /opt/airflow/dags/customer_churn_pipeline.py for tasks to queue
[2025-09-22T12:15:14.962+0000] {logging_mixin.py:188} INFO - [2025-09-22T12:15:14.962+0000] {dagbag.py:538} INFO - Filling up the DagBag from /opt/airflow/dags/customer_churn_pipeline.py
[2025-09-22T12:15:16.603+0000] {processor.py:840} INFO - DAG(s) 'day7_customer_churn_pipeline' retrieved from /opt/airflow/dags/customer_churn_pipeline.py
[2025-09-22T12:15:16.667+0000] {logging_mixin.py:188} INFO - [2025-09-22T12:15:16.666+0000] {dag.py:3036} INFO - Sync 1 DAGs
[2025-09-22T12:15:16.696+0000] {logging_mixin.py:188} INFO - [2025-09-22T12:15:16.695+0000] {dag.py:3823} INFO - Setting next_dagrun for day7_customer_churn_pipeline to None, run_after=None
[2025-09-22T12:15:16.740+0000] {processor.py:183} INFO - Processing /opt/airflow/dags/customer_churn_pipeline.py took 1.793 seconds
[2025-09-22T12:15:47.796+0000] {processor.py:161} INFO - Started process (PID=176) to work on /opt/airflow/dags/customer_churn_pipeline.py
[2025-09-22T12:15:47.798+0000] {processor.py:830} INFO - Processing file /opt/airflow/dags/customer_churn_pipeline.py for tasks to queue
[2025-09-22T12:15:47.804+0000] {logging_mixin.py:188} INFO - [2025-09-22T12:15:47.804+0000] {dagbag.py:538} INFO - Filling up the DagBag from /opt/airflow/dags/customer_churn_pipeline.py
[2025-09-22T12:15:49.017+0000] {processor.py:840} INFO - DAG(s) 'day7_customer_churn_pipeline' retrieved from /opt/airflow/dags/customer_churn_pipeline.py
[2025-09-22T12:15:49.051+0000] {logging_mixin.py:188} INFO - [2025-09-22T12:15:49.051+0000] {dag.py:3036} INFO - Sync 1 DAGs
[2025-09-22T12:15:49.070+0000] {logging_mixin.py:188} INFO - [2025-09-22T12:15:49.070+0000] {dag.py:3823} INFO - Setting next_dagrun for day7_customer_churn_pipeline to None, run_after=None
[2025-09-22T12:15:49.109+0000] {processor.py:183} INFO - Processing /opt/airflow/dags/customer_churn_pipeline.py took 1.318 seconds
[2025-09-22T12:16:19.508+0000] {processor.py:161} INFO - Started process (PID=195) to work on /opt/airflow/dags/customer_churn_pipeline.py
[2025-09-22T12:16:19.511+0000] {processor.py:830} INFO - Processing file /opt/airflow/dags/customer_churn_pipeline.py for tasks to queue
[2025-09-22T12:16:19.515+0000] {logging_mixin.py:188} INFO - [2025-09-22T12:16:19.514+0000] {dagbag.py:538} INFO - Filling up the DagBag from /opt/airflow/dags/customer_churn_pipeline.py
[2025-09-22T12:16:20.741+0000] {processor.py:840} INFO - DAG(s) 'day7_customer_churn_pipeline' retrieved from /opt/airflow/dags/customer_churn_pipeline.py
[2025-09-22T12:16:20.778+0000] {logging_mixin.py:188} INFO - [2025-09-22T12:16:20.778+0000] {dag.py:3036} INFO - Sync 1 DAGs
[2025-09-22T12:16:20.801+0000] {logging_mixin.py:188} INFO - [2025-09-22T12:16:20.800+0000] {dag.py:3823} INFO - Setting next_dagrun for day7_customer_churn_pipeline to None, run_after=None
[2025-09-22T12:16:20.840+0000] {processor.py:183} INFO - Processing /opt/airflow/dags/customer_churn_pipeline.py took 1.336 seconds
[2025-09-22T12:16:51.556+0000] {processor.py:161} INFO - Started process (PID=214) to work on /opt/airflow/dags/customer_churn_pipeline.py
[2025-09-22T12:16:51.558+0000] {processor.py:830} INFO - Processing file /opt/airflow/dags/customer_churn_pipeline.py for tasks to queue
[2025-09-22T12:16:51.561+0000] {logging_mixin.py:188} INFO - [2025-09-22T12:16:51.561+0000] {dagbag.py:538} INFO - Filling up the DagBag from /opt/airflow/dags/customer_churn_pipeline.py
[2025-09-22T12:16:52.864+0000] {processor.py:840} INFO - DAG(s) 'day7_customer_churn_pipeline' retrieved from /opt/airflow/dags/customer_churn_pipeline.py
[2025-09-22T12:16:52.903+0000] {logging_mixin.py:188} INFO - [2025-09-22T12:16:52.903+0000] {dag.py:3036} INFO - Sync 1 DAGs
[2025-09-22T12:16:52.917+0000] {logging_mixin.py:188} INFO - [2025-09-22T12:16:52.917+0000] {dag.py:3823} INFO - Setting next_dagrun for day7_customer_churn_pipeline to None, run_after=None
[2025-09-22T12:16:52.964+0000] {processor.py:183} INFO - Processing /opt/airflow/dags/customer_churn_pipeline.py took 1.414 seconds
[2025-09-22T12:17:23.906+0000] {processor.py:161} INFO - Started process (PID=233) to work on /opt/airflow/dags/customer_churn_pipeline.py
[2025-09-22T12:17:23.908+0000] {processor.py:830} INFO - Processing file /opt/airflow/dags/customer_churn_pipeline.py for tasks to queue
[2025-09-22T12:17:23.922+0000] {logging_mixin.py:188} INFO - [2025-09-22T12:17:23.922+0000] {dagbag.py:538} INFO - Filling up the DagBag from /opt/airflow/dags/customer_churn_pipeline.py
[2025-09-22T12:17:25.176+0000] {processor.py:840} INFO - DAG(s) 'day7_customer_churn_pipeline' retrieved from /opt/airflow/dags/customer_churn_pipeline.py
[2025-09-22T12:17:25.210+0000] {logging_mixin.py:188} INFO - [2025-09-22T12:17:25.209+0000] {dag.py:3036} INFO - Sync 1 DAGs
[2025-09-22T12:17:25.224+0000] {logging_mixin.py:188} INFO - [2025-09-22T12:17:25.224+0000] {dag.py:3823} INFO - Setting next_dagrun for day7_customer_churn_pipeline to None, run_after=None
[2025-09-22T12:17:25.268+0000] {processor.py:183} INFO - Processing /opt/airflow/dags/customer_churn_pipeline.py took 1.367 seconds
[2025-09-22T12:17:56.401+0000] {processor.py:161} INFO - Started process (PID=252) to work on /opt/airflow/dags/customer_churn_pipeline.py
[2025-09-22T12:17:56.403+0000] {processor.py:830} INFO - Processing file /opt/airflow/dags/customer_churn_pipeline.py for tasks to queue
[2025-09-22T12:17:56.409+0000] {logging_mixin.py:188} INFO - [2025-09-22T12:17:56.408+0000] {dagbag.py:538} INFO - Filling up the DagBag from /opt/airflow/dags/customer_churn_pipeline.py
[2025-09-22T12:17:57.832+0000] {processor.py:840} INFO - DAG(s) 'day7_customer_churn_pipeline' retrieved from /opt/airflow/dags/customer_churn_pipeline.py
[2025-09-22T12:17:57.865+0000] {logging_mixin.py:188} INFO - [2025-09-22T12:17:57.865+0000] {dag.py:3036} INFO - Sync 1 DAGs
[2025-09-22T12:17:57.880+0000] {logging_mixin.py:188} INFO - [2025-09-22T12:17:57.880+0000] {dag.py:3823} INFO - Setting next_dagrun for day7_customer_churn_pipeline to None, run_after=None
[2025-09-22T12:17:57.917+0000] {processor.py:183} INFO - Processing /opt/airflow/dags/customer_churn_pipeline.py took 1.521 seconds
[2025-09-22T12:18:28.580+0000] {processor.py:161} INFO - Started process (PID=271) to work on /opt/airflow/dags/customer_churn_pipeline.py
[2025-09-22T12:18:28.582+0000] {processor.py:830} INFO - Processing file /opt/airflow/dags/customer_churn_pipeline.py for tasks to queue
[2025-09-22T12:18:28.585+0000] {logging_mixin.py:188} INFO - [2025-09-22T12:18:28.585+0000] {dagbag.py:538} INFO - Filling up the DagBag from /opt/airflow/dags/customer_churn_pipeline.py
[2025-09-22T12:18:30.183+0000] {processor.py:840} INFO - DAG(s) 'day7_customer_churn_pipeline' retrieved from /opt/airflow/dags/customer_churn_pipeline.py
[2025-09-22T12:18:30.212+0000] {logging_mixin.py:188} INFO - [2025-09-22T12:18:30.211+0000] {dag.py:3036} INFO - Sync 1 DAGs
[2025-09-22T12:18:30.234+0000] {logging_mixin.py:188} INFO - [2025-09-22T12:18:30.233+0000] {dag.py:3823} INFO - Setting next_dagrun for day7_customer_churn_pipeline to None, run_after=None
[2025-09-22T12:18:30.268+0000] {processor.py:183} INFO - Processing /opt/airflow/dags/customer_churn_pipeline.py took 1.694 seconds
[2025-09-22T12:19:00.823+0000] {processor.py:161} INFO - Started process (PID=290) to work on /opt/airflow/dags/customer_churn_pipeline.py
[2025-09-22T12:19:00.828+0000] {processor.py:830} INFO - Processing file /opt/airflow/dags/customer_churn_pipeline.py for tasks to queue
[2025-09-22T12:19:00.833+0000] {logging_mixin.py:188} INFO - [2025-09-22T12:19:00.832+0000] {dagbag.py:538} INFO - Filling up the DagBag from /opt/airflow/dags/customer_churn_pipeline.py
[2025-09-22T12:19:02.155+0000] {processor.py:840} INFO - DAG(s) 'day7_customer_churn_pipeline' retrieved from /opt/airflow/dags/customer_churn_pipeline.py
[2025-09-22T12:19:02.196+0000] {logging_mixin.py:188} INFO - [2025-09-22T12:19:02.196+0000] {dag.py:3036} INFO - Sync 1 DAGs
[2025-09-22T12:19:02.208+0000] {logging_mixin.py:188} INFO - [2025-09-22T12:19:02.208+0000] {dag.py:3823} INFO - Setting next_dagrun for day7_customer_churn_pipeline to None, run_after=None
[2025-09-22T12:19:02.246+0000] {processor.py:183} INFO - Processing /opt/airflow/dags/customer_churn_pipeline.py took 1.432 seconds
[2025-09-22T12:19:32.355+0000] {processor.py:161} INFO - Started process (PID=309) to work on /opt/airflow/dags/customer_churn_pipeline.py
[2025-09-22T12:19:32.360+0000] {processor.py:830} INFO - Processing file /opt/airflow/dags/customer_churn_pipeline.py for tasks to queue
[2025-09-22T12:19:32.363+0000] {logging_mixin.py:188} INFO - [2025-09-22T12:19:32.363+0000] {dagbag.py:538} INFO - Filling up the DagBag from /opt/airflow/dags/customer_churn_pipeline.py
[2025-09-22T12:19:34.084+0000] {processor.py:840} INFO - DAG(s) 'day7_customer_churn_pipeline' retrieved from /opt/airflow/dags/customer_churn_pipeline.py
[2025-09-22T12:19:34.118+0000] {logging_mixin.py:188} INFO - [2025-09-22T12:19:34.117+0000] {dag.py:3036} INFO - Sync 1 DAGs
[2025-09-22T12:19:34.138+0000] {logging_mixin.py:188} INFO - [2025-09-22T12:19:34.138+0000] {dag.py:3823} INFO - Setting next_dagrun for day7_customer_churn_pipeline to None, run_after=None
[2025-09-22T12:19:34.172+0000] {processor.py:183} INFO - Processing /opt/airflow/dags/customer_churn_pipeline.py took 1.822 seconds
[2025-09-22T12:20:05.122+0000] {processor.py:161} INFO - Started process (PID=328) to work on /opt/airflow/dags/customer_churn_pipeline.py
[2025-09-22T12:20:05.125+0000] {processor.py:830} INFO - Processing file /opt/airflow/dags/customer_churn_pipeline.py for tasks to queue
[2025-09-22T12:20:05.128+0000] {logging_mixin.py:188} INFO - [2025-09-22T12:20:05.127+0000] {dagbag.py:538} INFO - Filling up the DagBag from /opt/airflow/dags/customer_churn_pipeline.py
[2025-09-22T12:20:06.723+0000] {processor.py:840} INFO - DAG(s) 'day7_customer_churn_pipeline' retrieved from /opt/airflow/dags/customer_churn_pipeline.py
[2025-09-22T12:20:06.765+0000] {logging_mixin.py:188} INFO - [2025-09-22T12:20:06.765+0000] {dag.py:3036} INFO - Sync 1 DAGs
[2025-09-22T12:20:06.786+0000] {logging_mixin.py:188} INFO - [2025-09-22T12:20:06.786+0000] {dag.py:3823} INFO - Setting next_dagrun for day7_customer_churn_pipeline to None, run_after=None
[2025-09-22T12:20:06.825+0000] {processor.py:183} INFO - Processing /opt/airflow/dags/customer_churn_pipeline.py took 1.709 seconds
[2025-09-22T12:20:37.458+0000] {processor.py:161} INFO - Started process (PID=347) to work on /opt/airflow/dags/customer_churn_pipeline.py
[2025-09-22T12:20:37.459+0000] {processor.py:830} INFO - Processing file /opt/airflow/dags/customer_churn_pipeline.py for tasks to queue
[2025-09-22T12:20:37.463+0000] {logging_mixin.py:188} INFO - [2025-09-22T12:20:37.462+0000] {dagbag.py:538} INFO - Filling up the DagBag from /opt/airflow/dags/customer_churn_pipeline.py
[2025-09-22T12:20:38.927+0000] {processor.py:840} INFO - DAG(s) 'day7_customer_churn_pipeline' retrieved from /opt/airflow/dags/customer_churn_pipeline.py
[2025-09-22T12:20:38.965+0000] {logging_mixin.py:188} INFO - [2025-09-22T12:20:38.964+0000] {dag.py:3036} INFO - Sync 1 DAGs
[2025-09-22T12:20:38.986+0000] {logging_mixin.py:188} INFO - [2025-09-22T12:20:38.986+0000] {dag.py:3823} INFO - Setting next_dagrun for day7_customer_churn_pipeline to None, run_after=None
[2025-09-22T12:20:39.022+0000] {processor.py:183} INFO - Processing /opt/airflow/dags/customer_churn_pipeline.py took 1.571 seconds
[2025-09-22T12:21:09.944+0000] {processor.py:161} INFO - Started process (PID=366) to work on /opt/airflow/dags/customer_churn_pipeline.py
[2025-09-22T12:21:09.945+0000] {processor.py:830} INFO - Processing file /opt/airflow/dags/customer_churn_pipeline.py for tasks to queue
[2025-09-22T12:21:09.948+0000] {logging_mixin.py:188} INFO - [2025-09-22T12:21:09.947+0000] {dagbag.py:538} INFO - Filling up the DagBag from /opt/airflow/dags/customer_churn_pipeline.py
[2025-09-22T12:21:11.338+0000] {processor.py:840} INFO - DAG(s) 'day7_customer_churn_pipeline' retrieved from /opt/airflow/dags/customer_churn_pipeline.py
[2025-09-22T12:21:11.402+0000] {logging_mixin.py:188} INFO - [2025-09-22T12:21:11.401+0000] {dag.py:3036} INFO - Sync 1 DAGs
[2025-09-22T12:21:11.422+0000] {logging_mixin.py:188} INFO - [2025-09-22T12:21:11.422+0000] {dag.py:3823} INFO - Setting next_dagrun for day7_customer_churn_pipeline to None, run_after=None
[2025-09-22T12:21:11.460+0000] {processor.py:183} INFO - Processing /opt/airflow/dags/customer_churn_pipeline.py took 1.519 seconds
[2025-09-22T12:21:42.196+0000] {processor.py:161} INFO - Started process (PID=385) to work on /opt/airflow/dags/customer_churn_pipeline.py
[2025-09-22T12:21:42.197+0000] {processor.py:830} INFO - Processing file /opt/airflow/dags/customer_churn_pipeline.py for tasks to queue
[2025-09-22T12:21:42.200+0000] {logging_mixin.py:188} INFO - [2025-09-22T12:21:42.200+0000] {dagbag.py:538} INFO - Filling up the DagBag from /opt/airflow/dags/customer_churn_pipeline.py
[2025-09-22T12:21:43.715+0000] {processor.py:840} INFO - DAG(s) 'day7_customer_churn_pipeline' retrieved from /opt/airflow/dags/customer_churn_pipeline.py
[2025-09-22T12:21:43.753+0000] {logging_mixin.py:188} INFO - [2025-09-22T12:21:43.752+0000] {dag.py:3036} INFO - Sync 1 DAGs
[2025-09-22T12:21:43.799+0000] {logging_mixin.py:188} INFO - [2025-09-22T12:21:43.799+0000] {dag.py:3823} INFO - Setting next_dagrun for day7_customer_churn_pipeline to None, run_after=None
[2025-09-22T12:21:43.851+0000] {processor.py:183} INFO - Processing /opt/airflow/dags/customer_churn_pipeline.py took 1.660 seconds
[2025-09-22T12:22:15.102+0000] {processor.py:161} INFO - Started process (PID=404) to work on /opt/airflow/dags/customer_churn_pipeline.py
[2025-09-22T12:22:15.104+0000] {processor.py:830} INFO - Processing file /opt/airflow/dags/customer_churn_pipeline.py for tasks to queue
[2025-09-22T12:22:15.108+0000] {logging_mixin.py:188} INFO - [2025-09-22T12:22:15.107+0000] {dagbag.py:538} INFO - Filling up the DagBag from /opt/airflow/dags/customer_churn_pipeline.py
[2025-09-22T12:22:16.566+0000] {processor.py:840} INFO - DAG(s) 'day7_customer_churn_pipeline' retrieved from /opt/airflow/dags/customer_churn_pipeline.py
[2025-09-22T12:22:16.599+0000] {logging_mixin.py:188} INFO - [2025-09-22T12:22:16.599+0000] {dag.py:3036} INFO - Sync 1 DAGs
[2025-09-22T12:22:16.616+0000] {logging_mixin.py:188} INFO - [2025-09-22T12:22:16.616+0000] {dag.py:3823} INFO - Setting next_dagrun for day7_customer_churn_pipeline to None, run_after=None
[2025-09-22T12:22:16.665+0000] {processor.py:183} INFO - Processing /opt/airflow/dags/customer_churn_pipeline.py took 1.569 seconds
[2025-09-22T12:22:47.598+0000] {processor.py:161} INFO - Started process (PID=423) to work on /opt/airflow/dags/customer_churn_pipeline.py
[2025-09-22T12:22:47.601+0000] {processor.py:830} INFO - Processing file /opt/airflow/dags/customer_churn_pipeline.py for tasks to queue
[2025-09-22T12:22:47.604+0000] {logging_mixin.py:188} INFO - [2025-09-22T12:22:47.603+0000] {dagbag.py:538} INFO - Filling up the DagBag from /opt/airflow/dags/customer_churn_pipeline.py
[2025-09-22T12:22:48.835+0000] {processor.py:840} INFO - DAG(s) 'day7_customer_churn_pipeline' retrieved from /opt/airflow/dags/customer_churn_pipeline.py
[2025-09-22T12:22:48.863+0000] {logging_mixin.py:188} INFO - [2025-09-22T12:22:48.863+0000] {dag.py:3036} INFO - Sync 1 DAGs
[2025-09-22T12:22:48.882+0000] {logging_mixin.py:188} INFO - [2025-09-22T12:22:48.879+0000] {dag.py:3823} INFO - Setting next_dagrun for day7_customer_churn_pipeline to None, run_after=None
[2025-09-22T12:22:48.913+0000] {processor.py:183} INFO - Processing /opt/airflow/dags/customer_churn_pipeline.py took 1.322 seconds
[2025-09-22T12:23:19.093+0000] {processor.py:161} INFO - Started process (PID=442) to work on /opt/airflow/dags/customer_churn_pipeline.py
[2025-09-22T12:23:19.096+0000] {processor.py:830} INFO - Processing file /opt/airflow/dags/customer_churn_pipeline.py for tasks to queue
[2025-09-22T12:23:19.100+0000] {logging_mixin.py:188} INFO - [2025-09-22T12:23:19.100+0000] {dagbag.py:538} INFO - Filling up the DagBag from /opt/airflow/dags/customer_churn_pipeline.py
[2025-09-22T12:23:20.129+0000] {processor.py:840} INFO - DAG(s) 'day7_customer_churn_pipeline' retrieved from /opt/airflow/dags/customer_churn_pipeline.py
[2025-09-22T12:23:20.165+0000] {logging_mixin.py:188} INFO - [2025-09-22T12:23:20.164+0000] {dag.py:3036} INFO - Sync 1 DAGs
[2025-09-22T12:23:20.178+0000] {logging_mixin.py:188} INFO - [2025-09-22T12:23:20.178+0000] {dag.py:3823} INFO - Setting next_dagrun for day7_customer_churn_pipeline to None, run_after=None
[2025-09-22T12:23:20.216+0000] {processor.py:183} INFO - Processing /opt/airflow/dags/customer_churn_pipeline.py took 1.129 seconds
[2025-09-22T12:23:50.654+0000] {processor.py:161} INFO - Started process (PID=461) to work on /opt/airflow/dags/customer_churn_pipeline.py
[2025-09-22T12:23:50.655+0000] {processor.py:830} INFO - Processing file /opt/airflow/dags/customer_churn_pipeline.py for tasks to queue
[2025-09-22T12:23:50.657+0000] {logging_mixin.py:188} INFO - [2025-09-22T12:23:50.657+0000] {dagbag.py:538} INFO - Filling up the DagBag from /opt/airflow/dags/customer_churn_pipeline.py
[2025-09-22T12:23:51.757+0000] {processor.py:840} INFO - DAG(s) 'day7_customer_churn_pipeline' retrieved from /opt/airflow/dags/customer_churn_pipeline.py
[2025-09-22T12:23:51.789+0000] {logging_mixin.py:188} INFO - [2025-09-22T12:23:51.789+0000] {dag.py:3036} INFO - Sync 1 DAGs
[2025-09-22T12:23:51.806+0000] {logging_mixin.py:188} INFO - [2025-09-22T12:23:51.806+0000] {dag.py:3823} INFO - Setting next_dagrun for day7_customer_churn_pipeline to None, run_after=None
[2025-09-22T12:23:51.833+0000] {processor.py:183} INFO - Processing /opt/airflow/dags/customer_churn_pipeline.py took 1.182 seconds
[2025-09-22T12:24:22.305+0000] {processor.py:161} INFO - Started process (PID=480) to work on /opt/airflow/dags/customer_churn_pipeline.py
[2025-09-22T12:24:22.307+0000] {processor.py:830} INFO - Processing file /opt/airflow/dags/customer_churn_pipeline.py for tasks to queue
[2025-09-22T12:24:22.309+0000] {logging_mixin.py:188} INFO - [2025-09-22T12:24:22.309+0000] {dagbag.py:538} INFO - Filling up the DagBag from /opt/airflow/dags/customer_churn_pipeline.py
[2025-09-22T12:24:21.234+0000] {processor.py:840} INFO - DAG(s) 'day7_customer_churn_pipeline' retrieved from /opt/airflow/dags/customer_churn_pipeline.py
[2025-09-22T12:24:21.261+0000] {logging_mixin.py:188} INFO - [2025-09-22T12:24:21.260+0000] {dag.py:3036} INFO - Sync 1 DAGs
[2025-09-22T12:24:21.271+0000] {logging_mixin.py:188} INFO - [2025-09-22T12:24:21.271+0000] {dag.py:3823} INFO - Setting next_dagrun for day7_customer_churn_pipeline to None, run_after=None
[2025-09-22T12:24:21.301+0000] {processor.py:183} INFO - Processing /opt/airflow/dags/customer_churn_pipeline.py took 1.305 seconds
[2025-09-22T12:24:51.656+0000] {processor.py:161} INFO - Started process (PID=499) to work on /opt/airflow/dags/customer_churn_pipeline.py
[2025-09-22T12:24:51.658+0000] {processor.py:830} INFO - Processing file /opt/airflow/dags/customer_churn_pipeline.py for tasks to queue
[2025-09-22T12:24:51.662+0000] {logging_mixin.py:188} INFO - [2025-09-22T12:24:51.662+0000] {dagbag.py:538} INFO - Filling up the DagBag from /opt/airflow/dags/customer_churn_pipeline.py
[2025-09-22T12:24:52.842+0000] {processor.py:840} INFO - DAG(s) 'day7_customer_churn_pipeline' retrieved from /opt/airflow/dags/customer_churn_pipeline.py
[2025-09-22T12:24:52.878+0000] {logging_mixin.py:188} INFO - [2025-09-22T12:24:52.877+0000] {dag.py:3036} INFO - Sync 1 DAGs
[2025-09-22T12:24:52.897+0000] {logging_mixin.py:188} INFO - [2025-09-22T12:24:52.896+0000] {dag.py:3823} INFO - Setting next_dagrun for day7_customer_churn_pipeline to None, run_after=None
[2025-09-22T12:24:52.944+0000] {processor.py:183} INFO - Processing /opt/airflow/dags/customer_churn_pipeline.py took 1.293 seconds
[2025-09-22T12:25:23.462+0000] {processor.py:161} INFO - Started process (PID=518) to work on /opt/airflow/dags/customer_churn_pipeline.py
[2025-09-22T12:25:23.464+0000] {processor.py:830} INFO - Processing file /opt/airflow/dags/customer_churn_pipeline.py for tasks to queue
[2025-09-22T12:25:23.469+0000] {logging_mixin.py:188} INFO - [2025-09-22T12:25:23.468+0000] {dagbag.py:538} INFO - Filling up the DagBag from /opt/airflow/dags/customer_churn_pipeline.py
[2025-09-22T12:25:24.727+0000] {processor.py:840} INFO - DAG(s) 'day7_customer_churn_pipeline' retrieved from /opt/airflow/dags/customer_churn_pipeline.py
[2025-09-22T12:25:24.757+0000] {logging_mixin.py:188} INFO - [2025-09-22T12:25:24.756+0000] {dag.py:3036} INFO - Sync 1 DAGs
[2025-09-22T12:25:24.782+0000] {logging_mixin.py:188} INFO - [2025-09-22T12:25:24.781+0000] {dag.py:3823} INFO - Setting next_dagrun for day7_customer_churn_pipeline to None, run_after=None
[2025-09-22T12:25:24.805+0000] {processor.py:183} INFO - Processing /opt/airflow/dags/customer_churn_pipeline.py took 1.348 seconds
[2025-09-22T12:25:55.267+0000] {processor.py:161} INFO - Started process (PID=537) to work on /opt/airflow/dags/customer_churn_pipeline.py
[2025-09-22T12:25:55.268+0000] {processor.py:830} INFO - Processing file /opt/airflow/dags/customer_churn_pipeline.py for tasks to queue
[2025-09-22T12:25:55.271+0000] {logging_mixin.py:188} INFO - [2025-09-22T12:25:55.271+0000] {dagbag.py:538} INFO - Filling up the DagBag from /opt/airflow/dags/customer_churn_pipeline.py
[2025-09-22T12:25:56.615+0000] {processor.py:840} INFO - DAG(s) 'day7_customer_churn_pipeline' retrieved from /opt/airflow/dags/customer_churn_pipeline.py
[2025-09-22T12:25:56.649+0000] {logging_mixin.py:188} INFO - [2025-09-22T12:25:56.648+0000] {dag.py:3036} INFO - Sync 1 DAGs
[2025-09-22T12:25:56.665+0000] {logging_mixin.py:188} INFO - [2025-09-22T12:25:56.665+0000] {dag.py:3823} INFO - Setting next_dagrun for day7_customer_churn_pipeline to None, run_after=None
[2025-09-22T12:25:56.704+0000] {processor.py:183} INFO - Processing /opt/airflow/dags/customer_churn_pipeline.py took 1.440 seconds
[2025-09-22T12:26:27.249+0000] {processor.py:161} INFO - Started process (PID=556) to work on /opt/airflow/dags/customer_churn_pipeline.py
[2025-09-22T12:26:27.251+0000] {processor.py:830} INFO - Processing file /opt/airflow/dags/customer_churn_pipeline.py for tasks to queue
[2025-09-22T12:26:27.254+0000] {logging_mixin.py:188} INFO - [2025-09-22T12:26:27.254+0000] {dagbag.py:538} INFO - Filling up the DagBag from /opt/airflow/dags/customer_churn_pipeline.py
[2025-09-22T12:26:28.932+0000] {processor.py:840} INFO - DAG(s) 'day7_customer_churn_pipeline' retrieved from /opt/airflow/dags/customer_churn_pipeline.py
[2025-09-22T12:26:28.970+0000] {logging_mixin.py:188} INFO - [2025-09-22T12:26:28.970+0000] {dag.py:3036} INFO - Sync 1 DAGs
[2025-09-22T12:26:28.992+0000] {logging_mixin.py:188} INFO - [2025-09-22T12:26:28.992+0000] {dag.py:3823} INFO - Setting next_dagrun for day7_customer_churn_pipeline to None, run_after=None
[2025-09-22T12:26:29.060+0000] {processor.py:183} INFO - Processing /opt/airflow/dags/customer_churn_pipeline.py took 1.815 seconds
[2025-09-22T12:26:59.252+0000] {processor.py:161} INFO - Started process (PID=575) to work on /opt/airflow/dags/customer_churn_pipeline.py
[2025-09-22T12:26:59.255+0000] {processor.py:830} INFO - Processing file /opt/airflow/dags/customer_churn_pipeline.py for tasks to queue
[2025-09-22T12:26:59.261+0000] {logging_mixin.py:188} INFO - [2025-09-22T12:26:59.261+0000] {dagbag.py:538} INFO - Filling up the DagBag from /opt/airflow/dags/customer_churn_pipeline.py
[2025-09-22T12:27:00.560+0000] {processor.py:840} INFO - DAG(s) 'day7_customer_churn_pipeline' retrieved from /opt/airflow/dags/customer_churn_pipeline.py
[2025-09-22T12:27:00.588+0000] {logging_mixin.py:188} INFO - [2025-09-22T12:27:00.587+0000] {dag.py:3036} INFO - Sync 1 DAGs
[2025-09-22T12:27:00.618+0000] {logging_mixin.py:188} INFO - [2025-09-22T12:27:00.617+0000] {dag.py:3823} INFO - Setting next_dagrun for day7_customer_churn_pipeline to None, run_after=None
[2025-09-22T12:27:00.655+0000] {processor.py:183} INFO - Processing /opt/airflow/dags/customer_churn_pipeline.py took 1.408 seconds
[2025-09-22T12:27:30.864+0000] {processor.py:161} INFO - Started process (PID=594) to work on /opt/airflow/dags/customer_churn_pipeline.py
[2025-09-22T12:27:30.866+0000] {processor.py:830} INFO - Processing file /opt/airflow/dags/customer_churn_pipeline.py for tasks to queue
[2025-09-22T12:27:30.870+0000] {logging_mixin.py:188} INFO - [2025-09-22T12:27:30.869+0000] {dagbag.py:538} INFO - Filling up the DagBag from /opt/airflow/dags/customer_churn_pipeline.py
[2025-09-22T12:27:32.072+0000] {processor.py:840} INFO - DAG(s) 'day7_customer_churn_pipeline' retrieved from /opt/airflow/dags/customer_churn_pipeline.py
[2025-09-22T12:27:32.110+0000] {logging_mixin.py:188} INFO - [2025-09-22T12:27:32.109+0000] {dag.py:3036} INFO - Sync 1 DAGs
[2025-09-22T12:27:32.126+0000] {logging_mixin.py:188} INFO - [2025-09-22T12:27:32.126+0000] {dag.py:3823} INFO - Setting next_dagrun for day7_customer_churn_pipeline to None, run_after=None
[2025-09-22T12:27:32.161+0000] {processor.py:183} INFO - Processing /opt/airflow/dags/customer_churn_pipeline.py took 1.305 seconds
[2025-09-22T12:28:02.677+0000] {processor.py:161} INFO - Started process (PID=613) to work on /opt/airflow/dags/customer_churn_pipeline.py
[2025-09-22T12:28:02.678+0000] {processor.py:830} INFO - Processing file /opt/airflow/dags/customer_churn_pipeline.py for tasks to queue
[2025-09-22T12:28:02.681+0000] {logging_mixin.py:188} INFO - [2025-09-22T12:28:02.681+0000] {dagbag.py:538} INFO - Filling up the DagBag from /opt/airflow/dags/customer_churn_pipeline.py
[2025-09-22T12:28:04.035+0000] {processor.py:840} INFO - DAG(s) 'day7_customer_churn_pipeline' retrieved from /opt/airflow/dags/customer_churn_pipeline.py
[2025-09-22T12:28:04.071+0000] {logging_mixin.py:188} INFO - [2025-09-22T12:28:04.070+0000] {dag.py:3036} INFO - Sync 1 DAGs
[2025-09-22T12:28:04.084+0000] {logging_mixin.py:188} INFO - [2025-09-22T12:28:04.083+0000] {dag.py:3823} INFO - Setting next_dagrun for day7_customer_churn_pipeline to None, run_after=None
[2025-09-22T12:28:04.126+0000] {processor.py:183} INFO - Processing /opt/airflow/dags/customer_churn_pipeline.py took 1.457 seconds
[2025-09-22T12:28:34.785+0000] {processor.py:161} INFO - Started process (PID=632) to work on /opt/airflow/dags/customer_churn_pipeline.py
[2025-09-22T12:28:34.787+0000] {processor.py:830} INFO - Processing file /opt/airflow/dags/customer_churn_pipeline.py for tasks to queue
[2025-09-22T12:28:34.791+0000] {logging_mixin.py:188} INFO - [2025-09-22T12:28:34.791+0000] {dagbag.py:538} INFO - Filling up the DagBag from /opt/airflow/dags/customer_churn_pipeline.py
[2025-09-22T12:28:36.057+0000] {processor.py:840} INFO - DAG(s) 'day7_customer_churn_pipeline' retrieved from /opt/airflow/dags/customer_churn_pipeline.py
[2025-09-22T12:28:36.090+0000] {logging_mixin.py:188} INFO - [2025-09-22T12:28:36.089+0000] {dag.py:3036} INFO - Sync 1 DAGs
[2025-09-22T12:28:36.108+0000] {logging_mixin.py:188} INFO - [2025-09-22T12:28:36.108+0000] {dag.py:3823} INFO - Setting next_dagrun for day7_customer_churn_pipeline to None, run_after=None
[2025-09-22T12:28:36.143+0000] {processor.py:183} INFO - Processing /opt/airflow/dags/customer_churn_pipeline.py took 1.362 seconds
[2025-09-22T13:14:50.360+0000] {processor.py:161} INFO - Started process (PID=651) to work on /opt/airflow/dags/customer_churn_pipeline.py
[2025-09-22T13:14:50.361+0000] {processor.py:830} INFO - Processing file /opt/airflow/dags/customer_churn_pipeline.py for tasks to queue
[2025-09-22T13:14:50.365+0000] {logging_mixin.py:188} INFO - [2025-09-22T13:14:50.364+0000] {dagbag.py:538} INFO - Filling up the DagBag from /opt/airflow/dags/customer_churn_pipeline.py
[2025-09-22T13:14:48.801+0000] {processor.py:840} INFO - DAG(s) 'day7_customer_churn_pipeline' retrieved from /opt/airflow/dags/customer_churn_pipeline.py
[2025-09-22T13:14:48.847+0000] {logging_mixin.py:188} INFO - [2025-09-22T13:14:48.847+0000] {dag.py:3036} INFO - Sync 1 DAGs
[2025-09-22T13:14:48.876+0000] {logging_mixin.py:188} INFO - [2025-09-22T13:14:48.876+0000] {dag.py:3823} INFO - Setting next_dagrun for day7_customer_churn_pipeline to None, run_after=None
[2025-09-22T13:14:48.933+0000] {processor.py:183} INFO - Processing /opt/airflow/dags/customer_churn_pipeline.py took 1.398 seconds
[2025-09-22T13:15:19.025+0000] {processor.py:161} INFO - Started process (PID=670) to work on /opt/airflow/dags/customer_churn_pipeline.py
[2025-09-22T13:15:19.027+0000] {processor.py:830} INFO - Processing file /opt/airflow/dags/customer_churn_pipeline.py for tasks to queue
[2025-09-22T13:15:19.029+0000] {logging_mixin.py:188} INFO - [2025-09-22T13:15:19.029+0000] {dagbag.py:538} INFO - Filling up the DagBag from /opt/airflow/dags/customer_churn_pipeline.py
[2025-09-22T13:15:19.902+0000] {processor.py:840} INFO - DAG(s) 'day7_customer_churn_pipeline' retrieved from /opt/airflow/dags/customer_churn_pipeline.py
[2025-09-22T13:15:19.926+0000] {logging_mixin.py:188} INFO - [2025-09-22T13:15:19.925+0000] {dag.py:3036} INFO - Sync 1 DAGs
[2025-09-22T13:15:19.936+0000] {logging_mixin.py:188} INFO - [2025-09-22T13:15:19.936+0000] {dag.py:3823} INFO - Setting next_dagrun for day7_customer_churn_pipeline to None, run_after=None
[2025-09-22T13:15:19.975+0000] {processor.py:183} INFO - Processing /opt/airflow/dags/customer_churn_pipeline.py took 0.953 seconds
[2025-09-22T13:15:50.417+0000] {processor.py:161} INFO - Started process (PID=689) to work on /opt/airflow/dags/customer_churn_pipeline.py
[2025-09-22T13:15:50.419+0000] {processor.py:830} INFO - Processing file /opt/airflow/dags/customer_churn_pipeline.py for tasks to queue
[2025-09-22T13:15:50.422+0000] {logging_mixin.py:188} INFO - [2025-09-22T13:15:50.421+0000] {dagbag.py:538} INFO - Filling up the DagBag from /opt/airflow/dags/customer_churn_pipeline.py
[2025-09-22T13:15:51.349+0000] {processor.py:840} INFO - DAG(s) 'day7_customer_churn_pipeline' retrieved from /opt/airflow/dags/customer_churn_pipeline.py
[2025-09-22T13:15:51.378+0000] {logging_mixin.py:188} INFO - [2025-09-22T13:15:51.377+0000] {dag.py:3036} INFO - Sync 1 DAGs
[2025-09-22T13:15:51.390+0000] {logging_mixin.py:188} INFO - [2025-09-22T13:15:51.389+0000] {dag.py:3823} INFO - Setting next_dagrun for day7_customer_churn_pipeline to None, run_after=None
[2025-09-22T13:15:51.428+0000] {processor.py:183} INFO - Processing /opt/airflow/dags/customer_churn_pipeline.py took 1.018 seconds
[2025-09-22T13:16:21.885+0000] {processor.py:161} INFO - Started process (PID=708) to work on /opt/airflow/dags/customer_churn_pipeline.py
[2025-09-22T13:16:21.895+0000] {processor.py:830} INFO - Processing file /opt/airflow/dags/customer_churn_pipeline.py for tasks to queue
[2025-09-22T13:16:21.899+0000] {logging_mixin.py:188} INFO - [2025-09-22T13:16:21.899+0000] {dagbag.py:538} INFO - Filling up the DagBag from /opt/airflow/dags/customer_churn_pipeline.py
[2025-09-22T13:16:22.853+0000] {processor.py:840} INFO - DAG(s) 'day7_customer_churn_pipeline' retrieved from /opt/airflow/dags/customer_churn_pipeline.py
[2025-09-22T13:16:22.881+0000] {logging_mixin.py:188} INFO - [2025-09-22T13:16:22.881+0000] {dag.py:3036} INFO - Sync 1 DAGs
[2025-09-22T13:16:22.893+0000] {logging_mixin.py:188} INFO - [2025-09-22T13:16:22.893+0000] {dag.py:3823} INFO - Setting next_dagrun for day7_customer_churn_pipeline to None, run_after=None
[2025-09-22T13:16:22.928+0000] {processor.py:183} INFO - Processing /opt/airflow/dags/customer_churn_pipeline.py took 1.049 seconds
[2025-09-22T13:16:53.596+0000] {processor.py:161} INFO - Started process (PID=727) to work on /opt/airflow/dags/customer_churn_pipeline.py
[2025-09-22T13:16:53.598+0000] {processor.py:830} INFO - Processing file /opt/airflow/dags/customer_churn_pipeline.py for tasks to queue
[2025-09-22T13:16:53.602+0000] {logging_mixin.py:188} INFO - [2025-09-22T13:16:53.601+0000] {dagbag.py:538} INFO - Filling up the DagBag from /opt/airflow/dags/customer_churn_pipeline.py
[2025-09-22T13:16:54.493+0000] {processor.py:840} INFO - DAG(s) 'day7_customer_churn_pipeline' retrieved from /opt/airflow/dags/customer_churn_pipeline.py
[2025-09-22T13:16:54.518+0000] {logging_mixin.py:188} INFO - [2025-09-22T13:16:54.518+0000] {dag.py:3036} INFO - Sync 1 DAGs
[2025-09-22T13:16:54.531+0000] {logging_mixin.py:188} INFO - [2025-09-22T13:16:54.530+0000] {dag.py:3823} INFO - Setting next_dagrun for day7_customer_churn_pipeline to None, run_after=None
[2025-09-22T13:16:54.580+0000] {processor.py:183} INFO - Processing /opt/airflow/dags/customer_churn_pipeline.py took 0.988 seconds
[2025-09-22T13:17:25.162+0000] {processor.py:161} INFO - Started process (PID=746) to work on /opt/airflow/dags/customer_churn_pipeline.py
[2025-09-22T13:17:25.165+0000] {processor.py:830} INFO - Processing file /opt/airflow/dags/customer_churn_pipeline.py for tasks to queue
[2025-09-22T13:17:25.168+0000] {logging_mixin.py:188} INFO - [2025-09-22T13:17:25.168+0000] {dagbag.py:538} INFO - Filling up the DagBag from /opt/airflow/dags/customer_churn_pipeline.py
[2025-09-22T13:17:26.177+0000] {processor.py:840} INFO - DAG(s) 'day7_customer_churn_pipeline' retrieved from /opt/airflow/dags/customer_churn_pipeline.py
[2025-09-22T13:17:26.208+0000] {logging_mixin.py:188} INFO - [2025-09-22T13:17:26.207+0000] {dag.py:3036} INFO - Sync 1 DAGs
[2025-09-22T13:17:26.221+0000] {logging_mixin.py:188} INFO - [2025-09-22T13:17:26.221+0000] {dag.py:3823} INFO - Setting next_dagrun for day7_customer_churn_pipeline to None, run_after=None
[2025-09-22T13:17:26.266+0000] {processor.py:183} INFO - Processing /opt/airflow/dags/customer_churn_pipeline.py took 1.109 seconds
[2025-09-22T13:17:56.568+0000] {processor.py:161} INFO - Started process (PID=765) to work on /opt/airflow/dags/customer_churn_pipeline.py
[2025-09-22T13:17:56.571+0000] {processor.py:830} INFO - Processing file /opt/airflow/dags/customer_churn_pipeline.py for tasks to queue
[2025-09-22T13:17:56.575+0000] {logging_mixin.py:188} INFO - [2025-09-22T13:17:56.575+0000] {dagbag.py:538} INFO - Filling up the DagBag from /opt/airflow/dags/customer_churn_pipeline.py
[2025-09-22T13:17:57.513+0000] {processor.py:840} INFO - DAG(s) 'day7_customer_churn_pipeline' retrieved from /opt/airflow/dags/customer_churn_pipeline.py
[2025-09-22T13:17:57.542+0000] {logging_mixin.py:188} INFO - [2025-09-22T13:17:57.541+0000] {dag.py:3036} INFO - Sync 1 DAGs
[2025-09-22T13:17:57.553+0000] {logging_mixin.py:188} INFO - [2025-09-22T13:17:57.553+0000] {dag.py:3823} INFO - Setting next_dagrun for day7_customer_churn_pipeline to None, run_after=None
[2025-09-22T13:17:57.580+0000] {processor.py:183} INFO - Processing /opt/airflow/dags/customer_churn_pipeline.py took 1.019 seconds
[2025-09-22T13:18:28.296+0000] {processor.py:161} INFO - Started process (PID=784) to work on /opt/airflow/dags/customer_churn_pipeline.py
[2025-09-22T13:18:28.298+0000] {processor.py:830} INFO - Processing file /opt/airflow/dags/customer_churn_pipeline.py for tasks to queue
[2025-09-22T13:18:28.302+0000] {logging_mixin.py:188} INFO - [2025-09-22T13:18:28.301+0000] {dagbag.py:538} INFO - Filling up the DagBag from /opt/airflow/dags/customer_churn_pipeline.py
[2025-09-22T13:18:29.320+0000] {processor.py:840} INFO - DAG(s) 'day7_customer_churn_pipeline' retrieved from /opt/airflow/dags/customer_churn_pipeline.py
[2025-09-22T13:18:29.351+0000] {logging_mixin.py:188} INFO - [2025-09-22T13:18:29.350+0000] {dag.py:3036} INFO - Sync 1 DAGs
[2025-09-22T13:18:29.364+0000] {logging_mixin.py:188} INFO - [2025-09-22T13:18:29.364+0000] {dag.py:3823} INFO - Setting next_dagrun for day7_customer_churn_pipeline to None, run_after=None
[2025-09-22T13:18:29.392+0000] {processor.py:183} INFO - Processing /opt/airflow/dags/customer_churn_pipeline.py took 1.102 seconds
[2025-09-22T13:19:00.125+0000] {processor.py:161} INFO - Started process (PID=803) to work on /opt/airflow/dags/customer_churn_pipeline.py
[2025-09-22T13:19:00.128+0000] {processor.py:830} INFO - Processing file /opt/airflow/dags/customer_churn_pipeline.py for tasks to queue
[2025-09-22T13:19:00.131+0000] {logging_mixin.py:188} INFO - [2025-09-22T13:19:00.131+0000] {dagbag.py:538} INFO - Filling up the DagBag from /opt/airflow/dags/customer_churn_pipeline.py
[2025-09-22T13:19:01.206+0000] {processor.py:840} INFO - DAG(s) 'day7_customer_churn_pipeline' retrieved from /opt/airflow/dags/customer_churn_pipeline.py
[2025-09-22T13:19:01.232+0000] {logging_mixin.py:188} INFO - [2025-09-22T13:19:01.232+0000] {dag.py:3036} INFO - Sync 1 DAGs
[2025-09-22T13:19:01.251+0000] {logging_mixin.py:188} INFO - [2025-09-22T13:19:01.251+0000] {dag.py:3823} INFO - Setting next_dagrun for day7_customer_churn_pipeline to None, run_after=None
[2025-09-22T13:19:01.294+0000] {processor.py:183} INFO - Processing /opt/airflow/dags/customer_churn_pipeline.py took 1.174 seconds
[2025-09-22T13:19:31.673+0000] {processor.py:161} INFO - Started process (PID=822) to work on /opt/airflow/dags/customer_churn_pipeline.py
[2025-09-22T13:19:31.676+0000] {processor.py:830} INFO - Processing file /opt/airflow/dags/customer_churn_pipeline.py for tasks to queue
[2025-09-22T13:19:31.681+0000] {logging_mixin.py:188} INFO - [2025-09-22T13:19:31.680+0000] {dagbag.py:538} INFO - Filling up the DagBag from /opt/airflow/dags/customer_churn_pipeline.py
[2025-09-22T13:19:32.703+0000] {processor.py:840} INFO - DAG(s) 'day7_customer_churn_pipeline' retrieved from /opt/airflow/dags/customer_churn_pipeline.py
[2025-09-22T13:19:32.731+0000] {logging_mixin.py:188} INFO - [2025-09-22T13:19:32.731+0000] {dag.py:3036} INFO - Sync 1 DAGs
[2025-09-22T13:19:32.745+0000] {logging_mixin.py:188} INFO - [2025-09-22T13:19:32.744+0000] {dag.py:3823} INFO - Setting next_dagrun for day7_customer_churn_pipeline to None, run_after=None
[2025-09-22T13:19:32.776+0000] {processor.py:183} INFO - Processing /opt/airflow/dags/customer_churn_pipeline.py took 1.109 seconds
[2025-09-22T13:20:03.432+0000] {processor.py:161} INFO - Started process (PID=841) to work on /opt/airflow/dags/customer_churn_pipeline.py
[2025-09-22T13:20:03.435+0000] {processor.py:830} INFO - Processing file /opt/airflow/dags/customer_churn_pipeline.py for tasks to queue
[2025-09-22T13:20:03.438+0000] {logging_mixin.py:188} INFO - [2025-09-22T13:20:03.438+0000] {dagbag.py:538} INFO - Filling up the DagBag from /opt/airflow/dags/customer_churn_pipeline.py
[2025-09-22T13:20:04.537+0000] {processor.py:840} INFO - DAG(s) 'day7_customer_churn_pipeline' retrieved from /opt/airflow/dags/customer_churn_pipeline.py
[2025-09-22T13:20:04.571+0000] {logging_mixin.py:188} INFO - [2025-09-22T13:20:04.570+0000] {dag.py:3036} INFO - Sync 1 DAGs
[2025-09-22T13:20:04.586+0000] {logging_mixin.py:188} INFO - [2025-09-22T13:20:04.586+0000] {dag.py:3823} INFO - Setting next_dagrun for day7_customer_churn_pipeline to None, run_after=None
[2025-09-22T13:20:04.621+0000] {processor.py:183} INFO - Processing /opt/airflow/dags/customer_churn_pipeline.py took 1.194 seconds
[2025-09-22T13:20:34.795+0000] {processor.py:161} INFO - Started process (PID=860) to work on /opt/airflow/dags/customer_churn_pipeline.py
[2025-09-22T13:20:34.798+0000] {processor.py:830} INFO - Processing file /opt/airflow/dags/customer_churn_pipeline.py for tasks to queue
[2025-09-22T13:20:34.802+0000] {logging_mixin.py:188} INFO - [2025-09-22T13:20:34.802+0000] {dagbag.py:538} INFO - Filling up the DagBag from /opt/airflow/dags/customer_churn_pipeline.py
[2025-09-22T13:20:35.777+0000] {processor.py:840} INFO - DAG(s) 'day7_customer_churn_pipeline' retrieved from /opt/airflow/dags/customer_churn_pipeline.py
[2025-09-22T13:20:35.817+0000] {logging_mixin.py:188} INFO - [2025-09-22T13:20:35.817+0000] {dag.py:3036} INFO - Sync 1 DAGs
[2025-09-22T13:20:35.832+0000] {logging_mixin.py:188} INFO - [2025-09-22T13:20:35.832+0000] {dag.py:3823} INFO - Setting next_dagrun for day7_customer_churn_pipeline to None, run_after=None
[2025-09-22T13:20:35.864+0000] {processor.py:183} INFO - Processing /opt/airflow/dags/customer_churn_pipeline.py took 1.076 seconds
[2025-09-22T13:21:06.397+0000] {processor.py:161} INFO - Started process (PID=879) to work on /opt/airflow/dags/customer_churn_pipeline.py
[2025-09-22T13:21:06.401+0000] {processor.py:830} INFO - Processing file /opt/airflow/dags/customer_churn_pipeline.py for tasks to queue
[2025-09-22T13:21:06.405+0000] {logging_mixin.py:188} INFO - [2025-09-22T13:21:06.404+0000] {dagbag.py:538} INFO - Filling up the DagBag from /opt/airflow/dags/customer_churn_pipeline.py
[2025-09-22T13:21:07.710+0000] {processor.py:840} INFO - DAG(s) 'day7_customer_churn_pipeline' retrieved from /opt/airflow/dags/customer_churn_pipeline.py
[2025-09-22T13:21:07.731+0000] {logging_mixin.py:188} INFO - [2025-09-22T13:21:07.731+0000] {dag.py:3036} INFO - Sync 1 DAGs
[2025-09-22T13:21:07.743+0000] {logging_mixin.py:188} INFO - [2025-09-22T13:21:07.743+0000] {dag.py:3823} INFO - Setting next_dagrun for day7_customer_churn_pipeline to None, run_after=None
[2025-09-22T13:21:07.768+0000] {processor.py:183} INFO - Processing /opt/airflow/dags/customer_churn_pipeline.py took 1.376 seconds
[2025-09-22T13:21:38.083+0000] {processor.py:161} INFO - Started process (PID=898) to work on /opt/airflow/dags/customer_churn_pipeline.py
[2025-09-22T13:21:38.085+0000] {processor.py:830} INFO - Processing file /opt/airflow/dags/customer_churn_pipeline.py for tasks to queue
[2025-09-22T13:21:38.089+0000] {logging_mixin.py:188} INFO - [2025-09-22T13:21:38.089+0000] {dagbag.py:538} INFO - Filling up the DagBag from /opt/airflow/dags/customer_churn_pipeline.py
[2025-09-22T13:21:39.054+0000] {processor.py:840} INFO - DAG(s) 'day7_customer_churn_pipeline' retrieved from /opt/airflow/dags/customer_churn_pipeline.py
[2025-09-22T13:21:39.079+0000] {logging_mixin.py:188} INFO - [2025-09-22T13:21:39.079+0000] {dag.py:3036} INFO - Sync 1 DAGs
[2025-09-22T13:21:39.091+0000] {logging_mixin.py:188} INFO - [2025-09-22T13:21:39.091+0000] {dag.py:3823} INFO - Setting next_dagrun for day7_customer_churn_pipeline to None, run_after=None
[2025-09-22T13:21:39.114+0000] {processor.py:183} INFO - Processing /opt/airflow/dags/customer_churn_pipeline.py took 1.037 seconds
[2025-09-22T13:22:09.408+0000] {processor.py:161} INFO - Started process (PID=917) to work on /opt/airflow/dags/customer_churn_pipeline.py
[2025-09-22T13:22:09.410+0000] {processor.py:830} INFO - Processing file /opt/airflow/dags/customer_churn_pipeline.py for tasks to queue
[2025-09-22T13:22:09.413+0000] {logging_mixin.py:188} INFO - [2025-09-22T13:22:09.413+0000] {dagbag.py:538} INFO - Filling up the DagBag from /opt/airflow/dags/customer_churn_pipeline.py
[2025-09-22T13:22:10.294+0000] {processor.py:840} INFO - DAG(s) 'day7_customer_churn_pipeline' retrieved from /opt/airflow/dags/customer_churn_pipeline.py
[2025-09-22T13:22:10.321+0000] {logging_mixin.py:188} INFO - [2025-09-22T13:22:10.321+0000] {dag.py:3036} INFO - Sync 1 DAGs
[2025-09-22T13:22:10.333+0000] {logging_mixin.py:188} INFO - [2025-09-22T13:22:10.333+0000] {dag.py:3823} INFO - Setting next_dagrun for day7_customer_churn_pipeline to None, run_after=None
[2025-09-22T13:22:10.362+0000] {processor.py:183} INFO - Processing /opt/airflow/dags/customer_churn_pipeline.py took 0.959 seconds
[2025-09-22T13:22:41.042+0000] {processor.py:161} INFO - Started process (PID=936) to work on /opt/airflow/dags/customer_churn_pipeline.py
[2025-09-22T13:22:41.045+0000] {processor.py:830} INFO - Processing file /opt/airflow/dags/customer_churn_pipeline.py for tasks to queue
[2025-09-22T13:22:41.048+0000] {logging_mixin.py:188} INFO - [2025-09-22T13:22:41.048+0000] {dagbag.py:538} INFO - Filling up the DagBag from /opt/airflow/dags/customer_churn_pipeline.py
[2025-09-22T13:22:42.009+0000] {processor.py:840} INFO - DAG(s) 'day7_customer_churn_pipeline' retrieved from /opt/airflow/dags/customer_churn_pipeline.py
[2025-09-22T13:22:42.033+0000] {logging_mixin.py:188} INFO - [2025-09-22T13:22:42.032+0000] {dag.py:3036} INFO - Sync 1 DAGs
[2025-09-22T13:22:42.048+0000] {logging_mixin.py:188} INFO - [2025-09-22T13:22:42.048+0000] {dag.py:3823} INFO - Setting next_dagrun for day7_customer_churn_pipeline to None, run_after=None
[2025-09-22T13:22:42.075+0000] {processor.py:183} INFO - Processing /opt/airflow/dags/customer_churn_pipeline.py took 1.039 seconds
[2025-09-22T13:23:12.282+0000] {processor.py:161} INFO - Started process (PID=955) to work on /opt/airflow/dags/customer_churn_pipeline.py
[2025-09-22T13:23:12.284+0000] {processor.py:830} INFO - Processing file /opt/airflow/dags/customer_churn_pipeline.py for tasks to queue
[2025-09-22T13:23:12.288+0000] {logging_mixin.py:188} INFO - [2025-09-22T13:23:12.287+0000] {dagbag.py:538} INFO - Filling up the DagBag from /opt/airflow/dags/customer_churn_pipeline.py
[2025-09-22T13:23:13.308+0000] {processor.py:840} INFO - DAG(s) 'day7_customer_churn_pipeline' retrieved from /opt/airflow/dags/customer_churn_pipeline.py
[2025-09-22T13:23:13.338+0000] {logging_mixin.py:188} INFO - [2025-09-22T13:23:13.337+0000] {dag.py:3036} INFO - Sync 1 DAGs
[2025-09-22T13:23:13.351+0000] {logging_mixin.py:188} INFO - [2025-09-22T13:23:13.351+0000] {dag.py:3823} INFO - Setting next_dagrun for day7_customer_churn_pipeline to None, run_after=None
[2025-09-22T13:23:13.381+0000] {processor.py:183} INFO - Processing /opt/airflow/dags/customer_churn_pipeline.py took 1.104 seconds
[2025-09-22T13:23:43.625+0000] {processor.py:161} INFO - Started process (PID=974) to work on /opt/airflow/dags/customer_churn_pipeline.py
[2025-09-22T13:23:43.627+0000] {processor.py:830} INFO - Processing file /opt/airflow/dags/customer_churn_pipeline.py for tasks to queue
[2025-09-22T13:23:43.630+0000] {logging_mixin.py:188} INFO - [2025-09-22T13:23:43.630+0000] {dagbag.py:538} INFO - Filling up the DagBag from /opt/airflow/dags/customer_churn_pipeline.py
[2025-09-22T13:23:45.069+0000] {processor.py:840} INFO - DAG(s) 'day7_customer_churn_pipeline' retrieved from /opt/airflow/dags/customer_churn_pipeline.py
[2025-09-22T13:23:45.160+0000] {logging_mixin.py:188} INFO - [2025-09-22T13:23:45.160+0000] {dag.py:3036} INFO - Sync 1 DAGs
[2025-09-22T13:23:45.174+0000] {logging_mixin.py:188} INFO - [2025-09-22T13:23:45.174+0000] {dag.py:3823} INFO - Setting next_dagrun for day7_customer_churn_pipeline to None, run_after=None
[2025-09-22T13:23:45.206+0000] {processor.py:183} INFO - Processing /opt/airflow/dags/customer_churn_pipeline.py took 1.587 seconds
[2025-09-22T13:24:15.911+0000] {processor.py:161} INFO - Started process (PID=993) to work on /opt/airflow/dags/customer_churn_pipeline.py
[2025-09-22T13:24:15.913+0000] {processor.py:830} INFO - Processing file /opt/airflow/dags/customer_churn_pipeline.py for tasks to queue
[2025-09-22T13:24:15.915+0000] {logging_mixin.py:188} INFO - [2025-09-22T13:24:15.915+0000] {dagbag.py:538} INFO - Filling up the DagBag from /opt/airflow/dags/customer_churn_pipeline.py
[2025-09-22T13:24:17.087+0000] {processor.py:840} INFO - DAG(s) 'day7_customer_churn_pipeline' retrieved from /opt/airflow/dags/customer_churn_pipeline.py
[2025-09-22T13:24:17.114+0000] {logging_mixin.py:188} INFO - [2025-09-22T13:24:17.113+0000] {dag.py:3036} INFO - Sync 1 DAGs
[2025-09-22T13:24:17.127+0000] {logging_mixin.py:188} INFO - [2025-09-22T13:24:17.127+0000] {dag.py:3823} INFO - Setting next_dagrun for day7_customer_churn_pipeline to None, run_after=None
[2025-09-22T13:24:17.159+0000] {processor.py:183} INFO - Processing /opt/airflow/dags/customer_churn_pipeline.py took 1.251 seconds
[2025-09-22T13:24:47.391+0000] {processor.py:161} INFO - Started process (PID=1012) to work on /opt/airflow/dags/customer_churn_pipeline.py
[2025-09-22T13:24:47.392+0000] {processor.py:830} INFO - Processing file /opt/airflow/dags/customer_churn_pipeline.py for tasks to queue
[2025-09-22T13:24:47.395+0000] {logging_mixin.py:188} INFO - [2025-09-22T13:24:47.394+0000] {dagbag.py:538} INFO - Filling up the DagBag from /opt/airflow/dags/customer_churn_pipeline.py
[2025-09-22T13:24:48.467+0000] {processor.py:840} INFO - DAG(s) 'day7_customer_churn_pipeline' retrieved from /opt/airflow/dags/customer_churn_pipeline.py
[2025-09-22T13:24:48.493+0000] {logging_mixin.py:188} INFO - [2025-09-22T13:24:48.492+0000] {dag.py:3036} INFO - Sync 1 DAGs
[2025-09-22T13:24:48.504+0000] {logging_mixin.py:188} INFO - [2025-09-22T13:24:48.504+0000] {dag.py:3823} INFO - Setting next_dagrun for day7_customer_churn_pipeline to None, run_after=None
[2025-09-22T13:24:48.522+0000] {processor.py:183} INFO - Processing /opt/airflow/dags/customer_churn_pipeline.py took 1.135 seconds
[2025-09-22T13:25:19.327+0000] {processor.py:161} INFO - Started process (PID=1031) to work on /opt/airflow/dags/customer_churn_pipeline.py
[2025-09-22T13:25:19.329+0000] {processor.py:830} INFO - Processing file /opt/airflow/dags/customer_churn_pipeline.py for tasks to queue
[2025-09-22T13:25:19.331+0000] {logging_mixin.py:188} INFO - [2025-09-22T13:25:19.330+0000] {dagbag.py:538} INFO - Filling up the DagBag from /opt/airflow/dags/customer_churn_pipeline.py
[2025-09-22T13:25:20.324+0000] {processor.py:840} INFO - DAG(s) 'day7_customer_churn_pipeline' retrieved from /opt/airflow/dags/customer_churn_pipeline.py
[2025-09-22T13:25:20.362+0000] {logging_mixin.py:188} INFO - [2025-09-22T13:25:20.361+0000] {dag.py:3036} INFO - Sync 1 DAGs
[2025-09-22T13:25:20.380+0000] {logging_mixin.py:188} INFO - [2025-09-22T13:25:20.379+0000] {dag.py:3823} INFO - Setting next_dagrun for day7_customer_churn_pipeline to None, run_after=None
[2025-09-22T13:25:20.404+0000] {processor.py:183} INFO - Processing /opt/airflow/dags/customer_churn_pipeline.py took 1.082 seconds
[2025-09-22T13:25:51.036+0000] {processor.py:161} INFO - Started process (PID=1050) to work on /opt/airflow/dags/customer_churn_pipeline.py
[2025-09-22T13:25:51.039+0000] {processor.py:830} INFO - Processing file /opt/airflow/dags/customer_churn_pipeline.py for tasks to queue
[2025-09-22T13:25:51.044+0000] {logging_mixin.py:188} INFO - [2025-09-22T13:25:51.043+0000] {dagbag.py:538} INFO - Filling up the DagBag from /opt/airflow/dags/customer_churn_pipeline.py
[2025-09-22T13:25:51.996+0000] {processor.py:840} INFO - DAG(s) 'day7_customer_churn_pipeline' retrieved from /opt/airflow/dags/customer_churn_pipeline.py
[2025-09-22T13:25:52.032+0000] {logging_mixin.py:188} INFO - [2025-09-22T13:25:52.031+0000] {dag.py:3036} INFO - Sync 1 DAGs
[2025-09-22T13:25:52.045+0000] {logging_mixin.py:188} INFO - [2025-09-22T13:25:52.045+0000] {dag.py:3823} INFO - Setting next_dagrun for day7_customer_churn_pipeline to None, run_after=None
[2025-09-22T13:25:52.070+0000] {processor.py:183} INFO - Processing /opt/airflow/dags/customer_churn_pipeline.py took 1.039 seconds
[2025-09-22T13:26:22.413+0000] {processor.py:161} INFO - Started process (PID=1069) to work on /opt/airflow/dags/customer_churn_pipeline.py
[2025-09-22T13:26:22.416+0000] {processor.py:830} INFO - Processing file /opt/airflow/dags/customer_churn_pipeline.py for tasks to queue
[2025-09-22T13:26:22.420+0000] {logging_mixin.py:188} INFO - [2025-09-22T13:26:22.420+0000] {dagbag.py:538} INFO - Filling up the DagBag from /opt/airflow/dags/customer_churn_pipeline.py
[2025-09-22T13:26:23.348+0000] {processor.py:840} INFO - DAG(s) 'day7_customer_churn_pipeline' retrieved from /opt/airflow/dags/customer_churn_pipeline.py
[2025-09-22T13:26:23.374+0000] {logging_mixin.py:188} INFO - [2025-09-22T13:26:23.374+0000] {dag.py:3036} INFO - Sync 1 DAGs
[2025-09-22T13:26:23.388+0000] {logging_mixin.py:188} INFO - [2025-09-22T13:26:23.387+0000] {dag.py:3823} INFO - Setting next_dagrun for day7_customer_churn_pipeline to None, run_after=None
[2025-09-22T13:26:23.414+0000] {processor.py:183} INFO - Processing /opt/airflow/dags/customer_churn_pipeline.py took 1.006 seconds
[2025-09-22T13:26:51.848+0000] {processor.py:161} INFO - Started process (PID=1088) to work on /opt/airflow/dags/customer_churn_pipeline.py
[2025-09-22T13:26:51.850+0000] {processor.py:830} INFO - Processing file /opt/airflow/dags/customer_churn_pipeline.py for tasks to queue
[2025-09-22T13:26:51.852+0000] {logging_mixin.py:188} INFO - [2025-09-22T13:26:51.852+0000] {dagbag.py:538} INFO - Filling up the DagBag from /opt/airflow/dags/customer_churn_pipeline.py
[2025-09-22T13:26:52.743+0000] {processor.py:840} INFO - DAG(s) 'day7_customer_churn_pipeline' retrieved from /opt/airflow/dags/customer_churn_pipeline.py
[2025-09-22T13:26:52.771+0000] {logging_mixin.py:188} INFO - [2025-09-22T13:26:52.770+0000] {dag.py:3036} INFO - Sync 1 DAGs
[2025-09-22T13:26:52.783+0000] {logging_mixin.py:188} INFO - [2025-09-22T13:26:52.783+0000] {dag.py:3823} INFO - Setting next_dagrun for day7_customer_churn_pipeline to None, run_after=None
[2025-09-22T13:26:52.810+0000] {processor.py:183} INFO - Processing /opt/airflow/dags/customer_churn_pipeline.py took 0.965 seconds
[2025-09-22T13:27:23.863+0000] {processor.py:161} INFO - Started process (PID=1107) to work on /opt/airflow/dags/customer_churn_pipeline.py
[2025-09-22T13:27:23.865+0000] {processor.py:830} INFO - Processing file /opt/airflow/dags/customer_churn_pipeline.py for tasks to queue
[2025-09-22T13:27:23.868+0000] {logging_mixin.py:188} INFO - [2025-09-22T13:27:23.867+0000] {dagbag.py:538} INFO - Filling up the DagBag from /opt/airflow/dags/customer_churn_pipeline.py
[2025-09-22T13:27:24.828+0000] {processor.py:840} INFO - DAG(s) 'day7_customer_churn_pipeline' retrieved from /opt/airflow/dags/customer_churn_pipeline.py
[2025-09-22T13:27:24.867+0000] {logging_mixin.py:188} INFO - [2025-09-22T13:27:24.866+0000] {dag.py:3036} INFO - Sync 1 DAGs
[2025-09-22T13:27:24.884+0000] {logging_mixin.py:188} INFO - [2025-09-22T13:27:24.883+0000] {dag.py:3823} INFO - Setting next_dagrun for day7_customer_churn_pipeline to None, run_after=None
[2025-09-22T13:27:24.916+0000] {processor.py:183} INFO - Processing /opt/airflow/dags/customer_churn_pipeline.py took 1.057 seconds
[2025-09-22T13:27:55.427+0000] {processor.py:161} INFO - Started process (PID=1126) to work on /opt/airflow/dags/customer_churn_pipeline.py
[2025-09-22T13:27:55.429+0000] {processor.py:830} INFO - Processing file /opt/airflow/dags/customer_churn_pipeline.py for tasks to queue
[2025-09-22T13:27:55.433+0000] {logging_mixin.py:188} INFO - [2025-09-22T13:27:55.432+0000] {dagbag.py:538} INFO - Filling up the DagBag from /opt/airflow/dags/customer_churn_pipeline.py
[2025-09-22T13:27:56.432+0000] {processor.py:840} INFO - DAG(s) 'day7_customer_churn_pipeline' retrieved from /opt/airflow/dags/customer_churn_pipeline.py
[2025-09-22T13:27:56.460+0000] {logging_mixin.py:188} INFO - [2025-09-22T13:27:56.459+0000] {dag.py:3036} INFO - Sync 1 DAGs
[2025-09-22T13:27:56.469+0000] {logging_mixin.py:188} INFO - [2025-09-22T13:27:56.469+0000] {dag.py:3823} INFO - Setting next_dagrun for day7_customer_churn_pipeline to None, run_after=None
[2025-09-22T13:27:56.498+0000] {processor.py:183} INFO - Processing /opt/airflow/dags/customer_churn_pipeline.py took 1.076 seconds
[2025-09-22T13:28:26.986+0000] {processor.py:161} INFO - Started process (PID=1145) to work on /opt/airflow/dags/customer_churn_pipeline.py
[2025-09-22T13:28:26.988+0000] {processor.py:830} INFO - Processing file /opt/airflow/dags/customer_churn_pipeline.py for tasks to queue
[2025-09-22T13:28:26.992+0000] {logging_mixin.py:188} INFO - [2025-09-22T13:28:26.991+0000] {dagbag.py:538} INFO - Filling up the DagBag from /opt/airflow/dags/customer_churn_pipeline.py
[2025-09-22T13:28:27.951+0000] {processor.py:840} INFO - DAG(s) 'day7_customer_churn_pipeline' retrieved from /opt/airflow/dags/customer_churn_pipeline.py
[2025-09-22T13:28:27.982+0000] {logging_mixin.py:188} INFO - [2025-09-22T13:28:27.981+0000] {dag.py:3036} INFO - Sync 1 DAGs
[2025-09-22T13:28:27.991+0000] {logging_mixin.py:188} INFO - [2025-09-22T13:28:27.991+0000] {dag.py:3823} INFO - Setting next_dagrun for day7_customer_churn_pipeline to None, run_after=None
[2025-09-22T13:28:28.011+0000] {processor.py:183} INFO - Processing /opt/airflow/dags/customer_churn_pipeline.py took 1.031 seconds
[2025-09-22T13:28:58.296+0000] {processor.py:161} INFO - Started process (PID=1164) to work on /opt/airflow/dags/customer_churn_pipeline.py
[2025-09-22T13:28:58.298+0000] {processor.py:830} INFO - Processing file /opt/airflow/dags/customer_churn_pipeline.py for tasks to queue
[2025-09-22T13:28:58.301+0000] {logging_mixin.py:188} INFO - [2025-09-22T13:28:58.301+0000] {dagbag.py:538} INFO - Filling up the DagBag from /opt/airflow/dags/customer_churn_pipeline.py
[2025-09-22T13:28:59.404+0000] {processor.py:840} INFO - DAG(s) 'day7_customer_churn_pipeline' retrieved from /opt/airflow/dags/customer_churn_pipeline.py
[2025-09-22T13:28:59.443+0000] {logging_mixin.py:188} INFO - [2025-09-22T13:28:59.443+0000] {dag.py:3036} INFO - Sync 1 DAGs
[2025-09-22T13:28:59.459+0000] {logging_mixin.py:188} INFO - [2025-09-22T13:28:59.459+0000] {dag.py:3823} INFO - Setting next_dagrun for day7_customer_churn_pipeline to None, run_after=None
[2025-09-22T13:28:59.488+0000] {processor.py:183} INFO - Processing /opt/airflow/dags/customer_churn_pipeline.py took 1.196 seconds
[2025-09-22T13:29:29.624+0000] {processor.py:161} INFO - Started process (PID=1183) to work on /opt/airflow/dags/customer_churn_pipeline.py
[2025-09-22T13:29:29.626+0000] {processor.py:830} INFO - Processing file /opt/airflow/dags/customer_churn_pipeline.py for tasks to queue
[2025-09-22T13:29:29.628+0000] {logging_mixin.py:188} INFO - [2025-09-22T13:29:29.628+0000] {dagbag.py:538} INFO - Filling up the DagBag from /opt/airflow/dags/customer_churn_pipeline.py
[2025-09-22T13:29:30.750+0000] {processor.py:840} INFO - DAG(s) 'day7_customer_churn_pipeline' retrieved from /opt/airflow/dags/customer_churn_pipeline.py
[2025-09-22T13:29:30.796+0000] {logging_mixin.py:188} INFO - [2025-09-22T13:29:30.796+0000] {dag.py:3036} INFO - Sync 1 DAGs
[2025-09-22T13:29:30.814+0000] {logging_mixin.py:188} INFO - [2025-09-22T13:29:30.813+0000] {dag.py:3823} INFO - Setting next_dagrun for day7_customer_churn_pipeline to None, run_after=None
[2025-09-22T13:29:30.842+0000] {processor.py:183} INFO - Processing /opt/airflow/dags/customer_churn_pipeline.py took 1.221 seconds
[2025-09-22T13:30:01.201+0000] {processor.py:161} INFO - Started process (PID=1202) to work on /opt/airflow/dags/customer_churn_pipeline.py
[2025-09-22T13:30:01.202+0000] {processor.py:830} INFO - Processing file /opt/airflow/dags/customer_churn_pipeline.py for tasks to queue
[2025-09-22T13:30:01.204+0000] {logging_mixin.py:188} INFO - [2025-09-22T13:30:01.204+0000] {dagbag.py:538} INFO - Filling up the DagBag from /opt/airflow/dags/customer_churn_pipeline.py
[2025-09-22T13:30:02.308+0000] {processor.py:840} INFO - DAG(s) 'day7_customer_churn_pipeline' retrieved from /opt/airflow/dags/customer_churn_pipeline.py
[2025-09-22T13:30:02.347+0000] {logging_mixin.py:188} INFO - [2025-09-22T13:30:02.347+0000] {dag.py:3036} INFO - Sync 1 DAGs
[2025-09-22T13:30:02.366+0000] {logging_mixin.py:188} INFO - [2025-09-22T13:30:02.365+0000] {dag.py:3823} INFO - Setting next_dagrun for day7_customer_churn_pipeline to None, run_after=None
[2025-09-22T13:30:02.402+0000] {processor.py:183} INFO - Processing /opt/airflow/dags/customer_churn_pipeline.py took 1.204 seconds
[2025-09-22T13:30:32.748+0000] {processor.py:161} INFO - Started process (PID=1221) to work on /opt/airflow/dags/customer_churn_pipeline.py
[2025-09-22T13:30:32.751+0000] {processor.py:830} INFO - Processing file /opt/airflow/dags/customer_churn_pipeline.py for tasks to queue
[2025-09-22T13:30:32.755+0000] {logging_mixin.py:188} INFO - [2025-09-22T13:30:32.754+0000] {dagbag.py:538} INFO - Filling up the DagBag from /opt/airflow/dags/customer_churn_pipeline.py
[2025-09-22T13:30:33.873+0000] {processor.py:840} INFO - DAG(s) 'day7_customer_churn_pipeline' retrieved from /opt/airflow/dags/customer_churn_pipeline.py
[2025-09-22T13:30:33.899+0000] {logging_mixin.py:188} INFO - [2025-09-22T13:30:33.898+0000] {dag.py:3036} INFO - Sync 1 DAGs
[2025-09-22T13:30:33.910+0000] {logging_mixin.py:188} INFO - [2025-09-22T13:30:33.910+0000] {dag.py:3823} INFO - Setting next_dagrun for day7_customer_churn_pipeline to None, run_after=None
[2025-09-22T13:30:33.939+0000] {processor.py:183} INFO - Processing /opt/airflow/dags/customer_churn_pipeline.py took 1.197 seconds
[2025-09-22T13:31:04.950+0000] {processor.py:161} INFO - Started process (PID=1240) to work on /opt/airflow/dags/customer_churn_pipeline.py
[2025-09-22T13:31:04.953+0000] {processor.py:830} INFO - Processing file /opt/airflow/dags/customer_churn_pipeline.py for tasks to queue
[2025-09-22T13:31:04.956+0000] {logging_mixin.py:188} INFO - [2025-09-22T13:31:04.956+0000] {dagbag.py:538} INFO - Filling up the DagBag from /opt/airflow/dags/customer_churn_pipeline.py
[2025-09-22T13:31:06.075+0000] {processor.py:840} INFO - DAG(s) 'day7_customer_churn_pipeline' retrieved from /opt/airflow/dags/customer_churn_pipeline.py
[2025-09-22T13:31:06.098+0000] {logging_mixin.py:188} INFO - [2025-09-22T13:31:06.097+0000] {dag.py:3036} INFO - Sync 1 DAGs
[2025-09-22T13:31:06.107+0000] {logging_mixin.py:188} INFO - [2025-09-22T13:31:06.107+0000] {dag.py:3823} INFO - Setting next_dagrun for day7_customer_churn_pipeline to None, run_after=None
[2025-09-22T13:31:06.128+0000] {processor.py:183} INFO - Processing /opt/airflow/dags/customer_churn_pipeline.py took 1.182 seconds
[2025-09-22T13:31:36.486+0000] {processor.py:161} INFO - Started process (PID=1259) to work on /opt/airflow/dags/customer_churn_pipeline.py
[2025-09-22T13:31:36.488+0000] {processor.py:830} INFO - Processing file /opt/airflow/dags/customer_churn_pipeline.py for tasks to queue
[2025-09-22T13:31:36.490+0000] {logging_mixin.py:188} INFO - [2025-09-22T13:31:36.490+0000] {dagbag.py:538} INFO - Filling up the DagBag from /opt/airflow/dags/customer_churn_pipeline.py
[2025-09-22T13:31:37.530+0000] {processor.py:840} INFO - DAG(s) 'day7_customer_churn_pipeline' retrieved from /opt/airflow/dags/customer_churn_pipeline.py
[2025-09-22T13:31:37.556+0000] {logging_mixin.py:188} INFO - [2025-09-22T13:31:37.555+0000] {dag.py:3036} INFO - Sync 1 DAGs
[2025-09-22T13:31:37.570+0000] {logging_mixin.py:188} INFO - [2025-09-22T13:31:37.570+0000] {dag.py:3823} INFO - Setting next_dagrun for day7_customer_churn_pipeline to None, run_after=None
[2025-09-22T13:31:37.606+0000] {processor.py:183} INFO - Processing /opt/airflow/dags/customer_churn_pipeline.py took 1.123 seconds
[2025-09-22T13:32:08.252+0000] {processor.py:161} INFO - Started process (PID=1278) to work on /opt/airflow/dags/customer_churn_pipeline.py
[2025-09-22T13:32:08.256+0000] {processor.py:830} INFO - Processing file /opt/airflow/dags/customer_churn_pipeline.py for tasks to queue
[2025-09-22T13:32:08.262+0000] {logging_mixin.py:188} INFO - [2025-09-22T13:32:08.262+0000] {dagbag.py:538} INFO - Filling up the DagBag from /opt/airflow/dags/customer_churn_pipeline.py
[2025-09-22T13:32:09.559+0000] {processor.py:840} INFO - DAG(s) 'day7_customer_churn_pipeline' retrieved from /opt/airflow/dags/customer_churn_pipeline.py
[2025-09-22T13:32:09.591+0000] {logging_mixin.py:188} INFO - [2025-09-22T13:32:09.591+0000] {dag.py:3036} INFO - Sync 1 DAGs
[2025-09-22T13:32:09.615+0000] {logging_mixin.py:188} INFO - [2025-09-22T13:32:09.615+0000] {dag.py:3823} INFO - Setting next_dagrun for day7_customer_churn_pipeline to None, run_after=None
[2025-09-22T13:32:09.658+0000] {processor.py:183} INFO - Processing /opt/airflow/dags/customer_churn_pipeline.py took 1.414 seconds
[2025-09-22T13:32:40.252+0000] {processor.py:161} INFO - Started process (PID=1297) to work on /opt/airflow/dags/customer_churn_pipeline.py
[2025-09-22T13:32:40.254+0000] {processor.py:830} INFO - Processing file /opt/airflow/dags/customer_churn_pipeline.py for tasks to queue
[2025-09-22T13:32:40.260+0000] {logging_mixin.py:188} INFO - [2025-09-22T13:32:40.259+0000] {dagbag.py:538} INFO - Filling up the DagBag from /opt/airflow/dags/customer_churn_pipeline.py
[2025-09-22T13:32:41.370+0000] {processor.py:840} INFO - DAG(s) 'day7_customer_churn_pipeline' retrieved from /opt/airflow/dags/customer_churn_pipeline.py
[2025-09-22T13:32:41.400+0000] {logging_mixin.py:188} INFO - [2025-09-22T13:32:41.400+0000] {dag.py:3036} INFO - Sync 1 DAGs
[2025-09-22T13:32:41.414+0000] {logging_mixin.py:188} INFO - [2025-09-22T13:32:41.414+0000] {dag.py:3823} INFO - Setting next_dagrun for day7_customer_churn_pipeline to None, run_after=None
[2025-09-22T13:32:41.447+0000] {processor.py:183} INFO - Processing /opt/airflow/dags/customer_churn_pipeline.py took 1.204 seconds
[2025-09-22T13:33:11.644+0000] {processor.py:161} INFO - Started process (PID=1316) to work on /opt/airflow/dags/customer_churn_pipeline.py
[2025-09-22T13:33:11.646+0000] {processor.py:830} INFO - Processing file /opt/airflow/dags/customer_churn_pipeline.py for tasks to queue
[2025-09-22T13:33:11.649+0000] {logging_mixin.py:188} INFO - [2025-09-22T13:33:11.649+0000] {dagbag.py:538} INFO - Filling up the DagBag from /opt/airflow/dags/customer_churn_pipeline.py
[2025-09-22T13:33:12.560+0000] {processor.py:840} INFO - DAG(s) 'day7_customer_churn_pipeline' retrieved from /opt/airflow/dags/customer_churn_pipeline.py
[2025-09-22T13:33:12.588+0000] {logging_mixin.py:188} INFO - [2025-09-22T13:33:12.587+0000] {dag.py:3036} INFO - Sync 1 DAGs
[2025-09-22T13:33:12.601+0000] {logging_mixin.py:188} INFO - [2025-09-22T13:33:12.601+0000] {dag.py:3823} INFO - Setting next_dagrun for day7_customer_churn_pipeline to None, run_after=None
[2025-09-22T13:33:12.633+0000] {processor.py:183} INFO - Processing /opt/airflow/dags/customer_churn_pipeline.py took 0.994 seconds
[2025-09-22T13:33:43.257+0000] {processor.py:161} INFO - Started process (PID=1335) to work on /opt/airflow/dags/customer_churn_pipeline.py
[2025-09-22T13:33:43.259+0000] {processor.py:830} INFO - Processing file /opt/airflow/dags/customer_churn_pipeline.py for tasks to queue
[2025-09-22T13:33:43.263+0000] {logging_mixin.py:188} INFO - [2025-09-22T13:33:43.262+0000] {dagbag.py:538} INFO - Filling up the DagBag from /opt/airflow/dags/customer_churn_pipeline.py
[2025-09-22T13:33:44.338+0000] {processor.py:840} INFO - DAG(s) 'day7_customer_churn_pipeline' retrieved from /opt/airflow/dags/customer_churn_pipeline.py
[2025-09-22T13:33:44.369+0000] {logging_mixin.py:188} INFO - [2025-09-22T13:33:44.368+0000] {dag.py:3036} INFO - Sync 1 DAGs
[2025-09-22T13:33:44.380+0000] {logging_mixin.py:188} INFO - [2025-09-22T13:33:44.380+0000] {dag.py:3823} INFO - Setting next_dagrun for day7_customer_churn_pipeline to None, run_after=None
[2025-09-22T13:33:44.411+0000] {processor.py:183} INFO - Processing /opt/airflow/dags/customer_churn_pipeline.py took 1.158 seconds
[2025-09-22T13:34:14.715+0000] {processor.py:161} INFO - Started process (PID=1354) to work on /opt/airflow/dags/customer_churn_pipeline.py
[2025-09-22T13:34:14.717+0000] {processor.py:830} INFO - Processing file /opt/airflow/dags/customer_churn_pipeline.py for tasks to queue
[2025-09-22T13:34:14.721+0000] {logging_mixin.py:188} INFO - [2025-09-22T13:34:14.720+0000] {dagbag.py:538} INFO - Filling up the DagBag from /opt/airflow/dags/customer_churn_pipeline.py
[2025-09-22T13:34:15.673+0000] {processor.py:840} INFO - DAG(s) 'day7_customer_churn_pipeline' retrieved from /opt/airflow/dags/customer_churn_pipeline.py
[2025-09-22T13:34:15.700+0000] {logging_mixin.py:188} INFO - [2025-09-22T13:34:15.700+0000] {dag.py:3036} INFO - Sync 1 DAGs
[2025-09-22T13:34:15.710+0000] {logging_mixin.py:188} INFO - [2025-09-22T13:34:15.710+0000] {dag.py:3823} INFO - Setting next_dagrun for day7_customer_churn_pipeline to None, run_after=None
[2025-09-22T13:34:15.737+0000] {processor.py:183} INFO - Processing /opt/airflow/dags/customer_churn_pipeline.py took 1.026 seconds
[2025-09-22T13:34:46.040+0000] {processor.py:161} INFO - Started process (PID=1373) to work on /opt/airflow/dags/customer_churn_pipeline.py
[2025-09-22T13:34:46.042+0000] {processor.py:830} INFO - Processing file /opt/airflow/dags/customer_churn_pipeline.py for tasks to queue
[2025-09-22T13:34:46.045+0000] {logging_mixin.py:188} INFO - [2025-09-22T13:34:46.044+0000] {dagbag.py:538} INFO - Filling up the DagBag from /opt/airflow/dags/customer_churn_pipeline.py
[2025-09-22T13:34:47.025+0000] {processor.py:840} INFO - DAG(s) 'day7_customer_churn_pipeline' retrieved from /opt/airflow/dags/customer_churn_pipeline.py
[2025-09-22T13:34:47.051+0000] {logging_mixin.py:188} INFO - [2025-09-22T13:34:47.051+0000] {dag.py:3036} INFO - Sync 1 DAGs
[2025-09-22T13:34:47.064+0000] {logging_mixin.py:188} INFO - [2025-09-22T13:34:47.063+0000] {dag.py:3823} INFO - Setting next_dagrun for day7_customer_churn_pipeline to None, run_after=None
[2025-09-22T13:34:47.105+0000] {processor.py:183} INFO - Processing /opt/airflow/dags/customer_churn_pipeline.py took 1.068 seconds
[2025-09-22T13:35:17.904+0000] {processor.py:161} INFO - Started process (PID=1392) to work on /opt/airflow/dags/customer_churn_pipeline.py
[2025-09-22T13:35:17.907+0000] {processor.py:830} INFO - Processing file /opt/airflow/dags/customer_churn_pipeline.py for tasks to queue
[2025-09-22T13:35:17.910+0000] {logging_mixin.py:188} INFO - [2025-09-22T13:35:17.910+0000] {dagbag.py:538} INFO - Filling up the DagBag from /opt/airflow/dags/customer_churn_pipeline.py
[2025-09-22T13:35:19.110+0000] {processor.py:840} INFO - DAG(s) 'day7_customer_churn_pipeline' retrieved from /opt/airflow/dags/customer_churn_pipeline.py
[2025-09-22T13:35:19.150+0000] {logging_mixin.py:188} INFO - [2025-09-22T13:35:19.149+0000] {dag.py:3036} INFO - Sync 1 DAGs
[2025-09-22T13:35:19.167+0000] {logging_mixin.py:188} INFO - [2025-09-22T13:35:19.167+0000] {dag.py:3823} INFO - Setting next_dagrun for day7_customer_churn_pipeline to None, run_after=None
[2025-09-22T13:35:19.207+0000] {processor.py:183} INFO - Processing /opt/airflow/dags/customer_churn_pipeline.py took 1.308 seconds
[2025-09-22T13:35:49.691+0000] {processor.py:161} INFO - Started process (PID=1411) to work on /opt/airflow/dags/customer_churn_pipeline.py
[2025-09-22T13:35:49.693+0000] {processor.py:830} INFO - Processing file /opt/airflow/dags/customer_churn_pipeline.py for tasks to queue
[2025-09-22T13:35:49.697+0000] {logging_mixin.py:188} INFO - [2025-09-22T13:35:49.696+0000] {dagbag.py:538} INFO - Filling up the DagBag from /opt/airflow/dags/customer_churn_pipeline.py
[2025-09-22T13:35:50.650+0000] {processor.py:840} INFO - DAG(s) 'day7_customer_churn_pipeline' retrieved from /opt/airflow/dags/customer_churn_pipeline.py
[2025-09-22T13:35:50.686+0000] {logging_mixin.py:188} INFO - [2025-09-22T13:35:50.685+0000] {dag.py:3036} INFO - Sync 1 DAGs
[2025-09-22T13:35:50.699+0000] {logging_mixin.py:188} INFO - [2025-09-22T13:35:50.698+0000] {dag.py:3823} INFO - Setting next_dagrun for day7_customer_churn_pipeline to None, run_after=None
[2025-09-22T13:35:50.722+0000] {processor.py:183} INFO - Processing /opt/airflow/dags/customer_churn_pipeline.py took 1.037 seconds
[2025-09-22T13:36:21.653+0000] {processor.py:161} INFO - Started process (PID=1430) to work on /opt/airflow/dags/customer_churn_pipeline.py
[2025-09-22T13:36:21.656+0000] {processor.py:830} INFO - Processing file /opt/airflow/dags/customer_churn_pipeline.py for tasks to queue
[2025-09-22T13:36:21.674+0000] {logging_mixin.py:188} INFO - [2025-09-22T13:36:21.673+0000] {dagbag.py:538} INFO - Filling up the DagBag from /opt/airflow/dags/customer_churn_pipeline.py
[2025-09-22T13:36:23.169+0000] {processor.py:840} INFO - DAG(s) 'day7_customer_churn_pipeline' retrieved from /opt/airflow/dags/customer_churn_pipeline.py
[2025-09-22T13:36:23.211+0000] {logging_mixin.py:188} INFO - [2025-09-22T13:36:23.211+0000] {dag.py:3036} INFO - Sync 1 DAGs
[2025-09-22T13:36:23.229+0000] {logging_mixin.py:188} INFO - [2025-09-22T13:36:23.229+0000] {dag.py:3823} INFO - Setting next_dagrun for day7_customer_churn_pipeline to None, run_after=None
[2025-09-22T13:36:23.264+0000] {processor.py:183} INFO - Processing /opt/airflow/dags/customer_churn_pipeline.py took 1.617 seconds
[2025-09-22T13:36:54.062+0000] {processor.py:161} INFO - Started process (PID=1449) to work on /opt/airflow/dags/customer_churn_pipeline.py
[2025-09-22T13:36:54.063+0000] {processor.py:830} INFO - Processing file /opt/airflow/dags/customer_churn_pipeline.py for tasks to queue
[2025-09-22T13:36:54.066+0000] {logging_mixin.py:188} INFO - [2025-09-22T13:36:54.066+0000] {dagbag.py:538} INFO - Filling up the DagBag from /opt/airflow/dags/customer_churn_pipeline.py
[2025-09-22T13:36:55.048+0000] {processor.py:840} INFO - DAG(s) 'day7_customer_churn_pipeline' retrieved from /opt/airflow/dags/customer_churn_pipeline.py
[2025-09-22T13:36:55.074+0000] {logging_mixin.py:188} INFO - [2025-09-22T13:36:55.074+0000] {dag.py:3036} INFO - Sync 1 DAGs
[2025-09-22T13:36:55.095+0000] {logging_mixin.py:188} INFO - [2025-09-22T13:36:55.095+0000] {dag.py:3823} INFO - Setting next_dagrun for day7_customer_churn_pipeline to None, run_after=None
[2025-09-22T13:36:55.143+0000] {processor.py:183} INFO - Processing /opt/airflow/dags/customer_churn_pipeline.py took 1.086 seconds
[2025-09-22T13:37:26.151+0000] {processor.py:161} INFO - Started process (PID=1468) to work on /opt/airflow/dags/customer_churn_pipeline.py
[2025-09-22T13:37:26.153+0000] {processor.py:830} INFO - Processing file /opt/airflow/dags/customer_churn_pipeline.py for tasks to queue
[2025-09-22T13:37:26.161+0000] {logging_mixin.py:188} INFO - [2025-09-22T13:37:26.160+0000] {dagbag.py:538} INFO - Filling up the DagBag from /opt/airflow/dags/customer_churn_pipeline.py
[2025-09-22T13:37:27.275+0000] {processor.py:840} INFO - DAG(s) 'day7_customer_churn_pipeline' retrieved from /opt/airflow/dags/customer_churn_pipeline.py
[2025-09-22T13:37:27.298+0000] {logging_mixin.py:188} INFO - [2025-09-22T13:37:27.297+0000] {dag.py:3036} INFO - Sync 1 DAGs
[2025-09-22T13:37:27.308+0000] {logging_mixin.py:188} INFO - [2025-09-22T13:37:27.308+0000] {dag.py:3823} INFO - Setting next_dagrun for day7_customer_churn_pipeline to None, run_after=None
[2025-09-22T13:37:27.337+0000] {processor.py:183} INFO - Processing /opt/airflow/dags/customer_churn_pipeline.py took 1.190 seconds
[2025-09-22T13:37:57.795+0000] {processor.py:161} INFO - Started process (PID=1487) to work on /opt/airflow/dags/customer_churn_pipeline.py
[2025-09-22T13:37:57.797+0000] {processor.py:830} INFO - Processing file /opt/airflow/dags/customer_churn_pipeline.py for tasks to queue
[2025-09-22T13:37:57.800+0000] {logging_mixin.py:188} INFO - [2025-09-22T13:37:57.799+0000] {dagbag.py:538} INFO - Filling up the DagBag from /opt/airflow/dags/customer_churn_pipeline.py
[2025-09-22T13:37:58.897+0000] {processor.py:840} INFO - DAG(s) 'day7_customer_churn_pipeline' retrieved from /opt/airflow/dags/customer_churn_pipeline.py
[2025-09-22T13:37:58.922+0000] {logging_mixin.py:188} INFO - [2025-09-22T13:37:58.922+0000] {dag.py:3036} INFO - Sync 1 DAGs
[2025-09-22T13:37:58.935+0000] {logging_mixin.py:188} INFO - [2025-09-22T13:37:58.934+0000] {dag.py:3823} INFO - Setting next_dagrun for day7_customer_churn_pipeline to None, run_after=None
[2025-09-22T13:37:58.965+0000] {processor.py:183} INFO - Processing /opt/airflow/dags/customer_churn_pipeline.py took 1.176 seconds
[2025-09-22T13:38:29.572+0000] {processor.py:161} INFO - Started process (PID=1506) to work on /opt/airflow/dags/customer_churn_pipeline.py
[2025-09-22T13:38:29.575+0000] {processor.py:830} INFO - Processing file /opt/airflow/dags/customer_churn_pipeline.py for tasks to queue
[2025-09-22T13:38:29.579+0000] {logging_mixin.py:188} INFO - [2025-09-22T13:38:29.579+0000] {dagbag.py:538} INFO - Filling up the DagBag from /opt/airflow/dags/customer_churn_pipeline.py
[2025-09-22T13:38:30.668+0000] {processor.py:840} INFO - DAG(s) 'day7_customer_churn_pipeline' retrieved from /opt/airflow/dags/customer_churn_pipeline.py
[2025-09-22T13:38:30.697+0000] {logging_mixin.py:188} INFO - [2025-09-22T13:38:30.697+0000] {dag.py:3036} INFO - Sync 1 DAGs
[2025-09-22T13:38:30.712+0000] {logging_mixin.py:188} INFO - [2025-09-22T13:38:30.712+0000] {dag.py:3823} INFO - Setting next_dagrun for day7_customer_churn_pipeline to None, run_after=None
[2025-09-22T13:38:30.744+0000] {processor.py:183} INFO - Processing /opt/airflow/dags/customer_churn_pipeline.py took 1.178 seconds
[2025-09-22T13:39:01.060+0000] {processor.py:161} INFO - Started process (PID=1525) to work on /opt/airflow/dags/customer_churn_pipeline.py
[2025-09-22T13:39:01.062+0000] {processor.py:830} INFO - Processing file /opt/airflow/dags/customer_churn_pipeline.py for tasks to queue
[2025-09-22T13:39:01.066+0000] {logging_mixin.py:188} INFO - [2025-09-22T13:39:01.066+0000] {dagbag.py:538} INFO - Filling up the DagBag from /opt/airflow/dags/customer_churn_pipeline.py
[2025-09-22T13:39:02.271+0000] {processor.py:840} INFO - DAG(s) 'day7_customer_churn_pipeline' retrieved from /opt/airflow/dags/customer_churn_pipeline.py
[2025-09-22T13:39:02.298+0000] {logging_mixin.py:188} INFO - [2025-09-22T13:39:02.297+0000] {dag.py:3036} INFO - Sync 1 DAGs
[2025-09-22T13:39:02.316+0000] {logging_mixin.py:188} INFO - [2025-09-22T13:39:02.315+0000] {dag.py:3823} INFO - Setting next_dagrun for day7_customer_churn_pipeline to None, run_after=None
[2025-09-22T13:39:02.345+0000] {processor.py:183} INFO - Processing /opt/airflow/dags/customer_churn_pipeline.py took 1.290 seconds
[2025-09-22T13:39:32.715+0000] {processor.py:161} INFO - Started process (PID=1544) to work on /opt/airflow/dags/customer_churn_pipeline.py
[2025-09-22T13:39:32.719+0000] {processor.py:830} INFO - Processing file /opt/airflow/dags/customer_churn_pipeline.py for tasks to queue
[2025-09-22T13:39:32.722+0000] {logging_mixin.py:188} INFO - [2025-09-22T13:39:32.722+0000] {dagbag.py:538} INFO - Filling up the DagBag from /opt/airflow/dags/customer_churn_pipeline.py
[2025-09-22T13:39:33.766+0000] {processor.py:840} INFO - DAG(s) 'day7_customer_churn_pipeline' retrieved from /opt/airflow/dags/customer_churn_pipeline.py
[2025-09-22T13:39:33.787+0000] {logging_mixin.py:188} INFO - [2025-09-22T13:39:33.787+0000] {dag.py:3036} INFO - Sync 1 DAGs
[2025-09-22T13:39:33.797+0000] {logging_mixin.py:188} INFO - [2025-09-22T13:39:33.796+0000] {dag.py:3823} INFO - Setting next_dagrun for day7_customer_churn_pipeline to None, run_after=None
[2025-09-22T13:39:33.814+0000] {processor.py:183} INFO - Processing /opt/airflow/dags/customer_churn_pipeline.py took 1.103 seconds
[2025-09-22T13:40:03.996+0000] {processor.py:161} INFO - Started process (PID=1563) to work on /opt/airflow/dags/customer_churn_pipeline.py
[2025-09-22T13:40:03.998+0000] {processor.py:830} INFO - Processing file /opt/airflow/dags/customer_churn_pipeline.py for tasks to queue
[2025-09-22T13:40:04.000+0000] {logging_mixin.py:188} INFO - [2025-09-22T13:40:04.000+0000] {dagbag.py:538} INFO - Filling up the DagBag from /opt/airflow/dags/customer_churn_pipeline.py
[2025-09-22T13:40:04.960+0000] {processor.py:840} INFO - DAG(s) 'day7_customer_churn_pipeline' retrieved from /opt/airflow/dags/customer_churn_pipeline.py
[2025-09-22T13:40:04.991+0000] {logging_mixin.py:188} INFO - [2025-09-22T13:40:04.990+0000] {dag.py:3036} INFO - Sync 1 DAGs
[2025-09-22T13:40:05.002+0000] {logging_mixin.py:188} INFO - [2025-09-22T13:40:05.002+0000] {dag.py:3823} INFO - Setting next_dagrun for day7_customer_churn_pipeline to None, run_after=None
[2025-09-22T13:40:05.024+0000] {processor.py:183} INFO - Processing /opt/airflow/dags/customer_churn_pipeline.py took 1.031 seconds
[2025-09-22T13:40:35.979+0000] {processor.py:161} INFO - Started process (PID=1582) to work on /opt/airflow/dags/customer_churn_pipeline.py
[2025-09-22T13:40:35.981+0000] {processor.py:830} INFO - Processing file /opt/airflow/dags/customer_churn_pipeline.py for tasks to queue
[2025-09-22T13:40:35.986+0000] {logging_mixin.py:188} INFO - [2025-09-22T13:40:35.986+0000] {dagbag.py:538} INFO - Filling up the DagBag from /opt/airflow/dags/customer_churn_pipeline.py
[2025-09-22T13:40:37.401+0000] {processor.py:840} INFO - DAG(s) 'day7_customer_churn_pipeline' retrieved from /opt/airflow/dags/customer_churn_pipeline.py
[2025-09-22T13:40:37.452+0000] {logging_mixin.py:188} INFO - [2025-09-22T13:40:37.452+0000] {dag.py:3036} INFO - Sync 1 DAGs
[2025-09-22T13:40:37.470+0000] {logging_mixin.py:188} INFO - [2025-09-22T13:40:37.469+0000] {dag.py:3823} INFO - Setting next_dagrun for day7_customer_churn_pipeline to None, run_after=None
[2025-09-22T13:40:37.501+0000] {processor.py:183} INFO - Processing /opt/airflow/dags/customer_churn_pipeline.py took 1.540 seconds
[2025-09-22T13:41:08.233+0000] {processor.py:161} INFO - Started process (PID=1601) to work on /opt/airflow/dags/customer_churn_pipeline.py
[2025-09-22T13:41:08.236+0000] {processor.py:830} INFO - Processing file /opt/airflow/dags/customer_churn_pipeline.py for tasks to queue
[2025-09-22T13:41:08.240+0000] {logging_mixin.py:188} INFO - [2025-09-22T13:41:08.239+0000] {dagbag.py:538} INFO - Filling up the DagBag from /opt/airflow/dags/customer_churn_pipeline.py
[2025-09-22T13:41:09.501+0000] {processor.py:840} INFO - DAG(s) 'day7_customer_churn_pipeline' retrieved from /opt/airflow/dags/customer_churn_pipeline.py
[2025-09-22T13:41:09.529+0000] {logging_mixin.py:188} INFO - [2025-09-22T13:41:09.529+0000] {dag.py:3036} INFO - Sync 1 DAGs
[2025-09-22T13:41:09.554+0000] {logging_mixin.py:188} INFO - [2025-09-22T13:41:09.554+0000] {dag.py:3823} INFO - Setting next_dagrun for day7_customer_churn_pipeline to None, run_after=None
[2025-09-22T13:41:09.594+0000] {processor.py:183} INFO - Processing /opt/airflow/dags/customer_churn_pipeline.py took 1.366 seconds
[2025-09-22T13:41:49.861+0000] {processor.py:161} INFO - Started process (PID=1620) to work on /opt/airflow/dags/customer_churn_pipeline.py
[2025-09-22T13:41:49.863+0000] {processor.py:830} INFO - Processing file /opt/airflow/dags/customer_churn_pipeline.py for tasks to queue
[2025-09-22T13:41:49.866+0000] {logging_mixin.py:188} INFO - [2025-09-22T13:41:49.866+0000] {dagbag.py:538} INFO - Filling up the DagBag from /opt/airflow/dags/customer_churn_pipeline.py
[2025-09-22T13:41:50.822+0000] {processor.py:840} INFO - DAG(s) 'day7_customer_churn_pipeline' retrieved from /opt/airflow/dags/customer_churn_pipeline.py
[2025-09-22T13:41:50.853+0000] {logging_mixin.py:188} INFO - [2025-09-22T13:41:50.853+0000] {dag.py:3036} INFO - Sync 1 DAGs
[2025-09-22T13:41:50.866+0000] {logging_mixin.py:188} INFO - [2025-09-22T13:41:50.866+0000] {dag.py:3823} INFO - Setting next_dagrun for day7_customer_churn_pipeline to None, run_after=None
[2025-09-22T13:41:50.888+0000] {processor.py:183} INFO - Processing /opt/airflow/dags/customer_churn_pipeline.py took 1.035 seconds
[2025-09-22T13:42:21.277+0000] {processor.py:161} INFO - Started process (PID=1639) to work on /opt/airflow/dags/customer_churn_pipeline.py
[2025-09-22T13:42:21.279+0000] {processor.py:830} INFO - Processing file /opt/airflow/dags/customer_churn_pipeline.py for tasks to queue
[2025-09-22T13:42:21.287+0000] {logging_mixin.py:188} INFO - [2025-09-22T13:42:21.287+0000] {dagbag.py:538} INFO - Filling up the DagBag from /opt/airflow/dags/customer_churn_pipeline.py
[2025-09-22T13:42:21.684+0000] {processor.py:840} INFO - DAG(s) 'day7_customer_churn_pipeline' retrieved from /opt/airflow/dags/customer_churn_pipeline.py
[2025-09-22T13:42:21.711+0000] {logging_mixin.py:188} INFO - [2025-09-22T13:42:21.710+0000] {dag.py:3036} INFO - Sync 1 DAGs
[2025-09-22T13:42:21.727+0000] {logging_mixin.py:188} INFO - [2025-09-22T13:42:21.726+0000] {dag.py:3823} INFO - Setting next_dagrun for day7_customer_churn_pipeline to None, run_after=None
[2025-09-22T13:42:21.761+0000] {processor.py:183} INFO - Processing /opt/airflow/dags/customer_churn_pipeline.py took 1.105 seconds
[2025-09-22T13:42:52.419+0000] {processor.py:161} INFO - Started process (PID=1658) to work on /opt/airflow/dags/customer_churn_pipeline.py
[2025-09-22T13:42:52.422+0000] {processor.py:830} INFO - Processing file /opt/airflow/dags/customer_churn_pipeline.py for tasks to queue
[2025-09-22T13:42:52.425+0000] {logging_mixin.py:188} INFO - [2025-09-22T13:42:52.425+0000] {dagbag.py:538} INFO - Filling up the DagBag from /opt/airflow/dags/customer_churn_pipeline.py
[2025-09-22T13:42:53.467+0000] {processor.py:840} INFO - DAG(s) 'day7_customer_churn_pipeline' retrieved from /opt/airflow/dags/customer_churn_pipeline.py
[2025-09-22T13:42:53.493+0000] {logging_mixin.py:188} INFO - [2025-09-22T13:42:53.493+0000] {dag.py:3036} INFO - Sync 1 DAGs
[2025-09-22T13:42:53.514+0000] {logging_mixin.py:188} INFO - [2025-09-22T13:42:53.513+0000] {dag.py:3823} INFO - Setting next_dagrun for day7_customer_churn_pipeline to None, run_after=None
[2025-09-22T13:42:53.548+0000] {processor.py:183} INFO - Processing /opt/airflow/dags/customer_churn_pipeline.py took 1.133 seconds
[2025-09-22T13:43:24.664+0000] {processor.py:161} INFO - Started process (PID=1677) to work on /opt/airflow/dags/customer_churn_pipeline.py
[2025-09-22T13:43:24.679+0000] {processor.py:830} INFO - Processing file /opt/airflow/dags/customer_churn_pipeline.py for tasks to queue
[2025-09-22T13:43:24.683+0000] {logging_mixin.py:188} INFO - [2025-09-22T13:43:24.682+0000] {dagbag.py:538} INFO - Filling up the DagBag from /opt/airflow/dags/customer_churn_pipeline.py
[2025-09-22T13:43:25.619+0000] {processor.py:840} INFO - DAG(s) 'day7_customer_churn_pipeline' retrieved from /opt/airflow/dags/customer_churn_pipeline.py
[2025-09-22T13:43:25.651+0000] {logging_mixin.py:188} INFO - [2025-09-22T13:43:25.650+0000] {dag.py:3036} INFO - Sync 1 DAGs
[2025-09-22T13:43:25.662+0000] {logging_mixin.py:188} INFO - [2025-09-22T13:43:25.662+0000] {dag.py:3823} INFO - Setting next_dagrun for day7_customer_churn_pipeline to None, run_after=None
[2025-09-22T13:43:25.684+0000] {processor.py:183} INFO - Processing /opt/airflow/dags/customer_churn_pipeline.py took 1.026 seconds
[2025-09-22T13:43:56.224+0000] {processor.py:161} INFO - Started process (PID=1696) to work on /opt/airflow/dags/customer_churn_pipeline.py
[2025-09-22T13:43:56.226+0000] {processor.py:830} INFO - Processing file /opt/airflow/dags/customer_churn_pipeline.py for tasks to queue
[2025-09-22T13:43:56.229+0000] {logging_mixin.py:188} INFO - [2025-09-22T13:43:56.229+0000] {dagbag.py:538} INFO - Filling up the DagBag from /opt/airflow/dags/customer_churn_pipeline.py
[2025-09-22T13:43:57.312+0000] {processor.py:840} INFO - DAG(s) 'day7_customer_churn_pipeline' retrieved from /opt/airflow/dags/customer_churn_pipeline.py
[2025-09-22T13:43:57.345+0000] {logging_mixin.py:188} INFO - [2025-09-22T13:43:57.345+0000] {dag.py:3036} INFO - Sync 1 DAGs
[2025-09-22T13:43:57.360+0000] {logging_mixin.py:188} INFO - [2025-09-22T13:43:57.360+0000] {dag.py:3823} INFO - Setting next_dagrun for day7_customer_churn_pipeline to None, run_after=None
[2025-09-22T13:43:57.382+0000] {processor.py:183} INFO - Processing /opt/airflow/dags/customer_churn_pipeline.py took 1.162 seconds
[2025-09-22T13:44:27.740+0000] {processor.py:161} INFO - Started process (PID=1715) to work on /opt/airflow/dags/customer_churn_pipeline.py
[2025-09-22T13:44:27.742+0000] {processor.py:830} INFO - Processing file /opt/airflow/dags/customer_churn_pipeline.py for tasks to queue
[2025-09-22T13:44:27.747+0000] {logging_mixin.py:188} INFO - [2025-09-22T13:44:27.746+0000] {dagbag.py:538} INFO - Filling up the DagBag from /opt/airflow/dags/customer_churn_pipeline.py
[2025-09-22T13:44:28.804+0000] {processor.py:840} INFO - DAG(s) 'day7_customer_churn_pipeline' retrieved from /opt/airflow/dags/customer_churn_pipeline.py
[2025-09-22T13:44:28.828+0000] {logging_mixin.py:188} INFO - [2025-09-22T13:44:28.828+0000] {dag.py:3036} INFO - Sync 1 DAGs
[2025-09-22T13:44:28.840+0000] {logging_mixin.py:188} INFO - [2025-09-22T13:44:28.840+0000] {dag.py:3823} INFO - Setting next_dagrun for day7_customer_churn_pipeline to None, run_after=None
[2025-09-22T13:44:28.870+0000] {processor.py:183} INFO - Processing /opt/airflow/dags/customer_churn_pipeline.py took 1.137 seconds
[2025-09-22T13:44:59.701+0000] {processor.py:161} INFO - Started process (PID=1734) to work on /opt/airflow/dags/customer_churn_pipeline.py
[2025-09-22T13:44:59.703+0000] {processor.py:830} INFO - Processing file /opt/airflow/dags/customer_churn_pipeline.py for tasks to queue
[2025-09-22T13:44:59.706+0000] {logging_mixin.py:188} INFO - [2025-09-22T13:44:59.705+0000] {dagbag.py:538} INFO - Filling up the DagBag from /opt/airflow/dags/customer_churn_pipeline.py
[2025-09-22T13:45:00.712+0000] {processor.py:840} INFO - DAG(s) 'day7_customer_churn_pipeline' retrieved from /opt/airflow/dags/customer_churn_pipeline.py
[2025-09-22T13:45:00.744+0000] {logging_mixin.py:188} INFO - [2025-09-22T13:45:00.743+0000] {dag.py:3036} INFO - Sync 1 DAGs
[2025-09-22T13:45:00.757+0000] {logging_mixin.py:188} INFO - [2025-09-22T13:45:00.757+0000] {dag.py:3823} INFO - Setting next_dagrun for day7_customer_churn_pipeline to None, run_after=None
[2025-09-22T13:45:00.795+0000] {processor.py:183} INFO - Processing /opt/airflow/dags/customer_churn_pipeline.py took 1.099 seconds
[2025-09-22T13:45:31.212+0000] {processor.py:161} INFO - Started process (PID=1753) to work on /opt/airflow/dags/customer_churn_pipeline.py
[2025-09-22T13:45:31.217+0000] {processor.py:830} INFO - Processing file /opt/airflow/dags/customer_churn_pipeline.py for tasks to queue
[2025-09-22T13:45:31.223+0000] {logging_mixin.py:188} INFO - [2025-09-22T13:45:31.223+0000] {dagbag.py:538} INFO - Filling up the DagBag from /opt/airflow/dags/customer_churn_pipeline.py
[2025-09-22T13:45:32.288+0000] {processor.py:840} INFO - DAG(s) 'day7_customer_churn_pipeline' retrieved from /opt/airflow/dags/customer_churn_pipeline.py
[2025-09-22T13:45:32.313+0000] {logging_mixin.py:188} INFO - [2025-09-22T13:45:32.313+0000] {dag.py:3036} INFO - Sync 1 DAGs
[2025-09-22T13:45:32.327+0000] {logging_mixin.py:188} INFO - [2025-09-22T13:45:32.327+0000] {dag.py:3823} INFO - Setting next_dagrun for day7_customer_churn_pipeline to None, run_after=None
[2025-09-22T13:45:32.356+0000] {processor.py:183} INFO - Processing /opt/airflow/dags/customer_churn_pipeline.py took 1.147 seconds
[2025-09-22T13:46:03.041+0000] {processor.py:161} INFO - Started process (PID=1772) to work on /opt/airflow/dags/customer_churn_pipeline.py
[2025-09-22T13:46:03.043+0000] {processor.py:830} INFO - Processing file /opt/airflow/dags/customer_churn_pipeline.py for tasks to queue
[2025-09-22T13:46:03.046+0000] {logging_mixin.py:188} INFO - [2025-09-22T13:46:03.046+0000] {dagbag.py:538} INFO - Filling up the DagBag from /opt/airflow/dags/customer_churn_pipeline.py
[2025-09-22T13:46:04.111+0000] {processor.py:840} INFO - DAG(s) 'day7_customer_churn_pipeline' retrieved from /opt/airflow/dags/customer_churn_pipeline.py
[2025-09-22T13:46:04.171+0000] {logging_mixin.py:188} INFO - [2025-09-22T13:46:04.170+0000] {dag.py:3036} INFO - Sync 1 DAGs
[2025-09-22T13:46:04.188+0000] {logging_mixin.py:188} INFO - [2025-09-22T13:46:04.188+0000] {dag.py:3823} INFO - Setting next_dagrun for day7_customer_churn_pipeline to None, run_after=None
[2025-09-22T13:46:04.211+0000] {processor.py:183} INFO - Processing /opt/airflow/dags/customer_churn_pipeline.py took 1.177 seconds
[2025-09-22T13:46:34.404+0000] {processor.py:161} INFO - Started process (PID=1791) to work on /opt/airflow/dags/customer_churn_pipeline.py
[2025-09-22T13:46:34.410+0000] {processor.py:830} INFO - Processing file /opt/airflow/dags/customer_churn_pipeline.py for tasks to queue
[2025-09-22T13:46:34.451+0000] {logging_mixin.py:188} INFO - [2025-09-22T13:46:34.450+0000] {dagbag.py:538} INFO - Filling up the DagBag from /opt/airflow/dags/customer_churn_pipeline.py
[2025-09-22T13:46:35.732+0000] {processor.py:840} INFO - DAG(s) 'day7_customer_churn_pipeline' retrieved from /opt/airflow/dags/customer_churn_pipeline.py
[2025-09-22T13:46:35.765+0000] {logging_mixin.py:188} INFO - [2025-09-22T13:46:35.764+0000] {dag.py:3036} INFO - Sync 1 DAGs
[2025-09-22T13:46:35.779+0000] {logging_mixin.py:188} INFO - [2025-09-22T13:46:35.778+0000] {dag.py:3823} INFO - Setting next_dagrun for day7_customer_churn_pipeline to None, run_after=None
[2025-09-22T13:46:35.813+0000] {processor.py:183} INFO - Processing /opt/airflow/dags/customer_churn_pipeline.py took 1.416 seconds
[2025-09-22T13:47:06.803+0000] {processor.py:161} INFO - Started process (PID=1810) to work on /opt/airflow/dags/customer_churn_pipeline.py
[2025-09-22T13:47:06.808+0000] {processor.py:830} INFO - Processing file /opt/airflow/dags/customer_churn_pipeline.py for tasks to queue
[2025-09-22T13:47:06.825+0000] {logging_mixin.py:188} INFO - [2025-09-22T13:47:06.824+0000] {dagbag.py:538} INFO - Filling up the DagBag from /opt/airflow/dags/customer_churn_pipeline.py
[2025-09-22T13:47:08.049+0000] {processor.py:840} INFO - DAG(s) 'day7_customer_churn_pipeline' retrieved from /opt/airflow/dags/customer_churn_pipeline.py
[2025-09-22T13:47:08.095+0000] {logging_mixin.py:188} INFO - [2025-09-22T13:47:08.094+0000] {dag.py:3036} INFO - Sync 1 DAGs
[2025-09-22T13:47:08.120+0000] {logging_mixin.py:188} INFO - [2025-09-22T13:47:08.119+0000] {dag.py:3823} INFO - Setting next_dagrun for day7_customer_churn_pipeline to None, run_after=None
[2025-09-22T13:47:08.189+0000] {processor.py:183} INFO - Processing /opt/airflow/dags/customer_churn_pipeline.py took 1.395 seconds
[2025-09-22T13:47:38.638+0000] {processor.py:161} INFO - Started process (PID=1829) to work on /opt/airflow/dags/customer_churn_pipeline.py
[2025-09-22T13:47:38.640+0000] {processor.py:830} INFO - Processing file /opt/airflow/dags/customer_churn_pipeline.py for tasks to queue
[2025-09-22T13:47:38.644+0000] {logging_mixin.py:188} INFO - [2025-09-22T13:47:38.643+0000] {dagbag.py:538} INFO - Filling up the DagBag from /opt/airflow/dags/customer_churn_pipeline.py
[2025-09-22T13:47:40.015+0000] {processor.py:840} INFO - DAG(s) 'day7_customer_churn_pipeline' retrieved from /opt/airflow/dags/customer_churn_pipeline.py
[2025-09-22T13:47:40.050+0000] {logging_mixin.py:188} INFO - [2025-09-22T13:47:40.050+0000] {dag.py:3036} INFO - Sync 1 DAGs
[2025-09-22T13:47:40.064+0000] {logging_mixin.py:188} INFO - [2025-09-22T13:47:40.064+0000] {dag.py:3823} INFO - Setting next_dagrun for day7_customer_churn_pipeline to None, run_after=None
[2025-09-22T13:47:40.109+0000] {processor.py:183} INFO - Processing /opt/airflow/dags/customer_churn_pipeline.py took 1.476 seconds
[2025-09-22T13:48:10.341+0000] {processor.py:161} INFO - Started process (PID=1848) to work on /opt/airflow/dags/customer_churn_pipeline.py
[2025-09-22T13:48:10.343+0000] {processor.py:830} INFO - Processing file /opt/airflow/dags/customer_churn_pipeline.py for tasks to queue
[2025-09-22T13:48:10.347+0000] {logging_mixin.py:188} INFO - [2025-09-22T13:48:10.346+0000] {dagbag.py:538} INFO - Filling up the DagBag from /opt/airflow/dags/customer_churn_pipeline.py
[2025-09-22T13:48:11.370+0000] {processor.py:840} INFO - DAG(s) 'day7_customer_churn_pipeline' retrieved from /opt/airflow/dags/customer_churn_pipeline.py
[2025-09-22T13:48:11.407+0000] {logging_mixin.py:188} INFO - [2025-09-22T13:48:11.406+0000] {dag.py:3036} INFO - Sync 1 DAGs
[2025-09-22T13:48:11.423+0000] {logging_mixin.py:188} INFO - [2025-09-22T13:48:11.423+0000] {dag.py:3823} INFO - Setting next_dagrun for day7_customer_churn_pipeline to None, run_after=None
[2025-09-22T13:48:11.450+0000] {processor.py:183} INFO - Processing /opt/airflow/dags/customer_churn_pipeline.py took 1.115 seconds
[2025-09-22T13:48:41.659+0000] {processor.py:161} INFO - Started process (PID=1867) to work on /opt/airflow/dags/customer_churn_pipeline.py
[2025-09-22T13:48:41.661+0000] {processor.py:830} INFO - Processing file /opt/airflow/dags/customer_churn_pipeline.py for tasks to queue
[2025-09-22T13:48:41.664+0000] {logging_mixin.py:188} INFO - [2025-09-22T13:48:41.664+0000] {dagbag.py:538} INFO - Filling up the DagBag from /opt/airflow/dags/customer_churn_pipeline.py
[2025-09-22T13:48:42.560+0000] {processor.py:840} INFO - DAG(s) 'day7_customer_churn_pipeline' retrieved from /opt/airflow/dags/customer_churn_pipeline.py
[2025-09-22T13:48:42.586+0000] {logging_mixin.py:188} INFO - [2025-09-22T13:48:42.585+0000] {dag.py:3036} INFO - Sync 1 DAGs
[2025-09-22T13:48:42.598+0000] {logging_mixin.py:188} INFO - [2025-09-22T13:48:42.598+0000] {dag.py:3823} INFO - Setting next_dagrun for day7_customer_churn_pipeline to None, run_after=None
[2025-09-22T13:48:42.625+0000] {processor.py:183} INFO - Processing /opt/airflow/dags/customer_churn_pipeline.py took 0.972 seconds
[2025-09-22T13:49:13.195+0000] {processor.py:161} INFO - Started process (PID=1886) to work on /opt/airflow/dags/customer_churn_pipeline.py
[2025-09-22T13:49:13.197+0000] {processor.py:830} INFO - Processing file /opt/airflow/dags/customer_churn_pipeline.py for tasks to queue
[2025-09-22T13:49:13.201+0000] {logging_mixin.py:188} INFO - [2025-09-22T13:49:13.201+0000] {dagbag.py:538} INFO - Filling up the DagBag from /opt/airflow/dags/customer_churn_pipeline.py
[2025-09-22T13:49:14.205+0000] {processor.py:840} INFO - DAG(s) 'day7_customer_churn_pipeline' retrieved from /opt/airflow/dags/customer_churn_pipeline.py
[2025-09-22T13:49:14.230+0000] {logging_mixin.py:188} INFO - [2025-09-22T13:49:14.229+0000] {dag.py:3036} INFO - Sync 1 DAGs
[2025-09-22T13:49:14.242+0000] {logging_mixin.py:188} INFO - [2025-09-22T13:49:14.241+0000] {dag.py:3823} INFO - Setting next_dagrun for day7_customer_churn_pipeline to None, run_after=None
[2025-09-22T13:49:14.264+0000] {processor.py:183} INFO - Processing /opt/airflow/dags/customer_churn_pipeline.py took 1.074 seconds
[2025-09-22T13:49:44.814+0000] {processor.py:161} INFO - Started process (PID=1905) to work on /opt/airflow/dags/customer_churn_pipeline.py
[2025-09-22T13:49:44.817+0000] {processor.py:830} INFO - Processing file /opt/airflow/dags/customer_churn_pipeline.py for tasks to queue
[2025-09-22T13:49:44.824+0000] {logging_mixin.py:188} INFO - [2025-09-22T13:49:44.823+0000] {dagbag.py:538} INFO - Filling up the DagBag from /opt/airflow/dags/customer_churn_pipeline.py
[2025-09-22T13:49:45.914+0000] {processor.py:840} INFO - DAG(s) 'day7_customer_churn_pipeline' retrieved from /opt/airflow/dags/customer_churn_pipeline.py
[2025-09-22T13:49:45.941+0000] {logging_mixin.py:188} INFO - [2025-09-22T13:49:45.940+0000] {dag.py:3036} INFO - Sync 1 DAGs
[2025-09-22T13:49:45.955+0000] {logging_mixin.py:188} INFO - [2025-09-22T13:49:45.954+0000] {dag.py:3823} INFO - Setting next_dagrun for day7_customer_churn_pipeline to None, run_after=None
[2025-09-22T13:49:45.981+0000] {processor.py:183} INFO - Processing /opt/airflow/dags/customer_churn_pipeline.py took 1.173 seconds
[2025-09-22T13:50:16.368+0000] {processor.py:161} INFO - Started process (PID=1924) to work on /opt/airflow/dags/customer_churn_pipeline.py
[2025-09-22T13:50:16.371+0000] {processor.py:830} INFO - Processing file /opt/airflow/dags/customer_churn_pipeline.py for tasks to queue
[2025-09-22T13:50:16.374+0000] {logging_mixin.py:188} INFO - [2025-09-22T13:50:16.373+0000] {dagbag.py:538} INFO - Filling up the DagBag from /opt/airflow/dags/customer_churn_pipeline.py
[2025-09-22T13:50:17.447+0000] {processor.py:840} INFO - DAG(s) 'day7_customer_churn_pipeline' retrieved from /opt/airflow/dags/customer_churn_pipeline.py
[2025-09-22T13:50:17.478+0000] {logging_mixin.py:188} INFO - [2025-09-22T13:50:17.478+0000] {dag.py:3036} INFO - Sync 1 DAGs
[2025-09-22T13:50:17.490+0000] {logging_mixin.py:188} INFO - [2025-09-22T13:50:17.489+0000] {dag.py:3823} INFO - Setting next_dagrun for day7_customer_churn_pipeline to None, run_after=None
[2025-09-22T13:50:17.525+0000] {processor.py:183} INFO - Processing /opt/airflow/dags/customer_churn_pipeline.py took 1.166 seconds
[2025-09-22T13:50:48.151+0000] {processor.py:161} INFO - Started process (PID=1943) to work on /opt/airflow/dags/customer_churn_pipeline.py
[2025-09-22T13:50:48.156+0000] {processor.py:830} INFO - Processing file /opt/airflow/dags/customer_churn_pipeline.py for tasks to queue
[2025-09-22T13:50:48.161+0000] {logging_mixin.py:188} INFO - [2025-09-22T13:50:48.161+0000] {dagbag.py:538} INFO - Filling up the DagBag from /opt/airflow/dags/customer_churn_pipeline.py
[2025-09-22T13:50:49.301+0000] {processor.py:840} INFO - DAG(s) 'day7_customer_churn_pipeline' retrieved from /opt/airflow/dags/customer_churn_pipeline.py
[2025-09-22T13:50:49.338+0000] {logging_mixin.py:188} INFO - [2025-09-22T13:50:49.337+0000] {dag.py:3036} INFO - Sync 1 DAGs
[2025-09-22T13:50:49.366+0000] {logging_mixin.py:188} INFO - [2025-09-22T13:50:49.366+0000] {dag.py:3823} INFO - Setting next_dagrun for day7_customer_churn_pipeline to None, run_after=None
[2025-09-22T13:50:49.427+0000] {processor.py:183} INFO - Processing /opt/airflow/dags/customer_churn_pipeline.py took 1.282 seconds
[2025-09-22T13:51:19.546+0000] {processor.py:161} INFO - Started process (PID=1962) to work on /opt/airflow/dags/customer_churn_pipeline.py
[2025-09-22T13:51:19.548+0000] {processor.py:830} INFO - Processing file /opt/airflow/dags/customer_churn_pipeline.py for tasks to queue
[2025-09-22T13:51:19.551+0000] {logging_mixin.py:188} INFO - [2025-09-22T13:51:19.551+0000] {dagbag.py:538} INFO - Filling up the DagBag from /opt/airflow/dags/customer_churn_pipeline.py
[2025-09-22T13:51:20.456+0000] {processor.py:840} INFO - DAG(s) 'day7_customer_churn_pipeline' retrieved from /opt/airflow/dags/customer_churn_pipeline.py
[2025-09-22T13:51:20.487+0000] {logging_mixin.py:188} INFO - [2025-09-22T13:51:20.486+0000] {dag.py:3036} INFO - Sync 1 DAGs
[2025-09-22T13:51:20.499+0000] {logging_mixin.py:188} INFO - [2025-09-22T13:51:20.499+0000] {dag.py:3823} INFO - Setting next_dagrun for day7_customer_churn_pipeline to None, run_after=None
[2025-09-22T13:51:20.525+0000] {processor.py:183} INFO - Processing /opt/airflow/dags/customer_churn_pipeline.py took 0.983 seconds
[2025-09-22T13:51:51.041+0000] {processor.py:161} INFO - Started process (PID=1981) to work on /opt/airflow/dags/customer_churn_pipeline.py
[2025-09-22T13:51:51.047+0000] {processor.py:830} INFO - Processing file /opt/airflow/dags/customer_churn_pipeline.py for tasks to queue
[2025-09-22T13:51:51.049+0000] {logging_mixin.py:188} INFO - [2025-09-22T13:51:51.049+0000] {dagbag.py:538} INFO - Filling up the DagBag from /opt/airflow/dags/customer_churn_pipeline.py
[2025-09-22T13:51:52.046+0000] {processor.py:840} INFO - DAG(s) 'day7_customer_churn_pipeline' retrieved from /opt/airflow/dags/customer_churn_pipeline.py
[2025-09-22T13:51:52.069+0000] {logging_mixin.py:188} INFO - [2025-09-22T13:51:52.069+0000] {dag.py:3036} INFO - Sync 1 DAGs
[2025-09-22T13:51:52.079+0000] {logging_mixin.py:188} INFO - [2025-09-22T13:51:52.079+0000] {dag.py:3823} INFO - Setting next_dagrun for day7_customer_churn_pipeline to None, run_after=None
[2025-09-22T13:51:52.112+0000] {processor.py:183} INFO - Processing /opt/airflow/dags/customer_churn_pipeline.py took 1.079 seconds
[2025-09-22T13:52:22.640+0000] {processor.py:161} INFO - Started process (PID=2000) to work on /opt/airflow/dags/customer_churn_pipeline.py
[2025-09-22T13:52:22.642+0000] {processor.py:830} INFO - Processing file /opt/airflow/dags/customer_churn_pipeline.py for tasks to queue
[2025-09-22T13:52:22.645+0000] {logging_mixin.py:188} INFO - [2025-09-22T13:52:22.645+0000] {dagbag.py:538} INFO - Filling up the DagBag from /opt/airflow/dags/customer_churn_pipeline.py
[2025-09-22T13:52:23.840+0000] {processor.py:840} INFO - DAG(s) 'day7_customer_churn_pipeline' retrieved from /opt/airflow/dags/customer_churn_pipeline.py
[2025-09-22T13:52:23.873+0000] {logging_mixin.py:188} INFO - [2025-09-22T13:52:23.872+0000] {dag.py:3036} INFO - Sync 1 DAGs
[2025-09-22T13:52:23.888+0000] {logging_mixin.py:188} INFO - [2025-09-22T13:52:23.887+0000] {dag.py:3823} INFO - Setting next_dagrun for day7_customer_churn_pipeline to None, run_after=None
[2025-09-22T13:52:23.912+0000] {processor.py:183} INFO - Processing /opt/airflow/dags/customer_churn_pipeline.py took 1.277 seconds
[2025-09-22T13:52:54.690+0000] {processor.py:161} INFO - Started process (PID=2019) to work on /opt/airflow/dags/customer_churn_pipeline.py
[2025-09-22T13:52:54.694+0000] {processor.py:830} INFO - Processing file /opt/airflow/dags/customer_churn_pipeline.py for tasks to queue
[2025-09-22T13:52:54.700+0000] {logging_mixin.py:188} INFO - [2025-09-22T13:52:54.699+0000] {dagbag.py:538} INFO - Filling up the DagBag from /opt/airflow/dags/customer_churn_pipeline.py
[2025-09-22T13:52:56.066+0000] {processor.py:840} INFO - DAG(s) 'day7_customer_churn_pipeline' retrieved from /opt/airflow/dags/customer_churn_pipeline.py
[2025-09-22T13:52:56.107+0000] {logging_mixin.py:188} INFO - [2025-09-22T13:52:56.106+0000] {dag.py:3036} INFO - Sync 1 DAGs
[2025-09-22T13:52:56.120+0000] {logging_mixin.py:188} INFO - [2025-09-22T13:52:56.120+0000] {dag.py:3823} INFO - Setting next_dagrun for day7_customer_churn_pipeline to None, run_after=None
[2025-09-22T13:52:56.152+0000] {processor.py:183} INFO - Processing /opt/airflow/dags/customer_churn_pipeline.py took 1.468 seconds
[2025-09-22T13:53:27.124+0000] {processor.py:161} INFO - Started process (PID=2038) to work on /opt/airflow/dags/customer_churn_pipeline.py
[2025-09-22T13:53:27.128+0000] {processor.py:830} INFO - Processing file /opt/airflow/dags/customer_churn_pipeline.py for tasks to queue
[2025-09-22T13:53:27.134+0000] {logging_mixin.py:188} INFO - [2025-09-22T13:53:27.133+0000] {dagbag.py:538} INFO - Filling up the DagBag from /opt/airflow/dags/customer_churn_pipeline.py
[2025-09-22T13:53:28.401+0000] {processor.py:840} INFO - DAG(s) 'day7_customer_churn_pipeline' retrieved from /opt/airflow/dags/customer_churn_pipeline.py
[2025-09-22T13:53:28.428+0000] {logging_mixin.py:188} INFO - [2025-09-22T13:53:28.427+0000] {dag.py:3036} INFO - Sync 1 DAGs
[2025-09-22T13:53:28.441+0000] {logging_mixin.py:188} INFO - [2025-09-22T13:53:28.441+0000] {dag.py:3823} INFO - Setting next_dagrun for day7_customer_churn_pipeline to None, run_after=None
[2025-09-22T13:53:28.465+0000] {processor.py:183} INFO - Processing /opt/airflow/dags/customer_churn_pipeline.py took 1.345 seconds
[2025-09-22T13:53:58.715+0000] {processor.py:161} INFO - Started process (PID=2057) to work on /opt/airflow/dags/customer_churn_pipeline.py
[2025-09-22T13:53:58.721+0000] {processor.py:830} INFO - Processing file /opt/airflow/dags/customer_churn_pipeline.py for tasks to queue
[2025-09-22T13:53:58.727+0000] {logging_mixin.py:188} INFO - [2025-09-22T13:53:58.727+0000] {dagbag.py:538} INFO - Filling up the DagBag from /opt/airflow/dags/customer_churn_pipeline.py
[2025-09-22T13:53:59.865+0000] {processor.py:840} INFO - DAG(s) 'day7_customer_churn_pipeline' retrieved from /opt/airflow/dags/customer_churn_pipeline.py
[2025-09-22T13:53:59.896+0000] {logging_mixin.py:188} INFO - [2025-09-22T13:53:59.895+0000] {dag.py:3036} INFO - Sync 1 DAGs
[2025-09-22T13:53:59.911+0000] {logging_mixin.py:188} INFO - [2025-09-22T13:53:59.910+0000] {dag.py:3823} INFO - Setting next_dagrun for day7_customer_churn_pipeline to None, run_after=None
[2025-09-22T13:53:59.941+0000] {processor.py:183} INFO - Processing /opt/airflow/dags/customer_churn_pipeline.py took 1.230 seconds
[2025-09-22T13:54:30.237+0000] {processor.py:161} INFO - Started process (PID=2076) to work on /opt/airflow/dags/customer_churn_pipeline.py
[2025-09-22T13:54:30.240+0000] {processor.py:830} INFO - Processing file /opt/airflow/dags/customer_churn_pipeline.py for tasks to queue
[2025-09-22T13:54:30.249+0000] {logging_mixin.py:188} INFO - [2025-09-22T13:54:30.249+0000] {dagbag.py:538} INFO - Filling up the DagBag from /opt/airflow/dags/customer_churn_pipeline.py
[2025-09-22T13:54:31.443+0000] {processor.py:840} INFO - DAG(s) 'day7_customer_churn_pipeline' retrieved from /opt/airflow/dags/customer_churn_pipeline.py
[2025-09-22T13:54:31.476+0000] {logging_mixin.py:188} INFO - [2025-09-22T13:54:31.475+0000] {dag.py:3036} INFO - Sync 1 DAGs
[2025-09-22T13:54:31.491+0000] {logging_mixin.py:188} INFO - [2025-09-22T13:54:31.491+0000] {dag.py:3823} INFO - Setting next_dagrun for day7_customer_churn_pipeline to None, run_after=None
[2025-09-22T13:54:31.518+0000] {processor.py:183} INFO - Processing /opt/airflow/dags/customer_churn_pipeline.py took 1.287 seconds
[2025-09-22T13:55:02.186+0000] {processor.py:161} INFO - Started process (PID=2095) to work on /opt/airflow/dags/customer_churn_pipeline.py
[2025-09-22T13:55:02.189+0000] {processor.py:830} INFO - Processing file /opt/airflow/dags/customer_churn_pipeline.py for tasks to queue
[2025-09-22T13:55:02.194+0000] {logging_mixin.py:188} INFO - [2025-09-22T13:55:02.193+0000] {dagbag.py:538} INFO - Filling up the DagBag from /opt/airflow/dags/customer_churn_pipeline.py
[2025-09-22T13:55:03.315+0000] {processor.py:840} INFO - DAG(s) 'day7_customer_churn_pipeline' retrieved from /opt/airflow/dags/customer_churn_pipeline.py
[2025-09-22T13:55:03.348+0000] {logging_mixin.py:188} INFO - [2025-09-22T13:55:03.347+0000] {dag.py:3036} INFO - Sync 1 DAGs
[2025-09-22T13:55:03.365+0000] {logging_mixin.py:188} INFO - [2025-09-22T13:55:03.365+0000] {dag.py:3823} INFO - Setting next_dagrun for day7_customer_churn_pipeline to None, run_after=None
[2025-09-22T13:55:03.393+0000] {processor.py:183} INFO - Processing /opt/airflow/dags/customer_churn_pipeline.py took 1.214 seconds
[2025-09-22T13:55:33.799+0000] {processor.py:161} INFO - Started process (PID=2114) to work on /opt/airflow/dags/customer_churn_pipeline.py
[2025-09-22T13:55:33.801+0000] {processor.py:830} INFO - Processing file /opt/airflow/dags/customer_churn_pipeline.py for tasks to queue
[2025-09-22T13:55:33.805+0000] {logging_mixin.py:188} INFO - [2025-09-22T13:55:33.805+0000] {dagbag.py:538} INFO - Filling up the DagBag from /opt/airflow/dags/customer_churn_pipeline.py
[2025-09-22T13:55:34.922+0000] {processor.py:840} INFO - DAG(s) 'day7_customer_churn_pipeline' retrieved from /opt/airflow/dags/customer_churn_pipeline.py
[2025-09-22T13:55:34.955+0000] {logging_mixin.py:188} INFO - [2025-09-22T13:55:34.955+0000] {dag.py:3036} INFO - Sync 1 DAGs
[2025-09-22T13:55:34.974+0000] {logging_mixin.py:188} INFO - [2025-09-22T13:55:34.973+0000] {dag.py:3823} INFO - Setting next_dagrun for day7_customer_churn_pipeline to None, run_after=None
[2025-09-22T13:55:35.009+0000] {processor.py:183} INFO - Processing /opt/airflow/dags/customer_churn_pipeline.py took 1.216 seconds
[2025-09-22T13:56:05.174+0000] {processor.py:161} INFO - Started process (PID=2133) to work on /opt/airflow/dags/customer_churn_pipeline.py
[2025-09-22T13:56:05.176+0000] {processor.py:830} INFO - Processing file /opt/airflow/dags/customer_churn_pipeline.py for tasks to queue
[2025-09-22T13:56:05.180+0000] {logging_mixin.py:188} INFO - [2025-09-22T13:56:05.179+0000] {dagbag.py:538} INFO - Filling up the DagBag from /opt/airflow/dags/customer_churn_pipeline.py
[2025-09-22T13:56:06.530+0000] {processor.py:840} INFO - DAG(s) 'day7_customer_churn_pipeline' retrieved from /opt/airflow/dags/customer_churn_pipeline.py
[2025-09-22T13:56:06.560+0000] {logging_mixin.py:188} INFO - [2025-09-22T13:56:06.559+0000] {dag.py:3036} INFO - Sync 1 DAGs
[2025-09-22T13:56:06.578+0000] {logging_mixin.py:188} INFO - [2025-09-22T13:56:06.578+0000] {dag.py:3823} INFO - Setting next_dagrun for day7_customer_churn_pipeline to None, run_after=None
[2025-09-22T13:56:06.611+0000] {processor.py:183} INFO - Processing /opt/airflow/dags/customer_churn_pipeline.py took 1.442 seconds
[2025-09-22T13:56:36.771+0000] {processor.py:161} INFO - Started process (PID=2152) to work on /opt/airflow/dags/customer_churn_pipeline.py
[2025-09-22T13:56:36.773+0000] {processor.py:830} INFO - Processing file /opt/airflow/dags/customer_churn_pipeline.py for tasks to queue
[2025-09-22T13:56:36.776+0000] {logging_mixin.py:188} INFO - [2025-09-22T13:56:36.776+0000] {dagbag.py:538} INFO - Filling up the DagBag from /opt/airflow/dags/customer_churn_pipeline.py
[2025-09-22T13:56:37.711+0000] {processor.py:840} INFO - DAG(s) 'day7_customer_churn_pipeline' retrieved from /opt/airflow/dags/customer_churn_pipeline.py
[2025-09-22T13:56:37.757+0000] {logging_mixin.py:188} INFO - [2025-09-22T13:56:37.756+0000] {dag.py:3036} INFO - Sync 1 DAGs
[2025-09-22T13:56:37.777+0000] {logging_mixin.py:188} INFO - [2025-09-22T13:56:37.776+0000] {dag.py:3823} INFO - Setting next_dagrun for day7_customer_churn_pipeline to None, run_after=None
[2025-09-22T13:56:37.806+0000] {processor.py:183} INFO - Processing /opt/airflow/dags/customer_churn_pipeline.py took 1.040 seconds
[2025-09-22T13:57:08.429+0000] {processor.py:161} INFO - Started process (PID=2171) to work on /opt/airflow/dags/customer_churn_pipeline.py
[2025-09-22T13:57:08.433+0000] {processor.py:830} INFO - Processing file /opt/airflow/dags/customer_churn_pipeline.py for tasks to queue
[2025-09-22T13:57:08.437+0000] {logging_mixin.py:188} INFO - [2025-09-22T13:57:08.436+0000] {dagbag.py:538} INFO - Filling up the DagBag from /opt/airflow/dags/customer_churn_pipeline.py
[2025-09-22T13:57:09.613+0000] {processor.py:840} INFO - DAG(s) 'day7_customer_churn_pipeline' retrieved from /opt/airflow/dags/customer_churn_pipeline.py
[2025-09-22T13:57:09.633+0000] {logging_mixin.py:188} INFO - [2025-09-22T13:57:09.633+0000] {dag.py:3036} INFO - Sync 1 DAGs
[2025-09-22T13:57:09.643+0000] {logging_mixin.py:188} INFO - [2025-09-22T13:57:09.643+0000] {dag.py:3823} INFO - Setting next_dagrun for day7_customer_churn_pipeline to None, run_after=None
[2025-09-22T13:57:09.662+0000] {processor.py:183} INFO - Processing /opt/airflow/dags/customer_churn_pipeline.py took 1.236 seconds
[2025-09-22T13:57:40.550+0000] {processor.py:161} INFO - Started process (PID=2190) to work on /opt/airflow/dags/customer_churn_pipeline.py
[2025-09-22T13:57:40.552+0000] {processor.py:830} INFO - Processing file /opt/airflow/dags/customer_churn_pipeline.py for tasks to queue
[2025-09-22T13:57:40.555+0000] {logging_mixin.py:188} INFO - [2025-09-22T13:57:40.555+0000] {dagbag.py:538} INFO - Filling up the DagBag from /opt/airflow/dags/customer_churn_pipeline.py
[2025-09-22T13:57:41.573+0000] {processor.py:840} INFO - DAG(s) 'day7_customer_churn_pipeline' retrieved from /opt/airflow/dags/customer_churn_pipeline.py
[2025-09-22T13:57:41.603+0000] {logging_mixin.py:188} INFO - [2025-09-22T13:57:41.603+0000] {dag.py:3036} INFO - Sync 1 DAGs
[2025-09-22T13:57:41.617+0000] {logging_mixin.py:188} INFO - [2025-09-22T13:57:41.616+0000] {dag.py:3823} INFO - Setting next_dagrun for day7_customer_churn_pipeline to None, run_after=None
[2025-09-22T13:57:41.643+0000] {processor.py:183} INFO - Processing /opt/airflow/dags/customer_churn_pipeline.py took 1.097 seconds
[2025-09-22T13:58:11.986+0000] {processor.py:161} INFO - Started process (PID=2209) to work on /opt/airflow/dags/customer_churn_pipeline.py
[2025-09-22T13:58:11.988+0000] {processor.py:830} INFO - Processing file /opt/airflow/dags/customer_churn_pipeline.py for tasks to queue
[2025-09-22T13:58:11.992+0000] {logging_mixin.py:188} INFO - [2025-09-22T13:58:11.992+0000] {dagbag.py:538} INFO - Filling up the DagBag from /opt/airflow/dags/customer_churn_pipeline.py
[2025-09-22T13:58:13.065+0000] {processor.py:840} INFO - DAG(s) 'day7_customer_churn_pipeline' retrieved from /opt/airflow/dags/customer_churn_pipeline.py
[2025-09-22T13:58:13.100+0000] {logging_mixin.py:188} INFO - [2025-09-22T13:58:13.100+0000] {dag.py:3036} INFO - Sync 1 DAGs
[2025-09-22T13:58:13.110+0000] {logging_mixin.py:188} INFO - [2025-09-22T13:58:13.110+0000] {dag.py:3823} INFO - Setting next_dagrun for day7_customer_churn_pipeline to None, run_after=None
[2025-09-22T13:58:13.143+0000] {processor.py:183} INFO - Processing /opt/airflow/dags/customer_churn_pipeline.py took 1.163 seconds
[2025-09-22T13:58:43.746+0000] {processor.py:161} INFO - Started process (PID=2228) to work on /opt/airflow/dags/customer_churn_pipeline.py
[2025-09-22T13:58:43.748+0000] {processor.py:830} INFO - Processing file /opt/airflow/dags/customer_churn_pipeline.py for tasks to queue
[2025-09-22T13:58:43.752+0000] {logging_mixin.py:188} INFO - [2025-09-22T13:58:43.751+0000] {dagbag.py:538} INFO - Filling up the DagBag from /opt/airflow/dags/customer_churn_pipeline.py
[2025-09-22T13:58:44.756+0000] {processor.py:840} INFO - DAG(s) 'day7_customer_churn_pipeline' retrieved from /opt/airflow/dags/customer_churn_pipeline.py
[2025-09-22T13:58:44.782+0000] {logging_mixin.py:188} INFO - [2025-09-22T13:58:44.781+0000] {dag.py:3036} INFO - Sync 1 DAGs
[2025-09-22T13:58:44.796+0000] {logging_mixin.py:188} INFO - [2025-09-22T13:58:44.796+0000] {dag.py:3823} INFO - Setting next_dagrun for day7_customer_churn_pipeline to None, run_after=None
[2025-09-22T13:58:44.825+0000] {processor.py:183} INFO - Processing /opt/airflow/dags/customer_churn_pipeline.py took 1.085 seconds
[2025-09-22T13:59:15.554+0000] {processor.py:161} INFO - Started process (PID=2247) to work on /opt/airflow/dags/customer_churn_pipeline.py
[2025-09-22T13:59:15.556+0000] {processor.py:830} INFO - Processing file /opt/airflow/dags/customer_churn_pipeline.py for tasks to queue
[2025-09-22T13:59:15.562+0000] {logging_mixin.py:188} INFO - [2025-09-22T13:59:15.561+0000] {dagbag.py:538} INFO - Filling up the DagBag from /opt/airflow/dags/customer_churn_pipeline.py
[2025-09-22T13:59:16.642+0000] {processor.py:840} INFO - DAG(s) 'day7_customer_churn_pipeline' retrieved from /opt/airflow/dags/customer_churn_pipeline.py
[2025-09-22T13:59:16.674+0000] {logging_mixin.py:188} INFO - [2025-09-22T13:59:16.673+0000] {dag.py:3036} INFO - Sync 1 DAGs
[2025-09-22T13:59:16.688+0000] {logging_mixin.py:188} INFO - [2025-09-22T13:59:16.688+0000] {dag.py:3823} INFO - Setting next_dagrun for day7_customer_churn_pipeline to None, run_after=None
[2025-09-22T13:59:16.721+0000] {processor.py:183} INFO - Processing /opt/airflow/dags/customer_churn_pipeline.py took 1.172 seconds
[2025-09-22T13:59:47.596+0000] {processor.py:161} INFO - Started process (PID=2266) to work on /opt/airflow/dags/customer_churn_pipeline.py
[2025-09-22T13:59:47.599+0000] {processor.py:830} INFO - Processing file /opt/airflow/dags/customer_churn_pipeline.py for tasks to queue
[2025-09-22T13:59:47.604+0000] {logging_mixin.py:188} INFO - [2025-09-22T13:59:47.604+0000] {dagbag.py:538} INFO - Filling up the DagBag from /opt/airflow/dags/customer_churn_pipeline.py
[2025-09-22T13:59:48.622+0000] {processor.py:840} INFO - DAG(s) 'day7_customer_churn_pipeline' retrieved from /opt/airflow/dags/customer_churn_pipeline.py
[2025-09-22T13:59:48.648+0000] {logging_mixin.py:188} INFO - [2025-09-22T13:59:48.648+0000] {dag.py:3036} INFO - Sync 1 DAGs
[2025-09-22T13:59:48.660+0000] {logging_mixin.py:188} INFO - [2025-09-22T13:59:48.659+0000] {dag.py:3823} INFO - Setting next_dagrun for day7_customer_churn_pipeline to None, run_after=None
[2025-09-22T13:59:48.686+0000] {processor.py:183} INFO - Processing /opt/airflow/dags/customer_churn_pipeline.py took 1.098 seconds
[2025-09-22T14:00:19.489+0000] {processor.py:161} INFO - Started process (PID=2285) to work on /opt/airflow/dags/customer_churn_pipeline.py
[2025-09-22T14:00:19.491+0000] {processor.py:830} INFO - Processing file /opt/airflow/dags/customer_churn_pipeline.py for tasks to queue
[2025-09-22T14:00:19.493+0000] {logging_mixin.py:188} INFO - [2025-09-22T14:00:19.493+0000] {dagbag.py:538} INFO - Filling up the DagBag from /opt/airflow/dags/customer_churn_pipeline.py
[2025-09-22T14:00:20.410+0000] {processor.py:840} INFO - DAG(s) 'day7_customer_churn_pipeline' retrieved from /opt/airflow/dags/customer_churn_pipeline.py
[2025-09-22T14:00:20.442+0000] {logging_mixin.py:188} INFO - [2025-09-22T14:00:20.442+0000] {dag.py:3036} INFO - Sync 1 DAGs
[2025-09-22T14:00:20.453+0000] {logging_mixin.py:188} INFO - [2025-09-22T14:00:20.453+0000] {dag.py:3823} INFO - Setting next_dagrun for day7_customer_churn_pipeline to None, run_after=None
[2025-09-22T14:00:20.484+0000] {processor.py:183} INFO - Processing /opt/airflow/dags/customer_churn_pipeline.py took 0.997 seconds
[2025-09-22T14:00:50.943+0000] {processor.py:161} INFO - Started process (PID=2304) to work on /opt/airflow/dags/customer_churn_pipeline.py
[2025-09-22T14:00:50.945+0000] {processor.py:830} INFO - Processing file /opt/airflow/dags/customer_churn_pipeline.py for tasks to queue
[2025-09-22T14:00:50.948+0000] {logging_mixin.py:188} INFO - [2025-09-22T14:00:50.947+0000] {dagbag.py:538} INFO - Filling up the DagBag from /opt/airflow/dags/customer_churn_pipeline.py
[2025-09-22T14:00:51.926+0000] {processor.py:840} INFO - DAG(s) 'day7_customer_churn_pipeline' retrieved from /opt/airflow/dags/customer_churn_pipeline.py
[2025-09-22T14:00:51.955+0000] {logging_mixin.py:188} INFO - [2025-09-22T14:00:51.954+0000] {dag.py:3036} INFO - Sync 1 DAGs
[2025-09-22T14:00:51.966+0000] {logging_mixin.py:188} INFO - [2025-09-22T14:00:51.965+0000] {dag.py:3823} INFO - Setting next_dagrun for day7_customer_churn_pipeline to None, run_after=None
[2025-09-22T14:00:51.990+0000] {processor.py:183} INFO - Processing /opt/airflow/dags/customer_churn_pipeline.py took 1.052 seconds
[2025-09-22T14:01:22.411+0000] {processor.py:161} INFO - Started process (PID=2323) to work on /opt/airflow/dags/customer_churn_pipeline.py
[2025-09-22T14:01:22.412+0000] {processor.py:830} INFO - Processing file /opt/airflow/dags/customer_churn_pipeline.py for tasks to queue
[2025-09-22T14:01:22.418+0000] {logging_mixin.py:188} INFO - [2025-09-22T14:01:22.417+0000] {dagbag.py:538} INFO - Filling up the DagBag from /opt/airflow/dags/customer_churn_pipeline.py
[2025-09-22T14:01:23.440+0000] {processor.py:840} INFO - DAG(s) 'day7_customer_churn_pipeline' retrieved from /opt/airflow/dags/customer_churn_pipeline.py
[2025-09-22T14:01:23.466+0000] {logging_mixin.py:188} INFO - [2025-09-22T14:01:23.465+0000] {dag.py:3036} INFO - Sync 1 DAGs
[2025-09-22T14:01:23.480+0000] {logging_mixin.py:188} INFO - [2025-09-22T14:01:23.480+0000] {dag.py:3823} INFO - Setting next_dagrun for day7_customer_churn_pipeline to None, run_after=None
[2025-09-22T14:01:23.514+0000] {processor.py:183} INFO - Processing /opt/airflow/dags/customer_churn_pipeline.py took 1.106 seconds
[2025-09-22T14:01:53.986+0000] {processor.py:161} INFO - Started process (PID=2342) to work on /opt/airflow/dags/customer_churn_pipeline.py
[2025-09-22T14:01:53.989+0000] {processor.py:830} INFO - Processing file /opt/airflow/dags/customer_churn_pipeline.py for tasks to queue
[2025-09-22T14:01:53.994+0000] {logging_mixin.py:188} INFO - [2025-09-22T14:01:53.994+0000] {dagbag.py:538} INFO - Filling up the DagBag from /opt/airflow/dags/customer_churn_pipeline.py
[2025-09-22T14:01:55.642+0000] {processor.py:840} INFO - DAG(s) 'day7_customer_churn_pipeline' retrieved from /opt/airflow/dags/customer_churn_pipeline.py
[2025-09-22T14:01:55.688+0000] {logging_mixin.py:188} INFO - [2025-09-22T14:01:55.687+0000] {dag.py:3036} INFO - Sync 1 DAGs
[2025-09-22T14:01:55.708+0000] {logging_mixin.py:188} INFO - [2025-09-22T14:01:55.707+0000] {dag.py:3823} INFO - Setting next_dagrun for day7_customer_churn_pipeline to None, run_after=None
[2025-09-22T14:01:55.747+0000] {processor.py:183} INFO - Processing /opt/airflow/dags/customer_churn_pipeline.py took 1.765 seconds
[2025-09-22T14:02:26.297+0000] {processor.py:161} INFO - Started process (PID=2361) to work on /opt/airflow/dags/customer_churn_pipeline.py
[2025-09-22T14:02:26.299+0000] {processor.py:830} INFO - Processing file /opt/airflow/dags/customer_churn_pipeline.py for tasks to queue
[2025-09-22T14:02:26.303+0000] {logging_mixin.py:188} INFO - [2025-09-22T14:02:26.302+0000] {dagbag.py:538} INFO - Filling up the DagBag from /opt/airflow/dags/customer_churn_pipeline.py
[2025-09-22T14:02:27.754+0000] {processor.py:840} INFO - DAG(s) 'day7_customer_churn_pipeline' retrieved from /opt/airflow/dags/customer_churn_pipeline.py
[2025-09-22T14:02:27.803+0000] {logging_mixin.py:188} INFO - [2025-09-22T14:02:27.802+0000] {dag.py:3036} INFO - Sync 1 DAGs
[2025-09-22T14:02:27.825+0000] {logging_mixin.py:188} INFO - [2025-09-22T14:02:27.824+0000] {dag.py:3823} INFO - Setting next_dagrun for day7_customer_churn_pipeline to None, run_after=None
[2025-09-22T14:02:27.873+0000] {processor.py:183} INFO - Processing /opt/airflow/dags/customer_churn_pipeline.py took 1.581 seconds
[2025-09-22T14:02:58.371+0000] {processor.py:161} INFO - Started process (PID=2380) to work on /opt/airflow/dags/customer_churn_pipeline.py
[2025-09-22T14:02:58.375+0000] {processor.py:830} INFO - Processing file /opt/airflow/dags/customer_churn_pipeline.py for tasks to queue
[2025-09-22T14:02:58.381+0000] {logging_mixin.py:188} INFO - [2025-09-22T14:02:58.380+0000] {dagbag.py:538} INFO - Filling up the DagBag from /opt/airflow/dags/customer_churn_pipeline.py
[2025-09-22T14:02:59.853+0000] {processor.py:840} INFO - DAG(s) 'day7_customer_churn_pipeline' retrieved from /opt/airflow/dags/customer_churn_pipeline.py
[2025-09-22T14:02:59.901+0000] {logging_mixin.py:188} INFO - [2025-09-22T14:02:59.900+0000] {dag.py:3036} INFO - Sync 1 DAGs
[2025-09-22T14:02:59.923+0000] {logging_mixin.py:188} INFO - [2025-09-22T14:02:59.922+0000] {dag.py:3823} INFO - Setting next_dagrun for day7_customer_churn_pipeline to None, run_after=None
[2025-09-22T14:02:59.967+0000] {processor.py:183} INFO - Processing /opt/airflow/dags/customer_churn_pipeline.py took 1.612 seconds
[2025-09-22T14:03:30.385+0000] {processor.py:161} INFO - Started process (PID=2399) to work on /opt/airflow/dags/customer_churn_pipeline.py
[2025-09-22T14:03:30.388+0000] {processor.py:830} INFO - Processing file /opt/airflow/dags/customer_churn_pipeline.py for tasks to queue
[2025-09-22T14:03:30.393+0000] {logging_mixin.py:188} INFO - [2025-09-22T14:03:30.392+0000] {dagbag.py:538} INFO - Filling up the DagBag from /opt/airflow/dags/customer_churn_pipeline.py
[2025-09-22T14:03:31.870+0000] {processor.py:840} INFO - DAG(s) 'day7_customer_churn_pipeline' retrieved from /opt/airflow/dags/customer_churn_pipeline.py
[2025-09-22T14:03:31.911+0000] {logging_mixin.py:188} INFO - [2025-09-22T14:03:31.910+0000] {dag.py:3036} INFO - Sync 1 DAGs
[2025-09-22T14:03:31.934+0000] {logging_mixin.py:188} INFO - [2025-09-22T14:03:31.933+0000] {dag.py:3823} INFO - Setting next_dagrun for day7_customer_churn_pipeline to None, run_after=None
[2025-09-22T14:03:31.977+0000] {processor.py:183} INFO - Processing /opt/airflow/dags/customer_churn_pipeline.py took 1.600 seconds
[2025-09-22T14:04:02.881+0000] {processor.py:161} INFO - Started process (PID=2418) to work on /opt/airflow/dags/customer_churn_pipeline.py
[2025-09-22T14:04:02.883+0000] {processor.py:830} INFO - Processing file /opt/airflow/dags/customer_churn_pipeline.py for tasks to queue
[2025-09-22T14:04:02.888+0000] {logging_mixin.py:188} INFO - [2025-09-22T14:04:02.887+0000] {dagbag.py:538} INFO - Filling up the DagBag from /opt/airflow/dags/customer_churn_pipeline.py
[2025-09-22T14:04:04.314+0000] {processor.py:840} INFO - DAG(s) 'day7_customer_churn_pipeline' retrieved from /opt/airflow/dags/customer_churn_pipeline.py
[2025-09-22T14:04:04.359+0000] {logging_mixin.py:188} INFO - [2025-09-22T14:04:04.358+0000] {dag.py:3036} INFO - Sync 1 DAGs
[2025-09-22T14:04:04.380+0000] {logging_mixin.py:188} INFO - [2025-09-22T14:04:04.380+0000] {dag.py:3823} INFO - Setting next_dagrun for day7_customer_churn_pipeline to None, run_after=None
[2025-09-22T14:04:04.414+0000] {processor.py:183} INFO - Processing /opt/airflow/dags/customer_churn_pipeline.py took 1.540 seconds
[2025-09-22T14:04:34.800+0000] {processor.py:161} INFO - Started process (PID=2437) to work on /opt/airflow/dags/customer_churn_pipeline.py
[2025-09-22T14:04:34.802+0000] {processor.py:830} INFO - Processing file /opt/airflow/dags/customer_churn_pipeline.py for tasks to queue
[2025-09-22T14:04:34.807+0000] {logging_mixin.py:188} INFO - [2025-09-22T14:04:34.806+0000] {dagbag.py:538} INFO - Filling up the DagBag from /opt/airflow/dags/customer_churn_pipeline.py
[2025-09-22T14:04:36.408+0000] {processor.py:840} INFO - DAG(s) 'day7_customer_churn_pipeline' retrieved from /opt/airflow/dags/customer_churn_pipeline.py
[2025-09-22T14:04:36.452+0000] {logging_mixin.py:188} INFO - [2025-09-22T14:04:36.451+0000] {dag.py:3036} INFO - Sync 1 DAGs
[2025-09-22T14:04:36.473+0000] {logging_mixin.py:188} INFO - [2025-09-22T14:04:36.472+0000] {dag.py:3823} INFO - Setting next_dagrun for day7_customer_churn_pipeline to None, run_after=None
[2025-09-22T14:04:36.514+0000] {processor.py:183} INFO - Processing /opt/airflow/dags/customer_churn_pipeline.py took 1.721 seconds
[2025-09-22T14:05:07.459+0000] {processor.py:161} INFO - Started process (PID=2456) to work on /opt/airflow/dags/customer_churn_pipeline.py
[2025-09-22T14:05:07.464+0000] {processor.py:830} INFO - Processing file /opt/airflow/dags/customer_churn_pipeline.py for tasks to queue
[2025-09-22T14:05:07.470+0000] {logging_mixin.py:188} INFO - [2025-09-22T14:05:07.469+0000] {dagbag.py:538} INFO - Filling up the DagBag from /opt/airflow/dags/customer_churn_pipeline.py
[2025-09-22T14:05:08.986+0000] {processor.py:840} INFO - DAG(s) 'day7_customer_churn_pipeline' retrieved from /opt/airflow/dags/customer_churn_pipeline.py
[2025-09-22T14:05:09.030+0000] {logging_mixin.py:188} INFO - [2025-09-22T14:05:09.029+0000] {dag.py:3036} INFO - Sync 1 DAGs
[2025-09-22T14:05:09.050+0000] {logging_mixin.py:188} INFO - [2025-09-22T14:05:09.049+0000] {dag.py:3823} INFO - Setting next_dagrun for day7_customer_churn_pipeline to None, run_after=None
[2025-09-22T14:05:09.089+0000] {processor.py:183} INFO - Processing /opt/airflow/dags/customer_churn_pipeline.py took 1.639 seconds
[2025-09-22T14:05:39.535+0000] {processor.py:161} INFO - Started process (PID=2475) to work on /opt/airflow/dags/customer_churn_pipeline.py
[2025-09-22T14:05:39.538+0000] {processor.py:830} INFO - Processing file /opt/airflow/dags/customer_churn_pipeline.py for tasks to queue
[2025-09-22T14:05:39.543+0000] {logging_mixin.py:188} INFO - [2025-09-22T14:05:39.542+0000] {dagbag.py:538} INFO - Filling up the DagBag from /opt/airflow/dags/customer_churn_pipeline.py
[2025-09-22T14:05:41.067+0000] {processor.py:840} INFO - DAG(s) 'day7_customer_churn_pipeline' retrieved from /opt/airflow/dags/customer_churn_pipeline.py
[2025-09-22T14:05:41.100+0000] {logging_mixin.py:188} INFO - [2025-09-22T14:05:41.100+0000] {dag.py:3036} INFO - Sync 1 DAGs
[2025-09-22T14:05:41.121+0000] {logging_mixin.py:188} INFO - [2025-09-22T14:05:41.120+0000] {dag.py:3823} INFO - Setting next_dagrun for day7_customer_churn_pipeline to None, run_after=None
[2025-09-22T14:05:41.159+0000] {processor.py:183} INFO - Processing /opt/airflow/dags/customer_churn_pipeline.py took 1.630 seconds
[2025-09-22T14:06:11.805+0000] {processor.py:161} INFO - Started process (PID=2494) to work on /opt/airflow/dags/customer_churn_pipeline.py
[2025-09-22T14:06:11.807+0000] {processor.py:830} INFO - Processing file /opt/airflow/dags/customer_churn_pipeline.py for tasks to queue
[2025-09-22T14:06:11.810+0000] {logging_mixin.py:188} INFO - [2025-09-22T14:06:11.810+0000] {dagbag.py:538} INFO - Filling up the DagBag from /opt/airflow/dags/customer_churn_pipeline.py
[2025-09-22T14:06:13.224+0000] {processor.py:840} INFO - DAG(s) 'day7_customer_churn_pipeline' retrieved from /opt/airflow/dags/customer_churn_pipeline.py
[2025-09-22T14:06:13.275+0000] {logging_mixin.py:188} INFO - [2025-09-22T14:06:13.274+0000] {dag.py:3036} INFO - Sync 1 DAGs
[2025-09-22T14:06:13.300+0000] {logging_mixin.py:188} INFO - [2025-09-22T14:06:13.300+0000] {dag.py:3823} INFO - Setting next_dagrun for day7_customer_churn_pipeline to None, run_after=None
[2025-09-22T14:06:13.343+0000] {processor.py:183} INFO - Processing /opt/airflow/dags/customer_churn_pipeline.py took 1.544 seconds
[2025-09-22T14:06:44.010+0000] {processor.py:161} INFO - Started process (PID=2513) to work on /opt/airflow/dags/customer_churn_pipeline.py
[2025-09-22T14:06:44.013+0000] {processor.py:830} INFO - Processing file /opt/airflow/dags/customer_churn_pipeline.py for tasks to queue
[2025-09-22T14:06:44.021+0000] {logging_mixin.py:188} INFO - [2025-09-22T14:06:44.020+0000] {dagbag.py:538} INFO - Filling up the DagBag from /opt/airflow/dags/customer_churn_pipeline.py
[2025-09-22T14:06:45.491+0000] {processor.py:840} INFO - DAG(s) 'day7_customer_churn_pipeline' retrieved from /opt/airflow/dags/customer_churn_pipeline.py
[2025-09-22T14:06:45.544+0000] {logging_mixin.py:188} INFO - [2025-09-22T14:06:45.543+0000] {dag.py:3036} INFO - Sync 1 DAGs
[2025-09-22T14:06:45.563+0000] {logging_mixin.py:188} INFO - [2025-09-22T14:06:45.562+0000] {dag.py:3823} INFO - Setting next_dagrun for day7_customer_churn_pipeline to None, run_after=None
[2025-09-22T14:06:45.605+0000] {processor.py:183} INFO - Processing /opt/airflow/dags/customer_churn_pipeline.py took 1.601 seconds
[2025-09-22T14:07:15.859+0000] {processor.py:161} INFO - Started process (PID=2532) to work on /opt/airflow/dags/customer_churn_pipeline.py
[2025-09-22T14:07:15.862+0000] {processor.py:830} INFO - Processing file /opt/airflow/dags/customer_churn_pipeline.py for tasks to queue
[2025-09-22T14:07:15.865+0000] {logging_mixin.py:188} INFO - [2025-09-22T14:07:15.865+0000] {dagbag.py:538} INFO - Filling up the DagBag from /opt/airflow/dags/customer_churn_pipeline.py
[2025-09-22T14:07:17.432+0000] {processor.py:840} INFO - DAG(s) 'day7_customer_churn_pipeline' retrieved from /opt/airflow/dags/customer_churn_pipeline.py
[2025-09-22T14:07:17.492+0000] {logging_mixin.py:188} INFO - [2025-09-22T14:07:17.491+0000] {dag.py:3036} INFO - Sync 1 DAGs
[2025-09-22T14:07:17.518+0000] {logging_mixin.py:188} INFO - [2025-09-22T14:07:17.516+0000] {dag.py:3823} INFO - Setting next_dagrun for day7_customer_churn_pipeline to None, run_after=None
[2025-09-22T14:07:17.556+0000] {processor.py:183} INFO - Processing /opt/airflow/dags/customer_churn_pipeline.py took 1.703 seconds
[2025-09-22T14:07:47.905+0000] {processor.py:161} INFO - Started process (PID=2551) to work on /opt/airflow/dags/customer_churn_pipeline.py
[2025-09-22T14:07:47.909+0000] {processor.py:830} INFO - Processing file /opt/airflow/dags/customer_churn_pipeline.py for tasks to queue
[2025-09-22T14:07:47.915+0000] {logging_mixin.py:188} INFO - [2025-09-22T14:07:47.914+0000] {dagbag.py:538} INFO - Filling up the DagBag from /opt/airflow/dags/customer_churn_pipeline.py
[2025-09-22T14:07:49.304+0000] {processor.py:840} INFO - DAG(s) 'day7_customer_churn_pipeline' retrieved from /opt/airflow/dags/customer_churn_pipeline.py
[2025-09-22T14:07:49.347+0000] {logging_mixin.py:188} INFO - [2025-09-22T14:07:49.346+0000] {dag.py:3036} INFO - Sync 1 DAGs
[2025-09-22T14:07:49.370+0000] {logging_mixin.py:188} INFO - [2025-09-22T14:07:49.369+0000] {dag.py:3823} INFO - Setting next_dagrun for day7_customer_churn_pipeline to None, run_after=None
[2025-09-22T14:07:49.400+0000] {processor.py:183} INFO - Processing /opt/airflow/dags/customer_churn_pipeline.py took 1.502 seconds
[2025-09-22T14:08:19.720+0000] {processor.py:161} INFO - Started process (PID=2570) to work on /opt/airflow/dags/customer_churn_pipeline.py
[2025-09-22T14:08:19.724+0000] {processor.py:830} INFO - Processing file /opt/airflow/dags/customer_churn_pipeline.py for tasks to queue
[2025-09-22T14:08:19.729+0000] {logging_mixin.py:188} INFO - [2025-09-22T14:08:19.728+0000] {dagbag.py:538} INFO - Filling up the DagBag from /opt/airflow/dags/customer_churn_pipeline.py
[2025-09-22T14:08:21.297+0000] {processor.py:840} INFO - DAG(s) 'day7_customer_churn_pipeline' retrieved from /opt/airflow/dags/customer_churn_pipeline.py
[2025-09-22T14:08:21.349+0000] {logging_mixin.py:188} INFO - [2025-09-22T14:08:21.349+0000] {dag.py:3036} INFO - Sync 1 DAGs
[2025-09-22T14:08:21.370+0000] {logging_mixin.py:188} INFO - [2025-09-22T14:08:21.369+0000] {dag.py:3823} INFO - Setting next_dagrun for day7_customer_churn_pipeline to None, run_after=None
[2025-09-22T14:08:21.411+0000] {processor.py:183} INFO - Processing /opt/airflow/dags/customer_churn_pipeline.py took 1.701 seconds
[2025-09-22T14:08:51.505+0000] {processor.py:161} INFO - Started process (PID=2589) to work on /opt/airflow/dags/customer_churn_pipeline.py
[2025-09-22T14:08:51.509+0000] {processor.py:830} INFO - Processing file /opt/airflow/dags/customer_churn_pipeline.py for tasks to queue
[2025-09-22T14:08:51.516+0000] {logging_mixin.py:188} INFO - [2025-09-22T14:08:51.515+0000] {dagbag.py:538} INFO - Filling up the DagBag from /opt/airflow/dags/customer_churn_pipeline.py
[2025-09-22T14:08:53.142+0000] {processor.py:840} INFO - DAG(s) 'day7_customer_churn_pipeline' retrieved from /opt/airflow/dags/customer_churn_pipeline.py
[2025-09-22T14:08:53.201+0000] {logging_mixin.py:188} INFO - [2025-09-22T14:08:53.200+0000] {dag.py:3036} INFO - Sync 1 DAGs
[2025-09-22T14:08:53.226+0000] {logging_mixin.py:188} INFO - [2025-09-22T14:08:53.225+0000] {dag.py:3823} INFO - Setting next_dagrun for day7_customer_churn_pipeline to None, run_after=None
[2025-09-22T14:08:53.261+0000] {processor.py:183} INFO - Processing /opt/airflow/dags/customer_churn_pipeline.py took 1.764 seconds
[2025-09-22T14:09:23.746+0000] {processor.py:161} INFO - Started process (PID=2608) to work on /opt/airflow/dags/customer_churn_pipeline.py
[2025-09-22T14:09:23.749+0000] {processor.py:830} INFO - Processing file /opt/airflow/dags/customer_churn_pipeline.py for tasks to queue
[2025-09-22T14:09:23.754+0000] {logging_mixin.py:188} INFO - [2025-09-22T14:09:23.753+0000] {dagbag.py:538} INFO - Filling up the DagBag from /opt/airflow/dags/customer_churn_pipeline.py
[2025-09-22T14:09:25.359+0000] {processor.py:840} INFO - DAG(s) 'day7_customer_churn_pipeline' retrieved from /opt/airflow/dags/customer_churn_pipeline.py
[2025-09-22T14:09:25.399+0000] {logging_mixin.py:188} INFO - [2025-09-22T14:09:25.398+0000] {dag.py:3036} INFO - Sync 1 DAGs
[2025-09-22T14:09:25.417+0000] {logging_mixin.py:188} INFO - [2025-09-22T14:09:25.417+0000] {dag.py:3823} INFO - Setting next_dagrun for day7_customer_churn_pipeline to None, run_after=None
[2025-09-22T14:09:25.470+0000] {processor.py:183} INFO - Processing /opt/airflow/dags/customer_churn_pipeline.py took 1.733 seconds
[2025-09-22T14:09:56.563+0000] {processor.py:161} INFO - Started process (PID=2627) to work on /opt/airflow/dags/customer_churn_pipeline.py
[2025-09-22T14:09:56.565+0000] {processor.py:830} INFO - Processing file /opt/airflow/dags/customer_churn_pipeline.py for tasks to queue
[2025-09-22T14:09:56.568+0000] {logging_mixin.py:188} INFO - [2025-09-22T14:09:56.568+0000] {dagbag.py:538} INFO - Filling up the DagBag from /opt/airflow/dags/customer_churn_pipeline.py
[2025-09-22T14:09:58.244+0000] {processor.py:840} INFO - DAG(s) 'day7_customer_churn_pipeline' retrieved from /opt/airflow/dags/customer_churn_pipeline.py
[2025-09-22T14:09:58.286+0000] {logging_mixin.py:188} INFO - [2025-09-22T14:09:58.285+0000] {dag.py:3036} INFO - Sync 1 DAGs
[2025-09-22T14:09:58.304+0000] {logging_mixin.py:188} INFO - [2025-09-22T14:09:58.304+0000] {dag.py:3823} INFO - Setting next_dagrun for day7_customer_churn_pipeline to None, run_after=None
[2025-09-22T14:09:58.337+0000] {processor.py:183} INFO - Processing /opt/airflow/dags/customer_churn_pipeline.py took 1.779 seconds
[2025-09-22T14:10:28.616+0000] {processor.py:161} INFO - Started process (PID=2646) to work on /opt/airflow/dags/customer_churn_pipeline.py
[2025-09-22T14:10:28.618+0000] {processor.py:830} INFO - Processing file /opt/airflow/dags/customer_churn_pipeline.py for tasks to queue
[2025-09-22T14:10:28.623+0000] {logging_mixin.py:188} INFO - [2025-09-22T14:10:28.622+0000] {dagbag.py:538} INFO - Filling up the DagBag from /opt/airflow/dags/customer_churn_pipeline.py
[2025-09-22T14:10:30.064+0000] {processor.py:840} INFO - DAG(s) 'day7_customer_churn_pipeline' retrieved from /opt/airflow/dags/customer_churn_pipeline.py
[2025-09-22T14:10:30.112+0000] {logging_mixin.py:188} INFO - [2025-09-22T14:10:30.111+0000] {dag.py:3036} INFO - Sync 1 DAGs
[2025-09-22T14:10:30.132+0000] {logging_mixin.py:188} INFO - [2025-09-22T14:10:30.131+0000] {dag.py:3823} INFO - Setting next_dagrun for day7_customer_churn_pipeline to None, run_after=None
[2025-09-22T14:10:30.184+0000] {processor.py:183} INFO - Processing /opt/airflow/dags/customer_churn_pipeline.py took 1.574 seconds
[2025-09-22T14:11:00.961+0000] {processor.py:161} INFO - Started process (PID=2665) to work on /opt/airflow/dags/customer_churn_pipeline.py
[2025-09-22T14:11:00.965+0000] {processor.py:830} INFO - Processing file /opt/airflow/dags/customer_churn_pipeline.py for tasks to queue
[2025-09-22T14:11:00.971+0000] {logging_mixin.py:188} INFO - [2025-09-22T14:11:00.970+0000] {dagbag.py:538} INFO - Filling up the DagBag from /opt/airflow/dags/customer_churn_pipeline.py
[2025-09-22T14:11:00.228+0000] {processor.py:840} INFO - DAG(s) 'day7_customer_churn_pipeline' retrieved from /opt/airflow/dags/customer_churn_pipeline.py
[2025-09-22T14:11:00.290+0000] {logging_mixin.py:188} INFO - [2025-09-22T14:11:00.289+0000] {dag.py:3036} INFO - Sync 1 DAGs
[2025-09-22T14:11:00.315+0000] {logging_mixin.py:188} INFO - [2025-09-22T14:11:00.315+0000] {dag.py:3823} INFO - Setting next_dagrun for day7_customer_churn_pipeline to None, run_after=None
[2025-09-22T14:11:00.349+0000] {processor.py:183} INFO - Processing /opt/airflow/dags/customer_churn_pipeline.py took 1.708 seconds
[2025-09-22T14:11:30.873+0000] {processor.py:161} INFO - Started process (PID=2684) to work on /opt/airflow/dags/customer_churn_pipeline.py
[2025-09-22T14:11:30.876+0000] {processor.py:830} INFO - Processing file /opt/airflow/dags/customer_churn_pipeline.py for tasks to queue
[2025-09-22T14:11:30.880+0000] {logging_mixin.py:188} INFO - [2025-09-22T14:11:30.879+0000] {dagbag.py:538} INFO - Filling up the DagBag from /opt/airflow/dags/customer_churn_pipeline.py
[2025-09-22T14:11:32.304+0000] {processor.py:840} INFO - DAG(s) 'day7_customer_churn_pipeline' retrieved from /opt/airflow/dags/customer_churn_pipeline.py
[2025-09-22T14:11:32.351+0000] {logging_mixin.py:188} INFO - [2025-09-22T14:11:32.350+0000] {dag.py:3036} INFO - Sync 1 DAGs
[2025-09-22T14:11:32.372+0000] {logging_mixin.py:188} INFO - [2025-09-22T14:11:32.372+0000] {dag.py:3823} INFO - Setting next_dagrun for day7_customer_churn_pipeline to None, run_after=None
[2025-09-22T14:11:32.421+0000] {processor.py:183} INFO - Processing /opt/airflow/dags/customer_churn_pipeline.py took 1.556 seconds
[2025-09-22T14:12:03.286+0000] {processor.py:161} INFO - Started process (PID=2703) to work on /opt/airflow/dags/customer_churn_pipeline.py
[2025-09-22T14:12:03.288+0000] {processor.py:830} INFO - Processing file /opt/airflow/dags/customer_churn_pipeline.py for tasks to queue
[2025-09-22T14:12:03.292+0000] {logging_mixin.py:188} INFO - [2025-09-22T14:12:03.291+0000] {dagbag.py:538} INFO - Filling up the DagBag from /opt/airflow/dags/customer_churn_pipeline.py
[2025-09-22T14:12:04.671+0000] {processor.py:840} INFO - DAG(s) 'day7_customer_churn_pipeline' retrieved from /opt/airflow/dags/customer_churn_pipeline.py
[2025-09-22T14:12:04.711+0000] {logging_mixin.py:188} INFO - [2025-09-22T14:12:04.710+0000] {dag.py:3036} INFO - Sync 1 DAGs
[2025-09-22T14:12:04.735+0000] {logging_mixin.py:188} INFO - [2025-09-22T14:12:04.735+0000] {dag.py:3823} INFO - Setting next_dagrun for day7_customer_churn_pipeline to None, run_after=None
[2025-09-22T14:12:04.786+0000] {processor.py:183} INFO - Processing /opt/airflow/dags/customer_churn_pipeline.py took 1.506 seconds
[2025-09-22T14:12:35.680+0000] {processor.py:161} INFO - Started process (PID=2722) to work on /opt/airflow/dags/customer_churn_pipeline.py
[2025-09-22T14:12:35.683+0000] {processor.py:830} INFO - Processing file /opt/airflow/dags/customer_churn_pipeline.py for tasks to queue
[2025-09-22T14:12:35.686+0000] {logging_mixin.py:188} INFO - [2025-09-22T14:12:35.685+0000] {dagbag.py:538} INFO - Filling up the DagBag from /opt/airflow/dags/customer_churn_pipeline.py
[2025-09-22T14:12:37.228+0000] {processor.py:840} INFO - DAG(s) 'day7_customer_churn_pipeline' retrieved from /opt/airflow/dags/customer_churn_pipeline.py
[2025-09-22T14:12:37.281+0000] {logging_mixin.py:188} INFO - [2025-09-22T14:12:37.280+0000] {dag.py:3036} INFO - Sync 1 DAGs
[2025-09-22T14:12:37.302+0000] {logging_mixin.py:188} INFO - [2025-09-22T14:12:37.302+0000] {dag.py:3823} INFO - Setting next_dagrun for day7_customer_churn_pipeline to None, run_after=None
[2025-09-22T14:12:37.355+0000] {processor.py:183} INFO - Processing /opt/airflow/dags/customer_churn_pipeline.py took 1.680 seconds
[2025-09-22T14:13:08.134+0000] {processor.py:161} INFO - Started process (PID=2741) to work on /opt/airflow/dags/customer_churn_pipeline.py
[2025-09-22T14:13:08.137+0000] {processor.py:830} INFO - Processing file /opt/airflow/dags/customer_churn_pipeline.py for tasks to queue
[2025-09-22T14:13:08.140+0000] {logging_mixin.py:188} INFO - [2025-09-22T14:13:08.140+0000] {dagbag.py:538} INFO - Filling up the DagBag from /opt/airflow/dags/customer_churn_pipeline.py
[2025-09-22T14:13:09.659+0000] {processor.py:840} INFO - DAG(s) 'day7_customer_churn_pipeline' retrieved from /opt/airflow/dags/customer_churn_pipeline.py
[2025-09-22T14:13:09.703+0000] {logging_mixin.py:188} INFO - [2025-09-22T14:13:09.702+0000] {dag.py:3036} INFO - Sync 1 DAGs
[2025-09-22T14:13:09.722+0000] {logging_mixin.py:188} INFO - [2025-09-22T14:13:09.722+0000] {dag.py:3823} INFO - Setting next_dagrun for day7_customer_churn_pipeline to None, run_after=None
[2025-09-22T14:13:09.767+0000] {processor.py:183} INFO - Processing /opt/airflow/dags/customer_churn_pipeline.py took 1.638 seconds
[2025-09-22T14:13:40.502+0000] {processor.py:161} INFO - Started process (PID=2760) to work on /opt/airflow/dags/customer_churn_pipeline.py
[2025-09-22T14:13:40.507+0000] {processor.py:830} INFO - Processing file /opt/airflow/dags/customer_churn_pipeline.py for tasks to queue
[2025-09-22T14:13:40.512+0000] {logging_mixin.py:188} INFO - [2025-09-22T14:13:40.511+0000] {dagbag.py:538} INFO - Filling up the DagBag from /opt/airflow/dags/customer_churn_pipeline.py
[2025-09-22T14:13:42.006+0000] {processor.py:840} INFO - DAG(s) 'day7_customer_churn_pipeline' retrieved from /opt/airflow/dags/customer_churn_pipeline.py
[2025-09-22T14:13:42.055+0000] {logging_mixin.py:188} INFO - [2025-09-22T14:13:42.054+0000] {dag.py:3036} INFO - Sync 1 DAGs
[2025-09-22T14:13:42.076+0000] {logging_mixin.py:188} INFO - [2025-09-22T14:13:42.075+0000] {dag.py:3823} INFO - Setting next_dagrun for day7_customer_churn_pipeline to None, run_after=None
[2025-09-22T14:13:42.120+0000] {processor.py:183} INFO - Processing /opt/airflow/dags/customer_churn_pipeline.py took 1.623 seconds
[2025-09-22T14:14:12.885+0000] {processor.py:161} INFO - Started process (PID=2779) to work on /opt/airflow/dags/customer_churn_pipeline.py
[2025-09-22T14:14:12.887+0000] {processor.py:830} INFO - Processing file /opt/airflow/dags/customer_churn_pipeline.py for tasks to queue
[2025-09-22T14:14:12.891+0000] {logging_mixin.py:188} INFO - [2025-09-22T14:14:12.891+0000] {dagbag.py:538} INFO - Filling up the DagBag from /opt/airflow/dags/customer_churn_pipeline.py
[2025-09-22T14:14:14.389+0000] {processor.py:840} INFO - DAG(s) 'day7_customer_churn_pipeline' retrieved from /opt/airflow/dags/customer_churn_pipeline.py
[2025-09-22T14:14:14.425+0000] {logging_mixin.py:188} INFO - [2025-09-22T14:14:14.424+0000] {dag.py:3036} INFO - Sync 1 DAGs
[2025-09-22T14:14:14.451+0000] {logging_mixin.py:188} INFO - [2025-09-22T14:14:14.451+0000] {dag.py:3823} INFO - Setting next_dagrun for day7_customer_churn_pipeline to None, run_after=None
[2025-09-22T14:14:14.507+0000] {processor.py:183} INFO - Processing /opt/airflow/dags/customer_churn_pipeline.py took 1.628 seconds
[2025-09-22T14:14:44.727+0000] {processor.py:161} INFO - Started process (PID=2798) to work on /opt/airflow/dags/customer_churn_pipeline.py
[2025-09-22T14:14:44.735+0000] {processor.py:830} INFO - Processing file /opt/airflow/dags/customer_churn_pipeline.py for tasks to queue
[2025-09-22T14:14:44.742+0000] {logging_mixin.py:188} INFO - [2025-09-22T14:14:44.742+0000] {dagbag.py:538} INFO - Filling up the DagBag from /opt/airflow/dags/customer_churn_pipeline.py
[2025-09-22T14:14:46.379+0000] {processor.py:840} INFO - DAG(s) 'day7_customer_churn_pipeline' retrieved from /opt/airflow/dags/customer_churn_pipeline.py
[2025-09-22T14:14:46.439+0000] {logging_mixin.py:188} INFO - [2025-09-22T14:14:46.438+0000] {dag.py:3036} INFO - Sync 1 DAGs
[2025-09-22T14:14:46.461+0000] {logging_mixin.py:188} INFO - [2025-09-22T14:14:46.460+0000] {dag.py:3823} INFO - Setting next_dagrun for day7_customer_churn_pipeline to None, run_after=None
[2025-09-22T14:14:46.499+0000] {processor.py:183} INFO - Processing /opt/airflow/dags/customer_churn_pipeline.py took 1.778 seconds
[2025-09-22T14:15:17.164+0000] {processor.py:161} INFO - Started process (PID=2817) to work on /opt/airflow/dags/customer_churn_pipeline.py
[2025-09-22T14:15:17.167+0000] {processor.py:830} INFO - Processing file /opt/airflow/dags/customer_churn_pipeline.py for tasks to queue
[2025-09-22T14:15:17.171+0000] {logging_mixin.py:188} INFO - [2025-09-22T14:15:17.170+0000] {dagbag.py:538} INFO - Filling up the DagBag from /opt/airflow/dags/customer_churn_pipeline.py
[2025-09-22T14:15:18.663+0000] {processor.py:840} INFO - DAG(s) 'day7_customer_churn_pipeline' retrieved from /opt/airflow/dags/customer_churn_pipeline.py
[2025-09-22T14:15:18.710+0000] {logging_mixin.py:188} INFO - [2025-09-22T14:15:18.709+0000] {dag.py:3036} INFO - Sync 1 DAGs
[2025-09-22T14:15:18.731+0000] {logging_mixin.py:188} INFO - [2025-09-22T14:15:18.731+0000] {dag.py:3823} INFO - Setting next_dagrun for day7_customer_churn_pipeline to None, run_after=None
[2025-09-22T14:15:18.769+0000] {processor.py:183} INFO - Processing /opt/airflow/dags/customer_churn_pipeline.py took 1.611 seconds
[2025-09-22T14:15:49.579+0000] {processor.py:161} INFO - Started process (PID=2836) to work on /opt/airflow/dags/customer_churn_pipeline.py
[2025-09-22T14:15:49.582+0000] {processor.py:830} INFO - Processing file /opt/airflow/dags/customer_churn_pipeline.py for tasks to queue
[2025-09-22T14:15:49.586+0000] {logging_mixin.py:188} INFO - [2025-09-22T14:15:49.586+0000] {dagbag.py:538} INFO - Filling up the DagBag from /opt/airflow/dags/customer_churn_pipeline.py
[2025-09-22T14:15:51.022+0000] {processor.py:840} INFO - DAG(s) 'day7_customer_churn_pipeline' retrieved from /opt/airflow/dags/customer_churn_pipeline.py
[2025-09-22T14:15:51.069+0000] {logging_mixin.py:188} INFO - [2025-09-22T14:15:51.068+0000] {dag.py:3036} INFO - Sync 1 DAGs
[2025-09-22T14:15:51.089+0000] {logging_mixin.py:188} INFO - [2025-09-22T14:15:51.089+0000] {dag.py:3823} INFO - Setting next_dagrun for day7_customer_churn_pipeline to None, run_after=None
[2025-09-22T14:15:51.134+0000] {processor.py:183} INFO - Processing /opt/airflow/dags/customer_churn_pipeline.py took 1.561 seconds
[2025-09-22T14:16:21.550+0000] {processor.py:161} INFO - Started process (PID=2855) to work on /opt/airflow/dags/customer_churn_pipeline.py
[2025-09-22T14:16:21.552+0000] {processor.py:830} INFO - Processing file /opt/airflow/dags/customer_churn_pipeline.py for tasks to queue
[2025-09-22T14:16:21.555+0000] {logging_mixin.py:188} INFO - [2025-09-22T14:16:21.554+0000] {dagbag.py:538} INFO - Filling up the DagBag from /opt/airflow/dags/customer_churn_pipeline.py
[2025-09-22T14:16:22.947+0000] {processor.py:840} INFO - DAG(s) 'day7_customer_churn_pipeline' retrieved from /opt/airflow/dags/customer_churn_pipeline.py
[2025-09-22T14:16:22.992+0000] {logging_mixin.py:188} INFO - [2025-09-22T14:16:22.991+0000] {dag.py:3036} INFO - Sync 1 DAGs
[2025-09-22T14:16:23.013+0000] {logging_mixin.py:188} INFO - [2025-09-22T14:16:23.013+0000] {dag.py:3823} INFO - Setting next_dagrun for day7_customer_churn_pipeline to None, run_after=None
[2025-09-22T14:16:23.057+0000] {processor.py:183} INFO - Processing /opt/airflow/dags/customer_churn_pipeline.py took 1.514 seconds
[2025-09-22T14:16:53.590+0000] {processor.py:161} INFO - Started process (PID=2874) to work on /opt/airflow/dags/customer_churn_pipeline.py
[2025-09-22T14:16:53.592+0000] {processor.py:830} INFO - Processing file /opt/airflow/dags/customer_churn_pipeline.py for tasks to queue
[2025-09-22T14:16:53.594+0000] {logging_mixin.py:188} INFO - [2025-09-22T14:16:53.593+0000] {dagbag.py:538} INFO - Filling up the DagBag from /opt/airflow/dags/customer_churn_pipeline.py
[2025-09-22T14:16:54.552+0000] {processor.py:840} INFO - DAG(s) 'day7_customer_churn_pipeline' retrieved from /opt/airflow/dags/customer_churn_pipeline.py
[2025-09-22T14:16:54.580+0000] {logging_mixin.py:188} INFO - [2025-09-22T14:16:54.579+0000] {dag.py:3036} INFO - Sync 1 DAGs
[2025-09-22T14:16:54.590+0000] {logging_mixin.py:188} INFO - [2025-09-22T14:16:54.590+0000] {dag.py:3823} INFO - Setting next_dagrun for day7_customer_churn_pipeline to None, run_after=None
[2025-09-22T14:16:54.610+0000] {processor.py:183} INFO - Processing /opt/airflow/dags/customer_churn_pipeline.py took 1.023 seconds
[2025-09-22T14:17:25.401+0000] {processor.py:161} INFO - Started process (PID=2893) to work on /opt/airflow/dags/customer_churn_pipeline.py
[2025-09-22T14:17:25.402+0000] {processor.py:830} INFO - Processing file /opt/airflow/dags/customer_churn_pipeline.py for tasks to queue
[2025-09-22T14:17:25.405+0000] {logging_mixin.py:188} INFO - [2025-09-22T14:17:25.405+0000] {dagbag.py:538} INFO - Filling up the DagBag from /opt/airflow/dags/customer_churn_pipeline.py
[2025-09-22T14:17:26.409+0000] {processor.py:840} INFO - DAG(s) 'day7_customer_churn_pipeline' retrieved from /opt/airflow/dags/customer_churn_pipeline.py
[2025-09-22T14:17:26.436+0000] {logging_mixin.py:188} INFO - [2025-09-22T14:17:26.436+0000] {dag.py:3036} INFO - Sync 1 DAGs
[2025-09-22T14:17:26.451+0000] {logging_mixin.py:188} INFO - [2025-09-22T14:17:26.450+0000] {dag.py:3823} INFO - Setting next_dagrun for day7_customer_churn_pipeline to None, run_after=None
[2025-09-22T14:17:26.470+0000] {processor.py:183} INFO - Processing /opt/airflow/dags/customer_churn_pipeline.py took 1.072 seconds
[2025-09-22T14:17:56.949+0000] {processor.py:161} INFO - Started process (PID=2912) to work on /opt/airflow/dags/customer_churn_pipeline.py
[2025-09-22T14:17:56.950+0000] {processor.py:830} INFO - Processing file /opt/airflow/dags/customer_churn_pipeline.py for tasks to queue
[2025-09-22T14:17:56.953+0000] {logging_mixin.py:188} INFO - [2025-09-22T14:17:56.953+0000] {dagbag.py:538} INFO - Filling up the DagBag from /opt/airflow/dags/customer_churn_pipeline.py
[2025-09-22T14:17:55.661+0000] {processor.py:840} INFO - DAG(s) 'day7_customer_churn_pipeline' retrieved from /opt/airflow/dags/customer_churn_pipeline.py
[2025-09-22T14:17:55.687+0000] {logging_mixin.py:188} INFO - [2025-09-22T14:17:55.686+0000] {dag.py:3036} INFO - Sync 1 DAGs
[2025-09-22T14:17:55.701+0000] {logging_mixin.py:188} INFO - [2025-09-22T14:17:55.700+0000] {dag.py:3823} INFO - Setting next_dagrun for day7_customer_churn_pipeline to None, run_after=None
[2025-09-22T14:17:55.728+0000] {processor.py:183} INFO - Processing /opt/airflow/dags/customer_churn_pipeline.py took 1.089 seconds
[2025-09-22T14:18:26.286+0000] {processor.py:161} INFO - Started process (PID=2931) to work on /opt/airflow/dags/customer_churn_pipeline.py
[2025-09-22T14:18:26.302+0000] {processor.py:830} INFO - Processing file /opt/airflow/dags/customer_churn_pipeline.py for tasks to queue
[2025-09-22T14:18:26.313+0000] {logging_mixin.py:188} INFO - [2025-09-22T14:18:26.312+0000] {dagbag.py:538} INFO - Filling up the DagBag from /opt/airflow/dags/customer_churn_pipeline.py
[2025-09-22T14:18:27.737+0000] {processor.py:840} INFO - DAG(s) 'day7_customer_churn_pipeline' retrieved from /opt/airflow/dags/customer_churn_pipeline.py
[2025-09-22T14:18:27.809+0000] {logging_mixin.py:188} INFO - [2025-09-22T14:18:27.808+0000] {dag.py:3036} INFO - Sync 1 DAGs
[2025-09-22T14:18:27.827+0000] {logging_mixin.py:188} INFO - [2025-09-22T14:18:27.826+0000] {dag.py:3823} INFO - Setting next_dagrun for day7_customer_churn_pipeline to None, run_after=None
[2025-09-22T14:18:27.879+0000] {processor.py:183} INFO - Processing /opt/airflow/dags/customer_churn_pipeline.py took 1.614 seconds
[2025-09-22T14:18:58.677+0000] {processor.py:161} INFO - Started process (PID=2950) to work on /opt/airflow/dags/customer_churn_pipeline.py
[2025-09-22T14:18:58.679+0000] {processor.py:830} INFO - Processing file /opt/airflow/dags/customer_churn_pipeline.py for tasks to queue
[2025-09-22T14:18:58.683+0000] {logging_mixin.py:188} INFO - [2025-09-22T14:18:58.682+0000] {dagbag.py:538} INFO - Filling up the DagBag from /opt/airflow/dags/customer_churn_pipeline.py
[2025-09-22T14:19:00.262+0000] {processor.py:840} INFO - DAG(s) 'day7_customer_churn_pipeline' retrieved from /opt/airflow/dags/customer_churn_pipeline.py
[2025-09-22T14:19:00.304+0000] {logging_mixin.py:188} INFO - [2025-09-22T14:19:00.303+0000] {dag.py:3036} INFO - Sync 1 DAGs
[2025-09-22T14:19:00.343+0000] {logging_mixin.py:188} INFO - [2025-09-22T14:19:00.342+0000] {dag.py:3823} INFO - Setting next_dagrun for day7_customer_churn_pipeline to None, run_after=None
[2025-09-22T14:19:00.383+0000] {processor.py:183} INFO - Processing /opt/airflow/dags/customer_churn_pipeline.py took 1.721 seconds
[2025-09-22T14:19:31.120+0000] {processor.py:161} INFO - Started process (PID=2969) to work on /opt/airflow/dags/customer_churn_pipeline.py
[2025-09-22T14:19:31.122+0000] {processor.py:830} INFO - Processing file /opt/airflow/dags/customer_churn_pipeline.py for tasks to queue
[2025-09-22T14:19:31.124+0000] {logging_mixin.py:188} INFO - [2025-09-22T14:19:31.123+0000] {dagbag.py:538} INFO - Filling up the DagBag from /opt/airflow/dags/customer_churn_pipeline.py
[2025-09-22T14:19:32.926+0000] {processor.py:840} INFO - DAG(s) 'day7_customer_churn_pipeline' retrieved from /opt/airflow/dags/customer_churn_pipeline.py
[2025-09-22T14:19:32.966+0000] {logging_mixin.py:188} INFO - [2025-09-22T14:19:32.965+0000] {dag.py:3036} INFO - Sync 1 DAGs
[2025-09-22T14:19:33.002+0000] {logging_mixin.py:188} INFO - [2025-09-22T14:19:33.002+0000] {dag.py:3823} INFO - Setting next_dagrun for day7_customer_churn_pipeline to None, run_after=None
[2025-09-22T14:19:33.079+0000] {processor.py:183} INFO - Processing /opt/airflow/dags/customer_churn_pipeline.py took 1.964 seconds
[2025-09-22T14:20:04.264+0000] {processor.py:161} INFO - Started process (PID=2988) to work on /opt/airflow/dags/customer_churn_pipeline.py
[2025-09-22T14:20:04.266+0000] {processor.py:830} INFO - Processing file /opt/airflow/dags/customer_churn_pipeline.py for tasks to queue
[2025-09-22T14:20:04.268+0000] {logging_mixin.py:188} INFO - [2025-09-22T14:20:04.268+0000] {dagbag.py:538} INFO - Filling up the DagBag from /opt/airflow/dags/customer_churn_pipeline.py
[2025-09-22T14:20:06.643+0000] {processor.py:840} INFO - DAG(s) 'day7_customer_churn_pipeline' retrieved from /opt/airflow/dags/customer_churn_pipeline.py
[2025-09-22T14:20:06.730+0000] {logging_mixin.py:188} INFO - [2025-09-22T14:20:06.729+0000] {dag.py:3036} INFO - Sync 1 DAGs
[2025-09-22T14:20:06.742+0000] {logging_mixin.py:188} INFO - [2025-09-22T14:20:06.741+0000] {dag.py:3823} INFO - Setting next_dagrun for day7_customer_churn_pipeline to None, run_after=None
[2025-09-22T14:20:06.804+0000] {processor.py:183} INFO - Processing /opt/airflow/dags/customer_churn_pipeline.py took 2.545 seconds
[2025-09-22T14:20:37.567+0000] {processor.py:161} INFO - Started process (PID=3007) to work on /opt/airflow/dags/customer_churn_pipeline.py
[2025-09-22T14:20:37.569+0000] {processor.py:830} INFO - Processing file /opt/airflow/dags/customer_churn_pipeline.py for tasks to queue
[2025-09-22T14:20:37.572+0000] {logging_mixin.py:188} INFO - [2025-09-22T14:20:37.572+0000] {dagbag.py:538} INFO - Filling up the DagBag from /opt/airflow/dags/customer_churn_pipeline.py
[2025-09-22T14:20:39.503+0000] {processor.py:840} INFO - DAG(s) 'day7_customer_churn_pipeline' retrieved from /opt/airflow/dags/customer_churn_pipeline.py
[2025-09-22T14:20:39.530+0000] {logging_mixin.py:188} INFO - [2025-09-22T14:20:39.529+0000] {dag.py:3036} INFO - Sync 1 DAGs
[2025-09-22T14:20:39.582+0000] {logging_mixin.py:188} INFO - [2025-09-22T14:20:39.582+0000] {dag.py:3823} INFO - Setting next_dagrun for day7_customer_churn_pipeline to None, run_after=None
[2025-09-22T14:20:39.613+0000] {processor.py:183} INFO - Processing /opt/airflow/dags/customer_churn_pipeline.py took 2.073 seconds
[2025-09-22T14:21:10.218+0000] {processor.py:161} INFO - Started process (PID=3026) to work on /opt/airflow/dags/customer_churn_pipeline.py
[2025-09-22T14:21:10.227+0000] {processor.py:830} INFO - Processing file /opt/airflow/dags/customer_churn_pipeline.py for tasks to queue
[2025-09-22T14:21:10.244+0000] {logging_mixin.py:188} INFO - [2025-09-22T14:21:10.242+0000] {dagbag.py:538} INFO - Filling up the DagBag from /opt/airflow/dags/customer_churn_pipeline.py
[2025-09-22T14:21:09.707+0000] {processor.py:840} INFO - DAG(s) 'day7_customer_churn_pipeline' retrieved from /opt/airflow/dags/customer_churn_pipeline.py
[2025-09-22T14:21:09.734+0000] {logging_mixin.py:188} INFO - [2025-09-22T14:21:09.733+0000] {dag.py:3036} INFO - Sync 1 DAGs
[2025-09-22T14:21:09.776+0000] {logging_mixin.py:188} INFO - [2025-09-22T14:21:09.776+0000] {dag.py:3823} INFO - Setting next_dagrun for day7_customer_churn_pipeline to None, run_after=None
[2025-09-22T14:21:09.799+0000] {processor.py:183} INFO - Processing /opt/airflow/dags/customer_churn_pipeline.py took 1.915 seconds
[2025-09-22T14:21:40.899+0000] {processor.py:161} INFO - Started process (PID=3045) to work on /opt/airflow/dags/customer_churn_pipeline.py
[2025-09-22T14:21:40.907+0000] {processor.py:830} INFO - Processing file /opt/airflow/dags/customer_churn_pipeline.py for tasks to queue
[2025-09-22T14:21:40.911+0000] {logging_mixin.py:188} INFO - [2025-09-22T14:21:40.911+0000] {dagbag.py:538} INFO - Filling up the DagBag from /opt/airflow/dags/customer_churn_pipeline.py
[2025-09-22T14:21:42.180+0000] {processor.py:840} INFO - DAG(s) 'day7_customer_churn_pipeline' retrieved from /opt/airflow/dags/customer_churn_pipeline.py
[2025-09-22T14:21:42.216+0000] {logging_mixin.py:188} INFO - [2025-09-22T14:21:42.216+0000] {dag.py:3036} INFO - Sync 1 DAGs
[2025-09-22T14:21:42.229+0000] {logging_mixin.py:188} INFO - [2025-09-22T14:21:42.229+0000] {dag.py:3823} INFO - Setting next_dagrun for day7_customer_churn_pipeline to None, run_after=None
[2025-09-22T14:21:42.256+0000] {processor.py:183} INFO - Processing /opt/airflow/dags/customer_churn_pipeline.py took 1.362 seconds
[2025-09-22T14:22:12.600+0000] {processor.py:161} INFO - Started process (PID=3064) to work on /opt/airflow/dags/customer_churn_pipeline.py
[2025-09-22T14:22:12.606+0000] {processor.py:830} INFO - Processing file /opt/airflow/dags/customer_churn_pipeline.py for tasks to queue
[2025-09-22T14:22:12.611+0000] {logging_mixin.py:188} INFO - [2025-09-22T14:22:12.611+0000] {dagbag.py:538} INFO - Filling up the DagBag from /opt/airflow/dags/customer_churn_pipeline.py
[2025-09-22T14:22:13.850+0000] {processor.py:840} INFO - DAG(s) 'day7_customer_churn_pipeline' retrieved from /opt/airflow/dags/customer_churn_pipeline.py
[2025-09-22T14:22:13.878+0000] {logging_mixin.py:188} INFO - [2025-09-22T14:22:13.877+0000] {dag.py:3036} INFO - Sync 1 DAGs
[2025-09-22T14:22:13.895+0000] {logging_mixin.py:188} INFO - [2025-09-22T14:22:13.895+0000] {dag.py:3823} INFO - Setting next_dagrun for day7_customer_churn_pipeline to None, run_after=None
[2025-09-22T14:22:13.919+0000] {processor.py:183} INFO - Processing /opt/airflow/dags/customer_churn_pipeline.py took 1.325 seconds
[2025-09-22T14:22:44.252+0000] {processor.py:161} INFO - Started process (PID=3083) to work on /opt/airflow/dags/customer_churn_pipeline.py
[2025-09-22T14:22:44.254+0000] {processor.py:830} INFO - Processing file /opt/airflow/dags/customer_churn_pipeline.py for tasks to queue
[2025-09-22T14:22:44.256+0000] {logging_mixin.py:188} INFO - [2025-09-22T14:22:44.256+0000] {dagbag.py:538} INFO - Filling up the DagBag from /opt/airflow/dags/customer_churn_pipeline.py
[2025-09-22T14:22:45.370+0000] {processor.py:840} INFO - DAG(s) 'day7_customer_churn_pipeline' retrieved from /opt/airflow/dags/customer_churn_pipeline.py
[2025-09-22T14:22:45.405+0000] {logging_mixin.py:188} INFO - [2025-09-22T14:22:45.403+0000] {dag.py:3036} INFO - Sync 1 DAGs
[2025-09-22T14:22:45.424+0000] {logging_mixin.py:188} INFO - [2025-09-22T14:22:45.424+0000] {dag.py:3823} INFO - Setting next_dagrun for day7_customer_churn_pipeline to None, run_after=None
[2025-09-22T14:22:45.451+0000] {processor.py:183} INFO - Processing /opt/airflow/dags/customer_churn_pipeline.py took 1.205 seconds
[2025-09-22T14:23:15.503+0000] {processor.py:161} INFO - Started process (PID=3102) to work on /opt/airflow/dags/customer_churn_pipeline.py
[2025-09-22T14:23:15.505+0000] {processor.py:830} INFO - Processing file /opt/airflow/dags/customer_churn_pipeline.py for tasks to queue
[2025-09-22T14:23:15.507+0000] {logging_mixin.py:188} INFO - [2025-09-22T14:23:15.507+0000] {dagbag.py:538} INFO - Filling up the DagBag from /opt/airflow/dags/customer_churn_pipeline.py
[2025-09-22T14:23:16.763+0000] {processor.py:840} INFO - DAG(s) 'day7_customer_churn_pipeline' retrieved from /opt/airflow/dags/customer_churn_pipeline.py
[2025-09-22T14:23:16.796+0000] {logging_mixin.py:188} INFO - [2025-09-22T14:23:16.796+0000] {dag.py:3036} INFO - Sync 1 DAGs
[2025-09-22T14:23:16.811+0000] {logging_mixin.py:188} INFO - [2025-09-22T14:23:16.811+0000] {dag.py:3823} INFO - Setting next_dagrun for day7_customer_churn_pipeline to None, run_after=None
[2025-09-22T14:23:16.831+0000] {processor.py:183} INFO - Processing /opt/airflow/dags/customer_churn_pipeline.py took 1.332 seconds
[2025-09-22T14:23:47.154+0000] {processor.py:161} INFO - Started process (PID=3121) to work on /opt/airflow/dags/customer_churn_pipeline.py
[2025-09-22T14:23:47.156+0000] {processor.py:830} INFO - Processing file /opt/airflow/dags/customer_churn_pipeline.py for tasks to queue
[2025-09-22T14:23:47.158+0000] {logging_mixin.py:188} INFO - [2025-09-22T14:23:47.158+0000] {dagbag.py:538} INFO - Filling up the DagBag from /opt/airflow/dags/customer_churn_pipeline.py
[2025-09-22T14:23:48.444+0000] {processor.py:840} INFO - DAG(s) 'day7_customer_churn_pipeline' retrieved from /opt/airflow/dags/customer_churn_pipeline.py
[2025-09-22T14:23:48.481+0000] {logging_mixin.py:188} INFO - [2025-09-22T14:23:48.481+0000] {dag.py:3036} INFO - Sync 1 DAGs
[2025-09-22T14:23:48.501+0000] {logging_mixin.py:188} INFO - [2025-09-22T14:23:48.501+0000] {dag.py:3823} INFO - Setting next_dagrun for day7_customer_churn_pipeline to None, run_after=None
[2025-09-22T14:23:48.529+0000] {processor.py:183} INFO - Processing /opt/airflow/dags/customer_churn_pipeline.py took 1.380 seconds
[2025-09-22T14:24:19.086+0000] {processor.py:161} INFO - Started process (PID=3140) to work on /opt/airflow/dags/customer_churn_pipeline.py
[2025-09-22T14:24:19.102+0000] {processor.py:830} INFO - Processing file /opt/airflow/dags/customer_churn_pipeline.py for tasks to queue
[2025-09-22T14:24:19.134+0000] {logging_mixin.py:188} INFO - [2025-09-22T14:24:19.130+0000] {dagbag.py:538} INFO - Filling up the DagBag from /opt/airflow/dags/customer_churn_pipeline.py
[2025-09-22T14:24:31.710+0000] {processor.py:840} INFO - DAG(s) 'day7_customer_churn_pipeline' retrieved from /opt/airflow/dags/customer_churn_pipeline.py
[2025-09-22T14:24:32.114+0000] {logging_mixin.py:188} INFO - [2025-09-22T14:24:32.109+0000] {dag.py:3036} INFO - Sync 1 DAGs
[2025-09-22T14:24:32.350+0000] {logging_mixin.py:188} INFO - [2025-09-22T14:24:32.345+0000] {dag.py:3823} INFO - Setting next_dagrun for day7_customer_churn_pipeline to None, run_after=None
[2025-09-22T14:24:32.650+0000] {processor.py:183} INFO - Processing /opt/airflow/dags/customer_churn_pipeline.py took 15.944 seconds
[2025-09-22T14:25:04.224+0000] {processor.py:161} INFO - Started process (PID=3159) to work on /opt/airflow/dags/customer_churn_pipeline.py
[2025-09-22T14:25:04.245+0000] {processor.py:830} INFO - Processing file /opt/airflow/dags/customer_churn_pipeline.py for tasks to queue
[2025-09-22T14:25:04.286+0000] {logging_mixin.py:188} INFO - [2025-09-22T14:25:04.279+0000] {dagbag.py:538} INFO - Filling up the DagBag from /opt/airflow/dags/customer_churn_pipeline.py
[2025-09-22T14:25:20.556+0000] {processor.py:840} INFO - DAG(s) 'day7_customer_churn_pipeline' retrieved from /opt/airflow/dags/customer_churn_pipeline.py
[2025-09-22T14:25:21.535+0000] {logging_mixin.py:188} INFO - [2025-09-22T14:25:21.029+0000] {dag.py:3036} INFO - Sync 1 DAGs
[2025-09-22T14:25:18.992+0000] {logging_mixin.py:188} INFO - [2025-09-22T14:25:18.989+0000] {dag.py:3823} INFO - Setting next_dagrun for day7_customer_churn_pipeline to None, run_after=None
[2025-09-22T14:25:19.352+0000] {processor.py:183} INFO - Processing /opt/airflow/dags/customer_churn_pipeline.py took 17.507 seconds
[2025-09-22T14:25:50.507+0000] {processor.py:161} INFO - Started process (PID=3178) to work on /opt/airflow/dags/customer_churn_pipeline.py
[2025-09-22T14:25:50.524+0000] {processor.py:830} INFO - Processing file /opt/airflow/dags/customer_churn_pipeline.py for tasks to queue
[2025-09-22T14:25:50.567+0000] {logging_mixin.py:188} INFO - [2025-09-22T14:25:50.562+0000] {dagbag.py:538} INFO - Filling up the DagBag from /opt/airflow/dags/customer_churn_pipeline.py
[2025-09-22T14:26:05.910+0000] {processor.py:840} INFO - DAG(s) 'day7_customer_churn_pipeline' retrieved from /opt/airflow/dags/customer_churn_pipeline.py
[2025-09-22T14:26:06.340+0000] {logging_mixin.py:188} INFO - [2025-09-22T14:26:06.334+0000] {dag.py:3036} INFO - Sync 1 DAGs
[2025-09-22T14:26:06.593+0000] {logging_mixin.py:188} INFO - [2025-09-22T14:26:06.590+0000] {dag.py:3823} INFO - Setting next_dagrun for day7_customer_churn_pipeline to None, run_after=None
[2025-09-22T14:26:06.967+0000] {processor.py:183} INFO - Processing /opt/airflow/dags/customer_churn_pipeline.py took 16.518 seconds
[2025-09-22T14:26:38.208+0000] {processor.py:161} INFO - Started process (PID=3197) to work on /opt/airflow/dags/customer_churn_pipeline.py
[2025-09-22T14:26:38.225+0000] {processor.py:830} INFO - Processing file /opt/airflow/dags/customer_churn_pipeline.py for tasks to queue
[2025-09-22T14:26:38.280+0000] {logging_mixin.py:188} INFO - [2025-09-22T14:26:38.255+0000] {dagbag.py:538} INFO - Filling up the DagBag from /opt/airflow/dags/customer_churn_pipeline.py
[2025-09-22T14:26:50.948+0000] {processor.py:840} INFO - DAG(s) 'day7_customer_churn_pipeline' retrieved from /opt/airflow/dags/customer_churn_pipeline.py
[2025-09-22T14:26:51.344+0000] {logging_mixin.py:188} INFO - [2025-09-22T14:26:51.339+0000] {dag.py:3036} INFO - Sync 1 DAGs
[2025-09-22T14:26:51.551+0000] {logging_mixin.py:188} INFO - [2025-09-22T14:26:51.548+0000] {dag.py:3823} INFO - Setting next_dagrun for day7_customer_churn_pipeline to None, run_after=None
[2025-09-22T14:26:51.856+0000] {processor.py:183} INFO - Processing /opt/airflow/dags/customer_churn_pipeline.py took 16.012 seconds
[2025-09-22T14:27:22.529+0000] {processor.py:161} INFO - Started process (PID=3216) to work on /opt/airflow/dags/customer_churn_pipeline.py
[2025-09-22T14:27:22.549+0000] {processor.py:830} INFO - Processing file /opt/airflow/dags/customer_churn_pipeline.py for tasks to queue
[2025-09-22T14:27:22.588+0000] {logging_mixin.py:188} INFO - [2025-09-22T14:27:22.582+0000] {dagbag.py:538} INFO - Filling up the DagBag from /opt/airflow/dags/customer_churn_pipeline.py
[2025-09-22T14:27:37.656+0000] {processor.py:840} INFO - DAG(s) 'day7_customer_churn_pipeline' retrieved from /opt/airflow/dags/customer_churn_pipeline.py
[2025-09-22T14:27:38.052+0000] {logging_mixin.py:188} INFO - [2025-09-22T14:27:38.047+0000] {dag.py:3036} INFO - Sync 1 DAGs
[2025-09-22T14:27:38.263+0000] {logging_mixin.py:188} INFO - [2025-09-22T14:27:38.259+0000] {dag.py:3823} INFO - Setting next_dagrun for day7_customer_churn_pipeline to None, run_after=None
[2025-09-22T14:27:38.586+0000] {processor.py:183} INFO - Processing /opt/airflow/dags/customer_churn_pipeline.py took 16.123 seconds
[2025-09-22T14:28:09.353+0000] {processor.py:161} INFO - Started process (PID=3235) to work on /opt/airflow/dags/customer_churn_pipeline.py
[2025-09-22T14:28:09.374+0000] {processor.py:830} INFO - Processing file /opt/airflow/dags/customer_churn_pipeline.py for tasks to queue
[2025-09-22T14:28:09.433+0000] {logging_mixin.py:188} INFO - [2025-09-22T14:28:09.424+0000] {dagbag.py:538} INFO - Filling up the DagBag from /opt/airflow/dags/customer_churn_pipeline.py
[2025-09-22T14:28:24.234+0000] {processor.py:840} INFO - DAG(s) 'day7_customer_churn_pipeline' retrieved from /opt/airflow/dags/customer_churn_pipeline.py
[2025-09-22T14:28:24.627+0000] {logging_mixin.py:188} INFO - [2025-09-22T14:28:24.622+0000] {dag.py:3036} INFO - Sync 1 DAGs
[2025-09-22T14:28:24.844+0000] {logging_mixin.py:188} INFO - [2025-09-22T14:28:24.841+0000] {dag.py:3823} INFO - Setting next_dagrun for day7_customer_churn_pipeline to None, run_after=None
[2025-09-22T14:28:25.152+0000] {processor.py:183} INFO - Processing /opt/airflow/dags/customer_churn_pipeline.py took 15.919 seconds
[2025-09-22T14:28:56.316+0000] {processor.py:161} INFO - Started process (PID=3254) to work on /opt/airflow/dags/customer_churn_pipeline.py
[2025-09-22T14:28:56.331+0000] {processor.py:830} INFO - Processing file /opt/airflow/dags/customer_churn_pipeline.py for tasks to queue
[2025-09-22T14:28:56.362+0000] {logging_mixin.py:188} INFO - [2025-09-22T14:28:56.358+0000] {dagbag.py:538} INFO - Filling up the DagBag from /opt/airflow/dags/customer_churn_pipeline.py
[2025-09-22T14:29:09.691+0000] {processor.py:840} INFO - DAG(s) 'day7_customer_churn_pipeline' retrieved from /opt/airflow/dags/customer_churn_pipeline.py
[2025-09-22T14:29:10.081+0000] {logging_mixin.py:188} INFO - [2025-09-22T14:29:10.076+0000] {dag.py:3036} INFO - Sync 1 DAGs
[2025-09-22T14:29:10.271+0000] {logging_mixin.py:188} INFO - [2025-09-22T14:29:10.268+0000] {dag.py:3823} INFO - Setting next_dagrun for day7_customer_churn_pipeline to None, run_after=None
[2025-09-22T14:29:10.599+0000] {processor.py:183} INFO - Processing /opt/airflow/dags/customer_churn_pipeline.py took 16.648 seconds
[2025-09-22T14:29:42.052+0000] {processor.py:161} INFO - Started process (PID=3273) to work on /opt/airflow/dags/customer_churn_pipeline.py
[2025-09-22T14:29:42.071+0000] {processor.py:830} INFO - Processing file /opt/airflow/dags/customer_churn_pipeline.py for tasks to queue
[2025-09-22T14:29:42.112+0000] {logging_mixin.py:188} INFO - [2025-09-22T14:29:42.105+0000] {dagbag.py:538} INFO - Filling up the DagBag from /opt/airflow/dags/customer_churn_pipeline.py
[2025-09-22T14:29:56.659+0000] {processor.py:840} INFO - DAG(s) 'day7_customer_churn_pipeline' retrieved from /opt/airflow/dags/customer_churn_pipeline.py
[2025-09-22T14:29:57.261+0000] {logging_mixin.py:188} INFO - [2025-09-22T14:29:57.252+0000] {dag.py:3036} INFO - Sync 1 DAGs
[2025-09-22T14:29:57.564+0000] {logging_mixin.py:188} INFO - [2025-09-22T14:29:57.559+0000] {dag.py:3823} INFO - Setting next_dagrun for day7_customer_churn_pipeline to None, run_after=None
[2025-09-22T14:29:57.954+0000] {processor.py:183} INFO - Processing /opt/airflow/dags/customer_churn_pipeline.py took 18.271 seconds
[2025-09-22T14:30:29.189+0000] {processor.py:161} INFO - Started process (PID=3292) to work on /opt/airflow/dags/customer_churn_pipeline.py
[2025-09-22T14:30:29.215+0000] {processor.py:830} INFO - Processing file /opt/airflow/dags/customer_churn_pipeline.py for tasks to queue
[2025-09-22T14:30:29.248+0000] {logging_mixin.py:188} INFO - [2025-09-22T14:30:29.242+0000] {dagbag.py:538} INFO - Filling up the DagBag from /opt/airflow/dags/customer_churn_pipeline.py
[2025-09-22T14:30:44.744+0000] {processor.py:840} INFO - DAG(s) 'day7_customer_churn_pipeline' retrieved from /opt/airflow/dags/customer_churn_pipeline.py
[2025-09-22T14:30:45.184+0000] {logging_mixin.py:188} INFO - [2025-09-22T14:30:45.179+0000] {dag.py:3036} INFO - Sync 1 DAGs
[2025-09-22T14:30:45.390+0000] {logging_mixin.py:188} INFO - [2025-09-22T14:30:45.385+0000] {dag.py:3823} INFO - Setting next_dagrun for day7_customer_churn_pipeline to None, run_after=None
[2025-09-22T14:30:45.690+0000] {processor.py:183} INFO - Processing /opt/airflow/dags/customer_churn_pipeline.py took 16.562 seconds
[2025-09-22T14:31:16.928+0000] {processor.py:161} INFO - Started process (PID=3311) to work on /opt/airflow/dags/customer_churn_pipeline.py
[2025-09-22T14:31:16.947+0000] {processor.py:830} INFO - Processing file /opt/airflow/dags/customer_churn_pipeline.py for tasks to queue
[2025-09-22T14:31:16.988+0000] {logging_mixin.py:188} INFO - [2025-09-22T14:31:16.982+0000] {dagbag.py:538} INFO - Filling up the DagBag from /opt/airflow/dags/customer_churn_pipeline.py
[2025-09-22T14:31:30.929+0000] {processor.py:840} INFO - DAG(s) 'day7_customer_churn_pipeline' retrieved from /opt/airflow/dags/customer_churn_pipeline.py
[2025-09-22T14:31:31.441+0000] {logging_mixin.py:188} INFO - [2025-09-22T14:31:31.436+0000] {dag.py:3036} INFO - Sync 1 DAGs
[2025-09-22T14:31:31.694+0000] {logging_mixin.py:188} INFO - [2025-09-22T14:31:31.689+0000] {dag.py:3823} INFO - Setting next_dagrun for day7_customer_churn_pipeline to None, run_after=None
[2025-09-22T14:31:32.067+0000] {processor.py:183} INFO - Processing /opt/airflow/dags/customer_churn_pipeline.py took 17.525 seconds
[2025-09-22T14:32:03.207+0000] {processor.py:161} INFO - Started process (PID=3330) to work on /opt/airflow/dags/customer_churn_pipeline.py
[2025-09-22T14:32:03.225+0000] {processor.py:830} INFO - Processing file /opt/airflow/dags/customer_churn_pipeline.py for tasks to queue
[2025-09-22T14:32:03.258+0000] {logging_mixin.py:188} INFO - [2025-09-22T14:32:03.251+0000] {dagbag.py:538} INFO - Filling up the DagBag from /opt/airflow/dags/customer_churn_pipeline.py
[2025-09-22T14:32:16.352+0000] {processor.py:840} INFO - DAG(s) 'day7_customer_churn_pipeline' retrieved from /opt/airflow/dags/customer_churn_pipeline.py
[2025-09-22T14:32:16.835+0000] {logging_mixin.py:188} INFO - [2025-09-22T14:32:16.828+0000] {dag.py:3036} INFO - Sync 1 DAGs
[2025-09-22T14:32:17.117+0000] {logging_mixin.py:188} INFO - [2025-09-22T14:32:17.112+0000] {dag.py:3823} INFO - Setting next_dagrun for day7_customer_churn_pipeline to None, run_after=None
[2025-09-22T14:32:17.505+0000] {processor.py:183} INFO - Processing /opt/airflow/dags/customer_churn_pipeline.py took 16.655 seconds
[2025-09-22T14:32:48.786+0000] {processor.py:161} INFO - Started process (PID=3349) to work on /opt/airflow/dags/customer_churn_pipeline.py
[2025-09-22T14:32:48.802+0000] {processor.py:830} INFO - Processing file /opt/airflow/dags/customer_churn_pipeline.py for tasks to queue
[2025-09-22T14:32:48.834+0000] {logging_mixin.py:188} INFO - [2025-09-22T14:32:48.829+0000] {dagbag.py:538} INFO - Filling up the DagBag from /opt/airflow/dags/customer_churn_pipeline.py
[2025-09-22T14:33:04.663+0000] {processor.py:840} INFO - DAG(s) 'day7_customer_churn_pipeline' retrieved from /opt/airflow/dags/customer_churn_pipeline.py
[2025-09-22T14:33:05.168+0000] {logging_mixin.py:188} INFO - [2025-09-22T14:33:05.160+0000] {dag.py:3036} INFO - Sync 1 DAGs
[2025-09-22T14:33:05.391+0000] {logging_mixin.py:188} INFO - [2025-09-22T14:33:05.387+0000] {dag.py:3823} INFO - Setting next_dagrun for day7_customer_churn_pipeline to None, run_after=None
[2025-09-22T14:33:05.739+0000] {processor.py:183} INFO - Processing /opt/airflow/dags/customer_churn_pipeline.py took 17.007 seconds
[2025-09-22T14:33:36.642+0000] {processor.py:161} INFO - Started process (PID=3368) to work on /opt/airflow/dags/customer_churn_pipeline.py
[2025-09-22T14:33:36.659+0000] {processor.py:830} INFO - Processing file /opt/airflow/dags/customer_churn_pipeline.py for tasks to queue
[2025-09-22T14:33:36.696+0000] {logging_mixin.py:188} INFO - [2025-09-22T14:33:36.689+0000] {dagbag.py:538} INFO - Filling up the DagBag from /opt/airflow/dags/customer_churn_pipeline.py
[2025-09-22T14:33:52.988+0000] {processor.py:840} INFO - DAG(s) 'day7_customer_churn_pipeline' retrieved from /opt/airflow/dags/customer_churn_pipeline.py
[2025-09-22T14:33:53.617+0000] {logging_mixin.py:188} INFO - [2025-09-22T14:33:53.608+0000] {dag.py:3036} INFO - Sync 1 DAGs
[2025-09-22T14:33:53.909+0000] {logging_mixin.py:188} INFO - [2025-09-22T14:33:53.905+0000] {dag.py:3823} INFO - Setting next_dagrun for day7_customer_churn_pipeline to None, run_after=None
[2025-09-22T14:33:54.304+0000] {processor.py:183} INFO - Processing /opt/airflow/dags/customer_churn_pipeline.py took 20.031 seconds
[2025-09-22T14:34:25.602+0000] {processor.py:161} INFO - Started process (PID=3387) to work on /opt/airflow/dags/customer_churn_pipeline.py
[2025-09-22T14:34:25.621+0000] {processor.py:830} INFO - Processing file /opt/airflow/dags/customer_churn_pipeline.py for tasks to queue
[2025-09-22T14:34:25.666+0000] {logging_mixin.py:188} INFO - [2025-09-22T14:34:25.659+0000] {dagbag.py:538} INFO - Filling up the DagBag from /opt/airflow/dags/customer_churn_pipeline.py
[2025-09-22T14:34:39.441+0000] {processor.py:840} INFO - DAG(s) 'day7_customer_churn_pipeline' retrieved from /opt/airflow/dags/customer_churn_pipeline.py
[2025-09-22T14:34:39.920+0000] {logging_mixin.py:188} INFO - [2025-09-22T14:34:39.911+0000] {dag.py:3036} INFO - Sync 1 DAGs
[2025-09-22T14:34:40.207+0000] {logging_mixin.py:188} INFO - [2025-09-22T14:34:40.203+0000] {dag.py:3823} INFO - Setting next_dagrun for day7_customer_churn_pipeline to None, run_after=None
[2025-09-22T14:34:40.545+0000] {processor.py:183} INFO - Processing /opt/airflow/dags/customer_churn_pipeline.py took 17.334 seconds
[2025-09-22T14:35:11.450+0000] {processor.py:161} INFO - Started process (PID=3406) to work on /opt/airflow/dags/customer_churn_pipeline.py
[2025-09-22T14:35:11.466+0000] {processor.py:830} INFO - Processing file /opt/airflow/dags/customer_churn_pipeline.py for tasks to queue
[2025-09-22T14:35:11.503+0000] {logging_mixin.py:188} INFO - [2025-09-22T14:35:11.497+0000] {dagbag.py:538} INFO - Filling up the DagBag from /opt/airflow/dags/customer_churn_pipeline.py
[2025-09-22T14:35:27.295+0000] {processor.py:840} INFO - DAG(s) 'day7_customer_churn_pipeline' retrieved from /opt/airflow/dags/customer_churn_pipeline.py
[2025-09-22T14:35:27.742+0000] {logging_mixin.py:188} INFO - [2025-09-22T14:35:27.731+0000] {dag.py:3036} INFO - Sync 1 DAGs
[2025-09-22T14:35:27.959+0000] {logging_mixin.py:188} INFO - [2025-09-22T14:35:27.954+0000] {dag.py:3823} INFO - Setting next_dagrun for day7_customer_churn_pipeline to None, run_after=None
[2025-09-22T14:35:28.292+0000] {processor.py:183} INFO - Processing /opt/airflow/dags/customer_churn_pipeline.py took 16.902 seconds
[2025-09-22T14:35:58.966+0000] {processor.py:161} INFO - Started process (PID=3425) to work on /opt/airflow/dags/customer_churn_pipeline.py
[2025-09-22T14:35:58.981+0000] {processor.py:830} INFO - Processing file /opt/airflow/dags/customer_churn_pipeline.py for tasks to queue
[2025-09-22T14:35:59.016+0000] {logging_mixin.py:188} INFO - [2025-09-22T14:35:59.009+0000] {dagbag.py:538} INFO - Filling up the DagBag from /opt/airflow/dags/customer_churn_pipeline.py
[2025-09-22T14:36:15.224+0000] {processor.py:840} INFO - DAG(s) 'day7_customer_churn_pipeline' retrieved from /opt/airflow/dags/customer_churn_pipeline.py
[2025-09-22T14:36:15.691+0000] {logging_mixin.py:188} INFO - [2025-09-22T14:36:15.686+0000] {dag.py:3036} INFO - Sync 1 DAGs
[2025-09-22T14:36:15.948+0000] {logging_mixin.py:188} INFO - [2025-09-22T14:36:15.944+0000] {dag.py:3823} INFO - Setting next_dagrun for day7_customer_churn_pipeline to None, run_after=None
[2025-09-22T14:36:16.311+0000] {processor.py:183} INFO - Processing /opt/airflow/dags/customer_churn_pipeline.py took 17.403 seconds
[2025-09-22T14:36:47.673+0000] {processor.py:161} INFO - Started process (PID=3444) to work on /opt/airflow/dags/customer_churn_pipeline.py
[2025-09-22T14:36:47.695+0000] {processor.py:830} INFO - Processing file /opt/airflow/dags/customer_churn_pipeline.py for tasks to queue
[2025-09-22T14:36:47.771+0000] {logging_mixin.py:188} INFO - [2025-09-22T14:36:47.764+0000] {dagbag.py:538} INFO - Filling up the DagBag from /opt/airflow/dags/customer_churn_pipeline.py
[2025-09-22T14:37:01.752+0000] {processor.py:840} INFO - DAG(s) 'day7_customer_churn_pipeline' retrieved from /opt/airflow/dags/customer_churn_pipeline.py
[2025-09-22T14:37:02.251+0000] {logging_mixin.py:188} INFO - [2025-09-22T14:37:02.243+0000] {dag.py:3036} INFO - Sync 1 DAGs
[2025-09-22T14:37:02.520+0000] {logging_mixin.py:188} INFO - [2025-09-22T14:37:02.516+0000] {dag.py:3823} INFO - Setting next_dagrun for day7_customer_churn_pipeline to None, run_after=None
[2025-09-22T14:37:02.847+0000] {processor.py:183} INFO - Processing /opt/airflow/dags/customer_churn_pipeline.py took 17.567 seconds
[2025-09-22T14:37:33.930+0000] {processor.py:161} INFO - Started process (PID=3463) to work on /opt/airflow/dags/customer_churn_pipeline.py
[2025-09-22T14:37:33.947+0000] {processor.py:830} INFO - Processing file /opt/airflow/dags/customer_churn_pipeline.py for tasks to queue
[2025-09-22T14:37:33.980+0000] {logging_mixin.py:188} INFO - [2025-09-22T14:37:33.975+0000] {dagbag.py:538} INFO - Filling up the DagBag from /opt/airflow/dags/customer_churn_pipeline.py
[2025-09-22T14:37:47.369+0000] {processor.py:840} INFO - DAG(s) 'day7_customer_churn_pipeline' retrieved from /opt/airflow/dags/customer_churn_pipeline.py
[2025-09-22T14:37:47.864+0000] {logging_mixin.py:188} INFO - [2025-09-22T14:37:47.857+0000] {dag.py:3036} INFO - Sync 1 DAGs
[2025-09-22T14:37:48.114+0000] {logging_mixin.py:188} INFO - [2025-09-22T14:37:48.110+0000] {dag.py:3823} INFO - Setting next_dagrun for day7_customer_churn_pipeline to None, run_after=None
[2025-09-22T14:37:48.459+0000] {processor.py:183} INFO - Processing /opt/airflow/dags/customer_churn_pipeline.py took 16.893 seconds
[2025-09-22T14:38:19.309+0000] {processor.py:161} INFO - Started process (PID=3482) to work on /opt/airflow/dags/customer_churn_pipeline.py
[2025-09-22T14:38:19.324+0000] {processor.py:830} INFO - Processing file /opt/airflow/dags/customer_churn_pipeline.py for tasks to queue
[2025-09-22T14:38:19.371+0000] {logging_mixin.py:188} INFO - [2025-09-22T14:38:19.364+0000] {dagbag.py:538} INFO - Filling up the DagBag from /opt/airflow/dags/customer_churn_pipeline.py
[2025-09-22T14:38:34.384+0000] {processor.py:840} INFO - DAG(s) 'day7_customer_churn_pipeline' retrieved from /opt/airflow/dags/customer_churn_pipeline.py
[2025-09-22T14:38:34.808+0000] {logging_mixin.py:188} INFO - [2025-09-22T14:38:34.801+0000] {dag.py:3036} INFO - Sync 1 DAGs
[2025-09-22T14:38:35.068+0000] {logging_mixin.py:188} INFO - [2025-09-22T14:38:35.063+0000] {dag.py:3823} INFO - Setting next_dagrun for day7_customer_churn_pipeline to None, run_after=None
[2025-09-22T14:38:35.378+0000] {processor.py:183} INFO - Processing /opt/airflow/dags/customer_churn_pipeline.py took 16.128 seconds
[2025-09-22T14:39:06.512+0000] {processor.py:161} INFO - Started process (PID=3501) to work on /opt/airflow/dags/customer_churn_pipeline.py
[2025-09-22T14:39:06.529+0000] {processor.py:830} INFO - Processing file /opt/airflow/dags/customer_churn_pipeline.py for tasks to queue
[2025-09-22T14:39:06.568+0000] {logging_mixin.py:188} INFO - [2025-09-22T14:39:06.563+0000] {dagbag.py:538} INFO - Filling up the DagBag from /opt/airflow/dags/customer_churn_pipeline.py
[2025-09-22T14:39:18.585+0000] {processor.py:840} INFO - DAG(s) 'day7_customer_churn_pipeline' retrieved from /opt/airflow/dags/customer_churn_pipeline.py
[2025-09-22T14:39:19.070+0000] {logging_mixin.py:188} INFO - [2025-09-22T14:39:19.061+0000] {dag.py:3036} INFO - Sync 1 DAGs
[2025-09-22T14:39:19.308+0000] {logging_mixin.py:188} INFO - [2025-09-22T14:39:19.305+0000] {dag.py:3823} INFO - Setting next_dagrun for day7_customer_churn_pipeline to None, run_after=None
[2025-09-22T14:39:19.628+0000] {processor.py:183} INFO - Processing /opt/airflow/dags/customer_churn_pipeline.py took 15.481 seconds
[2025-09-22T14:39:50.698+0000] {processor.py:161} INFO - Started process (PID=3520) to work on /opt/airflow/dags/customer_churn_pipeline.py
[2025-09-22T14:39:50.715+0000] {processor.py:830} INFO - Processing file /opt/airflow/dags/customer_churn_pipeline.py for tasks to queue
[2025-09-22T14:39:50.748+0000] {logging_mixin.py:188} INFO - [2025-09-22T14:39:50.742+0000] {dagbag.py:538} INFO - Filling up the DagBag from /opt/airflow/dags/customer_churn_pipeline.py
[2025-09-22T14:40:06.544+0000] {processor.py:840} INFO - DAG(s) 'day7_customer_churn_pipeline' retrieved from /opt/airflow/dags/customer_churn_pipeline.py
[2025-09-22T14:40:06.994+0000] {logging_mixin.py:188} INFO - [2025-09-22T14:40:06.988+0000] {dag.py:3036} INFO - Sync 1 DAGs
[2025-09-22T14:40:07.210+0000] {logging_mixin.py:188} INFO - [2025-09-22T14:40:07.207+0000] {dag.py:3823} INFO - Setting next_dagrun for day7_customer_churn_pipeline to None, run_after=None
[2025-09-22T14:40:07.543+0000] {processor.py:183} INFO - Processing /opt/airflow/dags/customer_churn_pipeline.py took 16.905 seconds
[2025-09-22T14:40:38.613+0000] {processor.py:161} INFO - Started process (PID=3539) to work on /opt/airflow/dags/customer_churn_pipeline.py
[2025-09-22T14:40:38.632+0000] {processor.py:830} INFO - Processing file /opt/airflow/dags/customer_churn_pipeline.py for tasks to queue
[2025-09-22T14:40:38.670+0000] {logging_mixin.py:188} INFO - [2025-09-22T14:40:38.664+0000] {dagbag.py:538} INFO - Filling up the DagBag from /opt/airflow/dags/customer_churn_pipeline.py
[2025-09-22T14:40:54.373+0000] {processor.py:840} INFO - DAG(s) 'day7_customer_churn_pipeline' retrieved from /opt/airflow/dags/customer_churn_pipeline.py
[2025-09-22T14:40:54.756+0000] {logging_mixin.py:188} INFO - [2025-09-22T14:40:54.749+0000] {dag.py:3036} INFO - Sync 1 DAGs
[2025-09-22T14:40:54.989+0000] {logging_mixin.py:188} INFO - [2025-09-22T14:40:54.985+0000] {dag.py:3823} INFO - Setting next_dagrun for day7_customer_churn_pipeline to None, run_after=None
[2025-09-22T14:40:55.316+0000] {processor.py:183} INFO - Processing /opt/airflow/dags/customer_churn_pipeline.py took 16.771 seconds
[2025-09-22T14:41:26.464+0000] {processor.py:161} INFO - Started process (PID=3558) to work on /opt/airflow/dags/customer_churn_pipeline.py
[2025-09-22T14:41:26.480+0000] {processor.py:830} INFO - Processing file /opt/airflow/dags/customer_churn_pipeline.py for tasks to queue
[2025-09-22T14:41:26.513+0000] {logging_mixin.py:188} INFO - [2025-09-22T14:41:26.507+0000] {dagbag.py:538} INFO - Filling up the DagBag from /opt/airflow/dags/customer_churn_pipeline.py
[2025-09-22T14:41:39.733+0000] {processor.py:840} INFO - DAG(s) 'day7_customer_churn_pipeline' retrieved from /opt/airflow/dags/customer_churn_pipeline.py
[2025-09-22T14:41:40.120+0000] {logging_mixin.py:188} INFO - [2025-09-22T14:41:40.114+0000] {dag.py:3036} INFO - Sync 1 DAGs
[2025-09-22T14:41:40.352+0000] {logging_mixin.py:188} INFO - [2025-09-22T14:41:40.348+0000] {dag.py:3823} INFO - Setting next_dagrun for day7_customer_churn_pipeline to None, run_after=None
[2025-09-22T14:41:40.724+0000] {processor.py:183} INFO - Processing /opt/airflow/dags/customer_churn_pipeline.py took 16.631 seconds
[2025-09-22T14:42:11.635+0000] {processor.py:161} INFO - Started process (PID=3577) to work on /opt/airflow/dags/customer_churn_pipeline.py
[2025-09-22T14:42:11.652+0000] {processor.py:830} INFO - Processing file /opt/airflow/dags/customer_churn_pipeline.py for tasks to queue
[2025-09-22T14:42:11.685+0000] {logging_mixin.py:188} INFO - [2025-09-22T14:42:11.680+0000] {dagbag.py:538} INFO - Filling up the DagBag from /opt/airflow/dags/customer_churn_pipeline.py
[2025-09-22T14:42:26.309+0000] {processor.py:840} INFO - DAG(s) 'day7_customer_churn_pipeline' retrieved from /opt/airflow/dags/customer_churn_pipeline.py
[2025-09-22T14:42:24.417+0000] {logging_mixin.py:188} INFO - [2025-09-22T14:42:24.411+0000] {dag.py:3036} INFO - Sync 1 DAGs
[2025-09-22T14:42:24.630+0000] {logging_mixin.py:188} INFO - [2025-09-22T14:42:24.624+0000] {dag.py:3823} INFO - Setting next_dagrun for day7_customer_churn_pipeline to None, run_after=None
[2025-09-22T14:42:24.947+0000] {processor.py:183} INFO - Processing /opt/airflow/dags/customer_churn_pipeline.py took 15.673 seconds
[2025-09-22T14:42:56.082+0000] {processor.py:161} INFO - Started process (PID=3596) to work on /opt/airflow/dags/customer_churn_pipeline.py
[2025-09-22T14:42:56.098+0000] {processor.py:830} INFO - Processing file /opt/airflow/dags/customer_churn_pipeline.py for tasks to queue
[2025-09-22T14:42:56.132+0000] {logging_mixin.py:188} INFO - [2025-09-22T14:42:56.126+0000] {dagbag.py:538} INFO - Filling up the DagBag from /opt/airflow/dags/customer_churn_pipeline.py
[2025-09-22T14:43:11.647+0000] {processor.py:840} INFO - DAG(s) 'day7_customer_churn_pipeline' retrieved from /opt/airflow/dags/customer_churn_pipeline.py
[2025-09-22T14:43:12.059+0000] {logging_mixin.py:188} INFO - [2025-09-22T14:43:12.053+0000] {dag.py:3036} INFO - Sync 1 DAGs
[2025-09-22T14:43:12.278+0000] {logging_mixin.py:188} INFO - [2025-09-22T14:43:12.274+0000] {dag.py:3823} INFO - Setting next_dagrun for day7_customer_churn_pipeline to None, run_after=None
[2025-09-22T14:43:12.640+0000] {processor.py:183} INFO - Processing /opt/airflow/dags/customer_churn_pipeline.py took 16.616 seconds
[2025-09-22T14:43:43.584+0000] {processor.py:161} INFO - Started process (PID=3615) to work on /opt/airflow/dags/customer_churn_pipeline.py
[2025-09-22T14:43:43.603+0000] {processor.py:830} INFO - Processing file /opt/airflow/dags/customer_churn_pipeline.py for tasks to queue
[2025-09-22T14:43:43.636+0000] {logging_mixin.py:188} INFO - [2025-09-22T14:43:43.631+0000] {dagbag.py:538} INFO - Filling up the DagBag from /opt/airflow/dags/customer_churn_pipeline.py
[2025-09-22T14:43:57.083+0000] {processor.py:840} INFO - DAG(s) 'day7_customer_churn_pipeline' retrieved from /opt/airflow/dags/customer_churn_pipeline.py
[2025-09-22T14:43:57.534+0000] {logging_mixin.py:188} INFO - [2025-09-22T14:43:57.528+0000] {dag.py:3036} INFO - Sync 1 DAGs
[2025-09-22T14:43:57.826+0000] {logging_mixin.py:188} INFO - [2025-09-22T14:43:57.821+0000] {dag.py:3823} INFO - Setting next_dagrun for day7_customer_churn_pipeline to None, run_after=None
[2025-09-22T14:43:58.217+0000] {processor.py:183} INFO - Processing /opt/airflow/dags/customer_churn_pipeline.py took 16.995 seconds
[2025-09-22T14:44:29.116+0000] {processor.py:161} INFO - Started process (PID=3634) to work on /opt/airflow/dags/customer_churn_pipeline.py
[2025-09-22T14:44:29.136+0000] {processor.py:830} INFO - Processing file /opt/airflow/dags/customer_churn_pipeline.py for tasks to queue
[2025-09-22T14:44:29.173+0000] {logging_mixin.py:188} INFO - [2025-09-22T14:44:29.167+0000] {dagbag.py:538} INFO - Filling up the DagBag from /opt/airflow/dags/customer_churn_pipeline.py
[2025-09-22T14:44:44.137+0000] {processor.py:840} INFO - DAG(s) 'day7_customer_churn_pipeline' retrieved from /opt/airflow/dags/customer_churn_pipeline.py
[2025-09-22T14:44:44.513+0000] {logging_mixin.py:188} INFO - [2025-09-22T14:44:44.507+0000] {dag.py:3036} INFO - Sync 1 DAGs
[2025-09-22T14:44:44.714+0000] {logging_mixin.py:188} INFO - [2025-09-22T14:44:44.711+0000] {dag.py:3823} INFO - Setting next_dagrun for day7_customer_churn_pipeline to None, run_after=None
[2025-09-22T14:44:45.039+0000] {processor.py:183} INFO - Processing /opt/airflow/dags/customer_churn_pipeline.py took 15.985 seconds
[2025-09-22T14:45:16.253+0000] {processor.py:161} INFO - Started process (PID=3653) to work on /opt/airflow/dags/customer_churn_pipeline.py
[2025-09-22T14:45:16.269+0000] {processor.py:830} INFO - Processing file /opt/airflow/dags/customer_churn_pipeline.py for tasks to queue
[2025-09-22T14:45:16.303+0000] {logging_mixin.py:188} INFO - [2025-09-22T14:45:16.297+0000] {dagbag.py:538} INFO - Filling up the DagBag from /opt/airflow/dags/customer_churn_pipeline.py
[2025-09-22T14:45:31.407+0000] {processor.py:840} INFO - DAG(s) 'day7_customer_churn_pipeline' retrieved from /opt/airflow/dags/customer_churn_pipeline.py
[2025-09-22T14:45:31.808+0000] {logging_mixin.py:188} INFO - [2025-09-22T14:45:31.803+0000] {dag.py:3036} INFO - Sync 1 DAGs
[2025-09-22T14:45:32.009+0000] {logging_mixin.py:188} INFO - [2025-09-22T14:45:32.006+0000] {dag.py:3823} INFO - Setting next_dagrun for day7_customer_churn_pipeline to None, run_after=None
[2025-09-22T14:45:32.313+0000] {processor.py:183} INFO - Processing /opt/airflow/dags/customer_churn_pipeline.py took 16.131 seconds
[2025-09-22T14:46:03.334+0000] {processor.py:161} INFO - Started process (PID=3672) to work on /opt/airflow/dags/customer_churn_pipeline.py
[2025-09-22T14:46:03.352+0000] {processor.py:830} INFO - Processing file /opt/airflow/dags/customer_churn_pipeline.py for tasks to queue
[2025-09-22T14:46:03.397+0000] {logging_mixin.py:188} INFO - [2025-09-22T14:46:03.392+0000] {dagbag.py:538} INFO - Filling up the DagBag from /opt/airflow/dags/customer_churn_pipeline.py
[2025-09-22T14:46:16.299+0000] {processor.py:840} INFO - DAG(s) 'day7_customer_churn_pipeline' retrieved from /opt/airflow/dags/customer_churn_pipeline.py
[2025-09-22T14:46:16.726+0000] {logging_mixin.py:188} INFO - [2025-09-22T14:46:16.720+0000] {dag.py:3036} INFO - Sync 1 DAGs
[2025-09-22T14:46:16.972+0000] {logging_mixin.py:188} INFO - [2025-09-22T14:46:16.968+0000] {dag.py:3823} INFO - Setting next_dagrun for day7_customer_churn_pipeline to None, run_after=None
[2025-09-22T14:46:17.293+0000] {processor.py:183} INFO - Processing /opt/airflow/dags/customer_churn_pipeline.py took 16.353 seconds
[2025-09-22T14:46:48.408+0000] {processor.py:161} INFO - Started process (PID=3691) to work on /opt/airflow/dags/customer_churn_pipeline.py
[2025-09-22T14:46:48.425+0000] {processor.py:830} INFO - Processing file /opt/airflow/dags/customer_churn_pipeline.py for tasks to queue
[2025-09-22T14:46:48.458+0000] {logging_mixin.py:188} INFO - [2025-09-22T14:46:48.453+0000] {dagbag.py:538} INFO - Filling up the DagBag from /opt/airflow/dags/customer_churn_pipeline.py
[2025-09-22T14:47:03.517+0000] {processor.py:840} INFO - DAG(s) 'day7_customer_churn_pipeline' retrieved from /opt/airflow/dags/customer_churn_pipeline.py
[2025-09-22T14:47:01.705+0000] {logging_mixin.py:188} INFO - [2025-09-22T14:47:01.698+0000] {dag.py:3036} INFO - Sync 1 DAGs
[2025-09-22T14:47:01.943+0000] {logging_mixin.py:188} INFO - [2025-09-22T14:47:01.940+0000] {dag.py:3823} INFO - Setting next_dagrun for day7_customer_churn_pipeline to None, run_after=None
[2025-09-22T14:47:02.357+0000] {processor.py:183} INFO - Processing /opt/airflow/dags/customer_churn_pipeline.py took 16.328 seconds
[2025-09-22T14:47:33.055+0000] {processor.py:161} INFO - Started process (PID=3710) to work on /opt/airflow/dags/customer_churn_pipeline.py
[2025-09-22T14:47:33.073+0000] {processor.py:830} INFO - Processing file /opt/airflow/dags/customer_churn_pipeline.py for tasks to queue
[2025-09-22T14:47:33.107+0000] {logging_mixin.py:188} INFO - [2025-09-22T14:47:33.101+0000] {dagbag.py:538} INFO - Filling up the DagBag from /opt/airflow/dags/customer_churn_pipeline.py
[2025-09-22T14:47:49.107+0000] {processor.py:840} INFO - DAG(s) 'day7_customer_churn_pipeline' retrieved from /opt/airflow/dags/customer_churn_pipeline.py
[2025-09-22T14:47:49.611+0000] {logging_mixin.py:188} INFO - [2025-09-22T14:47:49.604+0000] {dag.py:3036} INFO - Sync 1 DAGs
[2025-09-22T14:47:49.916+0000] {logging_mixin.py:188} INFO - [2025-09-22T14:47:49.908+0000] {dag.py:3823} INFO - Setting next_dagrun for day7_customer_churn_pipeline to None, run_after=None
[2025-09-22T14:47:50.347+0000] {processor.py:183} INFO - Processing /opt/airflow/dags/customer_churn_pipeline.py took 17.408 seconds
[2025-09-22T14:48:21.548+0000] {processor.py:161} INFO - Started process (PID=3729) to work on /opt/airflow/dags/customer_churn_pipeline.py
[2025-09-22T14:48:21.568+0000] {processor.py:830} INFO - Processing file /opt/airflow/dags/customer_churn_pipeline.py for tasks to queue
[2025-09-22T14:48:21.610+0000] {logging_mixin.py:188} INFO - [2025-09-22T14:48:21.604+0000] {dagbag.py:538} INFO - Filling up the DagBag from /opt/airflow/dags/customer_churn_pipeline.py
[2025-09-22T14:48:34.085+0000] {processor.py:840} INFO - DAG(s) 'day7_customer_churn_pipeline' retrieved from /opt/airflow/dags/customer_churn_pipeline.py
[2025-09-22T14:48:34.597+0000] {logging_mixin.py:188} INFO - [2025-09-22T14:48:34.591+0000] {dag.py:3036} INFO - Sync 1 DAGs
[2025-09-22T14:48:34.819+0000] {logging_mixin.py:188} INFO - [2025-09-22T14:48:34.815+0000] {dag.py:3823} INFO - Setting next_dagrun for day7_customer_churn_pipeline to None, run_after=None
[2025-09-22T14:48:35.167+0000] {processor.py:183} INFO - Processing /opt/airflow/dags/customer_churn_pipeline.py took 15.985 seconds
[2025-09-22T14:49:05.994+0000] {processor.py:161} INFO - Started process (PID=3748) to work on /opt/airflow/dags/customer_churn_pipeline.py
[2025-09-22T14:49:06.019+0000] {processor.py:830} INFO - Processing file /opt/airflow/dags/customer_churn_pipeline.py for tasks to queue
[2025-09-22T14:49:06.066+0000] {logging_mixin.py:188} INFO - [2025-09-22T14:49:06.061+0000] {dagbag.py:538} INFO - Filling up the DagBag from /opt/airflow/dags/customer_churn_pipeline.py
[2025-09-22T14:49:21.753+0000] {processor.py:840} INFO - DAG(s) 'day7_customer_churn_pipeline' retrieved from /opt/airflow/dags/customer_churn_pipeline.py
[2025-09-22T14:49:22.270+0000] {logging_mixin.py:188} INFO - [2025-09-22T14:49:22.262+0000] {dag.py:3036} INFO - Sync 1 DAGs
[2025-09-22T14:49:22.537+0000] {logging_mixin.py:188} INFO - [2025-09-22T14:49:22.532+0000] {dag.py:3823} INFO - Setting next_dagrun for day7_customer_churn_pipeline to None, run_after=None
[2025-09-22T14:49:22.920+0000] {processor.py:183} INFO - Processing /opt/airflow/dags/customer_churn_pipeline.py took 19.334 seconds
[2025-09-22T14:49:53.991+0000] {processor.py:161} INFO - Started process (PID=3767) to work on /opt/airflow/dags/customer_churn_pipeline.py
[2025-09-22T14:49:54.010+0000] {processor.py:830} INFO - Processing file /opt/airflow/dags/customer_churn_pipeline.py for tasks to queue
[2025-09-22T14:49:54.046+0000] {logging_mixin.py:188} INFO - [2025-09-22T14:49:54.041+0000] {dagbag.py:538} INFO - Filling up the DagBag from /opt/airflow/dags/customer_churn_pipeline.py
[2025-09-22T14:50:08.939+0000] {processor.py:840} INFO - DAG(s) 'day7_customer_churn_pipeline' retrieved from /opt/airflow/dags/customer_churn_pipeline.py
[2025-09-22T14:50:09.318+0000] {logging_mixin.py:188} INFO - [2025-09-22T14:50:09.313+0000] {dag.py:3036} INFO - Sync 1 DAGs
[2025-09-22T14:50:09.529+0000] {logging_mixin.py:188} INFO - [2025-09-22T14:50:09.523+0000] {dag.py:3823} INFO - Setting next_dagrun for day7_customer_churn_pipeline to None, run_after=None
[2025-09-22T14:50:09.881+0000] {processor.py:183} INFO - Processing /opt/airflow/dags/customer_churn_pipeline.py took 15.955 seconds
[2025-09-22T14:50:41.172+0000] {processor.py:161} INFO - Started process (PID=3786) to work on /opt/airflow/dags/customer_churn_pipeline.py
[2025-09-22T14:50:41.191+0000] {processor.py:830} INFO - Processing file /opt/airflow/dags/customer_churn_pipeline.py for tasks to queue
[2025-09-22T14:50:41.227+0000] {logging_mixin.py:188} INFO - [2025-09-22T14:50:41.222+0000] {dagbag.py:538} INFO - Filling up the DagBag from /opt/airflow/dags/customer_churn_pipeline.py
[2025-09-22T14:50:53.817+0000] {processor.py:840} INFO - DAG(s) 'day7_customer_churn_pipeline' retrieved from /opt/airflow/dags/customer_churn_pipeline.py
[2025-09-22T14:50:54.211+0000] {logging_mixin.py:188} INFO - [2025-09-22T14:50:54.205+0000] {dag.py:3036} INFO - Sync 1 DAGs
[2025-09-22T14:50:54.430+0000] {logging_mixin.py:188} INFO - [2025-09-22T14:50:54.425+0000] {dag.py:3823} INFO - Setting next_dagrun for day7_customer_churn_pipeline to None, run_after=None
[2025-09-22T14:50:54.755+0000] {processor.py:183} INFO - Processing /opt/airflow/dags/customer_churn_pipeline.py took 15.976 seconds
[2025-09-22T14:51:26.146+0000] {processor.py:161} INFO - Started process (PID=3805) to work on /opt/airflow/dags/customer_churn_pipeline.py
[2025-09-22T14:51:26.168+0000] {processor.py:830} INFO - Processing file /opt/airflow/dags/customer_churn_pipeline.py for tasks to queue
[2025-09-22T14:51:26.209+0000] {logging_mixin.py:188} INFO - [2025-09-22T14:51:26.204+0000] {dagbag.py:538} INFO - Filling up the DagBag from /opt/airflow/dags/customer_churn_pipeline.py
[2025-09-22T14:51:40.257+0000] {processor.py:840} INFO - DAG(s) 'day7_customer_churn_pipeline' retrieved from /opt/airflow/dags/customer_churn_pipeline.py
[2025-09-22T14:51:40.757+0000] {logging_mixin.py:188} INFO - [2025-09-22T14:51:40.750+0000] {dag.py:3036} INFO - Sync 1 DAGs
[2025-09-22T14:51:40.974+0000] {logging_mixin.py:188} INFO - [2025-09-22T14:51:40.970+0000] {dag.py:3823} INFO - Setting next_dagrun for day7_customer_churn_pipeline to None, run_after=None
[2025-09-22T14:51:41.300+0000] {processor.py:183} INFO - Processing /opt/airflow/dags/customer_churn_pipeline.py took 17.538 seconds
[2025-09-22T14:52:12.290+0000] {processor.py:161} INFO - Started process (PID=3824) to work on /opt/airflow/dags/customer_churn_pipeline.py
[2025-09-22T14:52:12.308+0000] {processor.py:830} INFO - Processing file /opt/airflow/dags/customer_churn_pipeline.py for tasks to queue
[2025-09-22T14:52:12.346+0000] {logging_mixin.py:188} INFO - [2025-09-22T14:52:12.339+0000] {dagbag.py:538} INFO - Filling up the DagBag from /opt/airflow/dags/customer_churn_pipeline.py
[2025-09-22T14:52:26.398+0000] {processor.py:840} INFO - DAG(s) 'day7_customer_churn_pipeline' retrieved from /opt/airflow/dags/customer_churn_pipeline.py
[2025-09-22T14:52:26.805+0000] {logging_mixin.py:188} INFO - [2025-09-22T14:52:26.797+0000] {dag.py:3036} INFO - Sync 1 DAGs
[2025-09-22T14:52:27.008+0000] {logging_mixin.py:188} INFO - [2025-09-22T14:52:27.005+0000] {dag.py:3823} INFO - Setting next_dagrun for day7_customer_churn_pipeline to None, run_after=None
[2025-09-22T14:52:27.311+0000] {processor.py:183} INFO - Processing /opt/airflow/dags/customer_churn_pipeline.py took 15.076 seconds
[2025-09-22T14:52:58.597+0000] {processor.py:161} INFO - Started process (PID=3843) to work on /opt/airflow/dags/customer_churn_pipeline.py
[2025-09-22T14:52:58.613+0000] {processor.py:830} INFO - Processing file /opt/airflow/dags/customer_churn_pipeline.py for tasks to queue
[2025-09-22T14:52:58.645+0000] {logging_mixin.py:188} INFO - [2025-09-22T14:52:58.640+0000] {dagbag.py:538} INFO - Filling up the DagBag from /opt/airflow/dags/customer_churn_pipeline.py
[2025-09-22T14:53:11.985+0000] {processor.py:840} INFO - DAG(s) 'day7_customer_churn_pipeline' retrieved from /opt/airflow/dags/customer_churn_pipeline.py
[2025-09-22T14:53:12.460+0000] {logging_mixin.py:188} INFO - [2025-09-22T14:53:12.453+0000] {dag.py:3036} INFO - Sync 1 DAGs
[2025-09-22T14:53:12.730+0000] {logging_mixin.py:188} INFO - [2025-09-22T14:53:12.722+0000] {dag.py:3823} INFO - Setting next_dagrun for day7_customer_churn_pipeline to None, run_after=None
[2025-09-22T14:53:13.063+0000] {processor.py:183} INFO - Processing /opt/airflow/dags/customer_churn_pipeline.py took 16.833 seconds
[2025-09-22T14:53:44.104+0000] {processor.py:161} INFO - Started process (PID=3862) to work on /opt/airflow/dags/customer_churn_pipeline.py
[2025-09-22T14:53:44.122+0000] {processor.py:830} INFO - Processing file /opt/airflow/dags/customer_churn_pipeline.py for tasks to queue
[2025-09-22T14:53:44.155+0000] {logging_mixin.py:188} INFO - [2025-09-22T14:53:44.150+0000] {dagbag.py:538} INFO - Filling up the DagBag from /opt/airflow/dags/customer_churn_pipeline.py
[2025-09-22T14:53:58.735+0000] {processor.py:840} INFO - DAG(s) 'day7_customer_churn_pipeline' retrieved from /opt/airflow/dags/customer_churn_pipeline.py
[2025-09-22T14:53:59.206+0000] {logging_mixin.py:188} INFO - [2025-09-22T14:53:59.200+0000] {dag.py:3036} INFO - Sync 1 DAGs
[2025-09-22T14:53:59.488+0000] {logging_mixin.py:188} INFO - [2025-09-22T14:53:59.484+0000] {dag.py:3823} INFO - Setting next_dagrun for day7_customer_churn_pipeline to None, run_after=None
[2025-09-22T14:53:57.547+0000] {processor.py:183} INFO - Processing /opt/airflow/dags/customer_churn_pipeline.py took 15.809 seconds
[2025-09-22T14:54:28.794+0000] {processor.py:161} INFO - Started process (PID=3881) to work on /opt/airflow/dags/customer_churn_pipeline.py
[2025-09-22T14:54:28.813+0000] {processor.py:830} INFO - Processing file /opt/airflow/dags/customer_churn_pipeline.py for tasks to queue
[2025-09-22T14:54:28.862+0000] {logging_mixin.py:188} INFO - [2025-09-22T14:54:28.855+0000] {dagbag.py:538} INFO - Filling up the DagBag from /opt/airflow/dags/customer_churn_pipeline.py
[2025-09-22T14:54:44.579+0000] {processor.py:840} INFO - DAG(s) 'day7_customer_churn_pipeline' retrieved from /opt/airflow/dags/customer_churn_pipeline.py
[2025-09-22T14:54:45.026+0000] {logging_mixin.py:188} INFO - [2025-09-22T14:54:45.019+0000] {dag.py:3036} INFO - Sync 1 DAGs
[2025-09-22T14:54:45.240+0000] {logging_mixin.py:188} INFO - [2025-09-22T14:54:45.236+0000] {dag.py:3823} INFO - Setting next_dagrun for day7_customer_churn_pipeline to None, run_after=None
[2025-09-22T14:54:45.564+0000] {processor.py:183} INFO - Processing /opt/airflow/dags/customer_churn_pipeline.py took 16.875 seconds
[2025-09-22T14:55:16.418+0000] {processor.py:161} INFO - Started process (PID=3900) to work on /opt/airflow/dags/customer_churn_pipeline.py
[2025-09-22T14:55:16.443+0000] {processor.py:830} INFO - Processing file /opt/airflow/dags/customer_churn_pipeline.py for tasks to queue
[2025-09-22T14:55:16.500+0000] {logging_mixin.py:188} INFO - [2025-09-22T14:55:16.488+0000] {dagbag.py:538} INFO - Filling up the DagBag from /opt/airflow/dags/customer_churn_pipeline.py
[2025-09-22T14:55:30.873+0000] {processor.py:840} INFO - DAG(s) 'day7_customer_churn_pipeline' retrieved from /opt/airflow/dags/customer_churn_pipeline.py
[2025-09-22T14:55:31.309+0000] {logging_mixin.py:188} INFO - [2025-09-22T14:55:31.302+0000] {dag.py:3036} INFO - Sync 1 DAGs
[2025-09-22T14:55:31.544+0000] {logging_mixin.py:188} INFO - [2025-09-22T14:55:31.540+0000] {dag.py:3823} INFO - Setting next_dagrun for day7_customer_churn_pipeline to None, run_after=None
[2025-09-22T14:55:31.867+0000] {processor.py:183} INFO - Processing /opt/airflow/dags/customer_churn_pipeline.py took 17.861 seconds
[2025-09-22T14:56:02.728+0000] {processor.py:161} INFO - Started process (PID=3919) to work on /opt/airflow/dags/customer_churn_pipeline.py
[2025-09-22T14:56:02.748+0000] {processor.py:830} INFO - Processing file /opt/airflow/dags/customer_churn_pipeline.py for tasks to queue
[2025-09-22T14:56:02.784+0000] {logging_mixin.py:188} INFO - [2025-09-22T14:56:02.778+0000] {dagbag.py:538} INFO - Filling up the DagBag from /opt/airflow/dags/customer_churn_pipeline.py
[2025-09-22T14:56:18.044+0000] {processor.py:840} INFO - DAG(s) 'day7_customer_churn_pipeline' retrieved from /opt/airflow/dags/customer_churn_pipeline.py
[2025-09-22T14:56:16.253+0000] {logging_mixin.py:188} INFO - [2025-09-22T14:56:16.245+0000] {dag.py:3036} INFO - Sync 1 DAGs
[2025-09-22T14:56:16.484+0000] {logging_mixin.py:188} INFO - [2025-09-22T14:56:16.481+0000] {dag.py:3823} INFO - Setting next_dagrun for day7_customer_churn_pipeline to None, run_after=None
[2025-09-22T14:56:16.823+0000] {processor.py:183} INFO - Processing /opt/airflow/dags/customer_churn_pipeline.py took 16.492 seconds
[2025-09-22T14:56:48.034+0000] {processor.py:161} INFO - Started process (PID=3938) to work on /opt/airflow/dags/customer_churn_pipeline.py
[2025-09-22T14:56:48.048+0000] {processor.py:830} INFO - Processing file /opt/airflow/dags/customer_churn_pipeline.py for tasks to queue
[2025-09-22T14:56:48.097+0000] {logging_mixin.py:188} INFO - [2025-09-22T14:56:48.089+0000] {dagbag.py:538} INFO - Filling up the DagBag from /opt/airflow/dags/customer_churn_pipeline.py
[2025-09-22T14:57:03.548+0000] {processor.py:840} INFO - DAG(s) 'day7_customer_churn_pipeline' retrieved from /opt/airflow/dags/customer_churn_pipeline.py
[2025-09-22T14:57:03.998+0000] {logging_mixin.py:188} INFO - [2025-09-22T14:57:03.991+0000] {dag.py:3036} INFO - Sync 1 DAGs
[2025-09-22T14:57:04.255+0000] {logging_mixin.py:188} INFO - [2025-09-22T14:57:04.250+0000] {dag.py:3823} INFO - Setting next_dagrun for day7_customer_churn_pipeline to None, run_after=None
[2025-09-22T14:57:04.559+0000] {processor.py:183} INFO - Processing /opt/airflow/dags/customer_churn_pipeline.py took 16.588 seconds
[2025-09-22T14:57:36.096+0000] {processor.py:161} INFO - Started process (PID=3957) to work on /opt/airflow/dags/customer_churn_pipeline.py
[2025-09-22T14:57:36.115+0000] {processor.py:830} INFO - Processing file /opt/airflow/dags/customer_churn_pipeline.py for tasks to queue
[2025-09-22T14:57:36.166+0000] {logging_mixin.py:188} INFO - [2025-09-22T14:57:36.157+0000] {dagbag.py:538} INFO - Filling up the DagBag from /opt/airflow/dags/customer_churn_pipeline.py
[2025-09-22T14:57:49.696+0000] {processor.py:840} INFO - DAG(s) 'day7_customer_churn_pipeline' retrieved from /opt/airflow/dags/customer_churn_pipeline.py
[2025-09-22T14:57:50.170+0000] {logging_mixin.py:188} INFO - [2025-09-22T14:57:50.163+0000] {dag.py:3036} INFO - Sync 1 DAGs
[2025-09-22T14:57:50.494+0000] {logging_mixin.py:188} INFO - [2025-09-22T14:57:50.490+0000] {dag.py:3823} INFO - Setting next_dagrun for day7_customer_churn_pipeline to None, run_after=None
[2025-09-22T14:57:50.880+0000] {processor.py:183} INFO - Processing /opt/airflow/dags/customer_churn_pipeline.py took 17.152 seconds
[2025-09-22T14:58:21.814+0000] {processor.py:161} INFO - Started process (PID=3976) to work on /opt/airflow/dags/customer_churn_pipeline.py
[2025-09-22T14:58:21.849+0000] {processor.py:830} INFO - Processing file /opt/airflow/dags/customer_churn_pipeline.py for tasks to queue
[2025-09-22T14:58:21.900+0000] {logging_mixin.py:188} INFO - [2025-09-22T14:58:21.892+0000] {dagbag.py:538} INFO - Filling up the DagBag from /opt/airflow/dags/customer_churn_pipeline.py
[2025-09-22T14:58:36.663+0000] {processor.py:840} INFO - DAG(s) 'day7_customer_churn_pipeline' retrieved from /opt/airflow/dags/customer_churn_pipeline.py
[2025-09-22T14:58:34.790+0000] {logging_mixin.py:188} INFO - [2025-09-22T14:58:34.784+0000] {dag.py:3036} INFO - Sync 1 DAGs
[2025-09-22T14:58:35.024+0000] {logging_mixin.py:188} INFO - [2025-09-22T14:58:35.020+0000] {dag.py:3823} INFO - Setting next_dagrun for day7_customer_churn_pipeline to None, run_after=None
[2025-09-22T14:58:35.347+0000] {processor.py:183} INFO - Processing /opt/airflow/dags/customer_churn_pipeline.py took 15.942 seconds
[2025-09-22T14:59:05.991+0000] {processor.py:161} INFO - Started process (PID=3995) to work on /opt/airflow/dags/customer_churn_pipeline.py
[2025-09-22T14:59:06.012+0000] {processor.py:830} INFO - Processing file /opt/airflow/dags/customer_churn_pipeline.py for tasks to queue
[2025-09-22T14:59:06.071+0000] {logging_mixin.py:188} INFO - [2025-09-22T14:59:06.064+0000] {dagbag.py:538} INFO - Filling up the DagBag from /opt/airflow/dags/customer_churn_pipeline.py
[2025-09-22T14:59:21.415+0000] {processor.py:840} INFO - DAG(s) 'day7_customer_churn_pipeline' retrieved from /opt/airflow/dags/customer_churn_pipeline.py
[2025-09-22T14:59:21.822+0000] {logging_mixin.py:188} INFO - [2025-09-22T14:59:21.816+0000] {dag.py:3036} INFO - Sync 1 DAGs
[2025-09-22T14:59:22.021+0000] {logging_mixin.py:188} INFO - [2025-09-22T14:59:22.016+0000] {dag.py:3823} INFO - Setting next_dagrun for day7_customer_churn_pipeline to None, run_after=None
[2025-09-22T14:59:22.362+0000] {processor.py:183} INFO - Processing /opt/airflow/dags/customer_churn_pipeline.py took 16.433 seconds
[2025-09-22T14:59:53.707+0000] {processor.py:161} INFO - Started process (PID=4014) to work on /opt/airflow/dags/customer_churn_pipeline.py
[2025-09-22T14:59:53.730+0000] {processor.py:830} INFO - Processing file /opt/airflow/dags/customer_churn_pipeline.py for tasks to queue
[2025-09-22T14:59:53.774+0000] {logging_mixin.py:188} INFO - [2025-09-22T14:59:53.768+0000] {dagbag.py:538} INFO - Filling up the DagBag from /opt/airflow/dags/customer_churn_pipeline.py
[2025-09-22T15:00:06.920+0000] {processor.py:840} INFO - DAG(s) 'day7_customer_churn_pipeline' retrieved from /opt/airflow/dags/customer_churn_pipeline.py
[2025-09-22T15:00:07.304+0000] {logging_mixin.py:188} INFO - [2025-09-22T15:00:07.298+0000] {dag.py:3036} INFO - Sync 1 DAGs
[2025-09-22T15:00:07.522+0000] {logging_mixin.py:188} INFO - [2025-09-22T15:00:07.518+0000] {dag.py:3823} INFO - Setting next_dagrun for day7_customer_churn_pipeline to None, run_after=None
[2025-09-22T15:00:07.849+0000] {processor.py:183} INFO - Processing /opt/airflow/dags/customer_churn_pipeline.py took 16.524 seconds
[2025-09-22T15:00:38.815+0000] {processor.py:161} INFO - Started process (PID=4033) to work on /opt/airflow/dags/customer_churn_pipeline.py
[2025-09-22T15:00:38.838+0000] {processor.py:830} INFO - Processing file /opt/airflow/dags/customer_churn_pipeline.py for tasks to queue
[2025-09-22T15:00:38.888+0000] {logging_mixin.py:188} INFO - [2025-09-22T15:00:38.879+0000] {dagbag.py:538} INFO - Filling up the DagBag from /opt/airflow/dags/customer_churn_pipeline.py
[2025-09-22T15:00:53.321+0000] {processor.py:840} INFO - DAG(s) 'day7_customer_churn_pipeline' retrieved from /opt/airflow/dags/customer_churn_pipeline.py
[2025-09-22T15:00:53.792+0000] {logging_mixin.py:188} INFO - [2025-09-22T15:00:53.786+0000] {dag.py:3036} INFO - Sync 1 DAGs
[2025-09-22T15:00:53.999+0000] {logging_mixin.py:188} INFO - [2025-09-22T15:00:53.996+0000] {dag.py:3823} INFO - Setting next_dagrun for day7_customer_churn_pipeline to None, run_after=None
[2025-09-22T15:00:54.322+0000] {processor.py:183} INFO - Processing /opt/airflow/dags/customer_churn_pipeline.py took 17.881 seconds
[2025-09-22T15:01:25.411+0000] {processor.py:161} INFO - Started process (PID=4052) to work on /opt/airflow/dags/customer_churn_pipeline.py
[2025-09-22T15:01:25.428+0000] {processor.py:830} INFO - Processing file /opt/airflow/dags/customer_churn_pipeline.py for tasks to queue
[2025-09-22T15:01:25.467+0000] {logging_mixin.py:188} INFO - [2025-09-22T15:01:25.462+0000] {dagbag.py:538} INFO - Filling up the DagBag from /opt/airflow/dags/customer_churn_pipeline.py
[2025-09-22T15:01:41.484+0000] {processor.py:840} INFO - DAG(s) 'day7_customer_churn_pipeline' retrieved from /opt/airflow/dags/customer_churn_pipeline.py
[2025-09-22T15:01:41.963+0000] {logging_mixin.py:188} INFO - [2025-09-22T15:01:41.956+0000] {dag.py:3036} INFO - Sync 1 DAGs
[2025-09-22T15:01:42.174+0000] {logging_mixin.py:188} INFO - [2025-09-22T15:01:42.170+0000] {dag.py:3823} INFO - Setting next_dagrun for day7_customer_churn_pipeline to None, run_after=None
[2025-09-22T15:01:42.520+0000] {processor.py:183} INFO - Processing /opt/airflow/dags/customer_churn_pipeline.py took 17.162 seconds
[2025-09-22T15:02:13.372+0000] {processor.py:161} INFO - Started process (PID=4071) to work on /opt/airflow/dags/customer_churn_pipeline.py
[2025-09-22T15:02:13.388+0000] {processor.py:830} INFO - Processing file /opt/airflow/dags/customer_churn_pipeline.py for tasks to queue
[2025-09-22T15:02:13.421+0000] {logging_mixin.py:188} INFO - [2025-09-22T15:02:13.415+0000] {dagbag.py:538} INFO - Filling up the DagBag from /opt/airflow/dags/customer_churn_pipeline.py
[2025-09-22T15:02:26.692+0000] {processor.py:840} INFO - DAG(s) 'day7_customer_churn_pipeline' retrieved from /opt/airflow/dags/customer_churn_pipeline.py
[2025-09-22T15:02:27.089+0000] {logging_mixin.py:188} INFO - [2025-09-22T15:02:27.083+0000] {dag.py:3036} INFO - Sync 1 DAGs
[2025-09-22T15:02:27.309+0000] {logging_mixin.py:188} INFO - [2025-09-22T15:02:27.305+0000] {dag.py:3823} INFO - Setting next_dagrun for day7_customer_churn_pipeline to None, run_after=None
[2025-09-22T15:02:27.623+0000] {processor.py:183} INFO - Processing /opt/airflow/dags/customer_churn_pipeline.py took 16.622 seconds
[2025-09-22T15:02:58.851+0000] {processor.py:161} INFO - Started process (PID=4090) to work on /opt/airflow/dags/customer_churn_pipeline.py
[2025-09-22T15:02:58.870+0000] {processor.py:830} INFO - Processing file /opt/airflow/dags/customer_churn_pipeline.py for tasks to queue
[2025-09-22T15:02:58.918+0000] {logging_mixin.py:188} INFO - [2025-09-22T15:02:58.911+0000] {dagbag.py:538} INFO - Filling up the DagBag from /opt/airflow/dags/customer_churn_pipeline.py
[2025-09-22T15:03:12.231+0000] {processor.py:840} INFO - DAG(s) 'day7_customer_churn_pipeline' retrieved from /opt/airflow/dags/customer_churn_pipeline.py
[2025-09-22T15:03:12.706+0000] {logging_mixin.py:188} INFO - [2025-09-22T15:03:12.701+0000] {dag.py:3036} INFO - Sync 1 DAGs
[2025-09-22T15:03:12.908+0000] {logging_mixin.py:188} INFO - [2025-09-22T15:03:12.904+0000] {dag.py:3823} INFO - Setting next_dagrun for day7_customer_churn_pipeline to None, run_after=None
[2025-09-22T15:03:13.220+0000] {processor.py:183} INFO - Processing /opt/airflow/dags/customer_churn_pipeline.py took 16.749 seconds
[2025-09-22T15:03:44.348+0000] {processor.py:161} INFO - Started process (PID=4109) to work on /opt/airflow/dags/customer_churn_pipeline.py
[2025-09-22T15:03:44.365+0000] {processor.py:830} INFO - Processing file /opt/airflow/dags/customer_churn_pipeline.py for tasks to queue
[2025-09-22T15:03:44.402+0000] {logging_mixin.py:188} INFO - [2025-09-22T15:03:44.395+0000] {dagbag.py:538} INFO - Filling up the DagBag from /opt/airflow/dags/customer_churn_pipeline.py
[2025-09-22T15:03:59.335+0000] {processor.py:840} INFO - DAG(s) 'day7_customer_churn_pipeline' retrieved from /opt/airflow/dags/customer_churn_pipeline.py
[2025-09-22T15:03:59.725+0000] {logging_mixin.py:188} INFO - [2025-09-22T15:03:59.716+0000] {dag.py:3036} INFO - Sync 1 DAGs
[2025-09-22T15:03:59.963+0000] {logging_mixin.py:188} INFO - [2025-09-22T15:03:59.959+0000] {dag.py:3823} INFO - Setting next_dagrun for day7_customer_churn_pipeline to None, run_after=None
[2025-09-22T15:04:00.312+0000] {processor.py:183} INFO - Processing /opt/airflow/dags/customer_churn_pipeline.py took 16.040 seconds
[2025-09-22T15:04:32.098+0000] {processor.py:161} INFO - Started process (PID=4128) to work on /opt/airflow/dags/customer_churn_pipeline.py
[2025-09-22T15:04:32.137+0000] {processor.py:830} INFO - Processing file /opt/airflow/dags/customer_churn_pipeline.py for tasks to queue
[2025-09-22T15:04:32.206+0000] {logging_mixin.py:188} INFO - [2025-09-22T15:04:32.196+0000] {dagbag.py:538} INFO - Filling up the DagBag from /opt/airflow/dags/customer_churn_pipeline.py
[2025-09-22T15:04:47.162+0000] {processor.py:840} INFO - DAG(s) 'day7_customer_churn_pipeline' retrieved from /opt/airflow/dags/customer_churn_pipeline.py
[2025-09-22T15:04:47.666+0000] {logging_mixin.py:188} INFO - [2025-09-22T15:04:47.660+0000] {dag.py:3036} INFO - Sync 1 DAGs
[2025-09-22T15:04:47.911+0000] {logging_mixin.py:188} INFO - [2025-09-22T15:04:47.907+0000] {dag.py:3823} INFO - Setting next_dagrun for day7_customer_churn_pipeline to None, run_after=None
[2025-09-22T15:04:48.231+0000] {processor.py:183} INFO - Processing /opt/airflow/dags/customer_churn_pipeline.py took 18.613 seconds
[2025-09-22T15:05:19.866+0000] {processor.py:161} INFO - Started process (PID=4147) to work on /opt/airflow/dags/customer_churn_pipeline.py
[2025-09-22T15:05:19.882+0000] {processor.py:830} INFO - Processing file /opt/airflow/dags/customer_churn_pipeline.py for tasks to queue
[2025-09-22T15:05:19.917+0000] {logging_mixin.py:188} INFO - [2025-09-22T15:05:19.910+0000] {dagbag.py:538} INFO - Filling up the DagBag from /opt/airflow/dags/customer_churn_pipeline.py
[2025-09-22T15:05:32.704+0000] {processor.py:840} INFO - DAG(s) 'day7_customer_churn_pipeline' retrieved from /opt/airflow/dags/customer_churn_pipeline.py
[2025-09-22T15:05:33.105+0000] {logging_mixin.py:188} INFO - [2025-09-22T15:05:33.100+0000] {dag.py:3036} INFO - Sync 1 DAGs
[2025-09-22T15:05:33.302+0000] {logging_mixin.py:188} INFO - [2025-09-22T15:05:33.298+0000] {dag.py:3823} INFO - Setting next_dagrun for day7_customer_churn_pipeline to None, run_after=None
[2025-09-22T15:05:33.610+0000] {processor.py:183} INFO - Processing /opt/airflow/dags/customer_churn_pipeline.py took 16.111 seconds
[2025-09-22T15:06:04.338+0000] {processor.py:161} INFO - Started process (PID=4166) to work on /opt/airflow/dags/customer_churn_pipeline.py
[2025-09-22T15:06:04.356+0000] {processor.py:830} INFO - Processing file /opt/airflow/dags/customer_churn_pipeline.py for tasks to queue
[2025-09-22T15:06:04.390+0000] {logging_mixin.py:188} INFO - [2025-09-22T15:06:04.385+0000] {dagbag.py:538} INFO - Filling up the DagBag from /opt/airflow/dags/customer_churn_pipeline.py
[2025-09-22T15:06:19.291+0000] {processor.py:840} INFO - DAG(s) 'day7_customer_churn_pipeline' retrieved from /opt/airflow/dags/customer_churn_pipeline.py
[2025-09-22T15:06:19.716+0000] {logging_mixin.py:188} INFO - [2025-09-22T15:06:19.708+0000] {dag.py:3036} INFO - Sync 1 DAGs
[2025-09-22T15:06:19.947+0000] {logging_mixin.py:188} INFO - [2025-09-22T15:06:19.944+0000] {dag.py:3823} INFO - Setting next_dagrun for day7_customer_churn_pipeline to None, run_after=None
[2025-09-22T15:06:20.285+0000] {processor.py:183} INFO - Processing /opt/airflow/dags/customer_churn_pipeline.py took 16.006 seconds
[2025-09-22T15:06:51.988+0000] {processor.py:161} INFO - Started process (PID=4185) to work on /opt/airflow/dags/customer_churn_pipeline.py
[2025-09-22T15:06:52.014+0000] {processor.py:830} INFO - Processing file /opt/airflow/dags/customer_churn_pipeline.py for tasks to queue
[2025-09-22T15:06:52.068+0000] {logging_mixin.py:188} INFO - [2025-09-22T15:06:52.062+0000] {dagbag.py:538} INFO - Filling up the DagBag from /opt/airflow/dags/customer_churn_pipeline.py
[2025-09-22T15:07:05.831+0000] {processor.py:840} INFO - DAG(s) 'day7_customer_churn_pipeline' retrieved from /opt/airflow/dags/customer_churn_pipeline.py
[2025-09-22T15:07:06.295+0000] {logging_mixin.py:188} INFO - [2025-09-22T15:07:06.288+0000] {dag.py:3036} INFO - Sync 1 DAGs
[2025-09-22T15:07:06.563+0000] {logging_mixin.py:188} INFO - [2025-09-22T15:07:06.560+0000] {dag.py:3823} INFO - Setting next_dagrun for day7_customer_churn_pipeline to None, run_after=None
[2025-09-22T15:07:06.894+0000] {processor.py:183} INFO - Processing /opt/airflow/dags/customer_churn_pipeline.py took 17.331 seconds
[2025-09-22T15:07:38.180+0000] {processor.py:161} INFO - Started process (PID=4204) to work on /opt/airflow/dags/customer_churn_pipeline.py
[2025-09-22T15:07:38.197+0000] {processor.py:830} INFO - Processing file /opt/airflow/dags/customer_churn_pipeline.py for tasks to queue
[2025-09-22T15:07:38.236+0000] {logging_mixin.py:188} INFO - [2025-09-22T15:07:38.230+0000] {dagbag.py:538} INFO - Filling up the DagBag from /opt/airflow/dags/customer_churn_pipeline.py
[2025-09-22T15:07:52.053+0000] {processor.py:840} INFO - DAG(s) 'day7_customer_churn_pipeline' retrieved from /opt/airflow/dags/customer_churn_pipeline.py
[2025-09-22T15:07:52.510+0000] {logging_mixin.py:188} INFO - [2025-09-22T15:07:52.500+0000] {dag.py:3036} INFO - Sync 1 DAGs
[2025-09-22T15:07:52.762+0000] {logging_mixin.py:188} INFO - [2025-09-22T15:07:52.757+0000] {dag.py:3823} INFO - Setting next_dagrun for day7_customer_churn_pipeline to None, run_after=None
[2025-09-22T15:07:53.109+0000] {processor.py:183} INFO - Processing /opt/airflow/dags/customer_churn_pipeline.py took 17.301 seconds
[2025-09-22T15:08:24.542+0000] {processor.py:161} INFO - Started process (PID=4223) to work on /opt/airflow/dags/customer_churn_pipeline.py
[2025-09-22T15:08:24.559+0000] {processor.py:830} INFO - Processing file /opt/airflow/dags/customer_churn_pipeline.py for tasks to queue
[2025-09-22T15:08:24.604+0000] {logging_mixin.py:188} INFO - [2025-09-22T15:08:24.597+0000] {dagbag.py:538} INFO - Filling up the DagBag from /opt/airflow/dags/customer_churn_pipeline.py
[2025-09-22T15:08:40.306+0000] {processor.py:840} INFO - DAG(s) 'day7_customer_churn_pipeline' retrieved from /opt/airflow/dags/customer_churn_pipeline.py
[2025-09-22T15:08:40.729+0000] {logging_mixin.py:188} INFO - [2025-09-22T15:08:40.721+0000] {dag.py:3036} INFO - Sync 1 DAGs
[2025-09-22T15:08:40.993+0000] {logging_mixin.py:188} INFO - [2025-09-22T15:08:40.988+0000] {dag.py:3823} INFO - Setting next_dagrun for day7_customer_churn_pipeline to None, run_after=None
[2025-09-22T15:08:41.376+0000] {processor.py:183} INFO - Processing /opt/airflow/dags/customer_churn_pipeline.py took 16.903 seconds
[2025-09-22T15:09:12.503+0000] {processor.py:161} INFO - Started process (PID=4242) to work on /opt/airflow/dags/customer_churn_pipeline.py
[2025-09-22T15:09:12.524+0000] {processor.py:830} INFO - Processing file /opt/airflow/dags/customer_churn_pipeline.py for tasks to queue
[2025-09-22T15:09:12.563+0000] {logging_mixin.py:188} INFO - [2025-09-22T15:09:12.557+0000] {dagbag.py:538} INFO - Filling up the DagBag from /opt/airflow/dags/customer_churn_pipeline.py
[2025-09-22T15:09:25.924+0000] {processor.py:840} INFO - DAG(s) 'day7_customer_churn_pipeline' retrieved from /opt/airflow/dags/customer_churn_pipeline.py
[2025-09-22T15:09:26.324+0000] {logging_mixin.py:188} INFO - [2025-09-22T15:09:26.318+0000] {dag.py:3036} INFO - Sync 1 DAGs
[2025-09-22T15:09:26.570+0000] {logging_mixin.py:188} INFO - [2025-09-22T15:09:26.567+0000] {dag.py:3823} INFO - Setting next_dagrun for day7_customer_churn_pipeline to None, run_after=None
[2025-09-22T15:09:26.922+0000] {processor.py:183} INFO - Processing /opt/airflow/dags/customer_churn_pipeline.py took 16.808 seconds
[2025-09-22T15:09:57.998+0000] {processor.py:161} INFO - Started process (PID=4261) to work on /opt/airflow/dags/customer_churn_pipeline.py
[2025-09-22T15:09:58.012+0000] {processor.py:830} INFO - Processing file /opt/airflow/dags/customer_churn_pipeline.py for tasks to queue
[2025-09-22T15:09:58.082+0000] {logging_mixin.py:188} INFO - [2025-09-22T15:09:58.073+0000] {dagbag.py:538} INFO - Filling up the DagBag from /opt/airflow/dags/customer_churn_pipeline.py
[2025-09-22T15:10:10.874+0000] {processor.py:840} INFO - DAG(s) 'day7_customer_churn_pipeline' retrieved from /opt/airflow/dags/customer_churn_pipeline.py
[2025-09-22T15:10:11.271+0000] {logging_mixin.py:188} INFO - [2025-09-22T15:10:11.266+0000] {dag.py:3036} INFO - Sync 1 DAGs
[2025-09-22T15:10:11.485+0000] {logging_mixin.py:188} INFO - [2025-09-22T15:10:11.480+0000] {dag.py:3823} INFO - Setting next_dagrun for day7_customer_churn_pipeline to None, run_after=None
[2025-09-22T15:10:11.821+0000] {processor.py:183} INFO - Processing /opt/airflow/dags/customer_churn_pipeline.py took 16.216 seconds
[2025-09-22T15:10:43.038+0000] {processor.py:161} INFO - Started process (PID=4280) to work on /opt/airflow/dags/customer_churn_pipeline.py
[2025-09-22T15:10:43.060+0000] {processor.py:830} INFO - Processing file /opt/airflow/dags/customer_churn_pipeline.py for tasks to queue
[2025-09-22T15:10:43.097+0000] {logging_mixin.py:188} INFO - [2025-09-22T15:10:43.091+0000] {dagbag.py:538} INFO - Filling up the DagBag from /opt/airflow/dags/customer_churn_pipeline.py
[2025-09-22T15:10:58.520+0000] {processor.py:840} INFO - DAG(s) 'day7_customer_churn_pipeline' retrieved from /opt/airflow/dags/customer_churn_pipeline.py
[2025-09-22T15:10:58.923+0000] {logging_mixin.py:188} INFO - [2025-09-22T15:10:58.917+0000] {dag.py:3036} INFO - Sync 1 DAGs
[2025-09-22T15:10:59.146+0000] {logging_mixin.py:188} INFO - [2025-09-22T15:10:59.141+0000] {dag.py:3823} INFO - Setting next_dagrun for day7_customer_churn_pipeline to None, run_after=None
[2025-09-22T15:10:59.478+0000] {processor.py:183} INFO - Processing /opt/airflow/dags/customer_churn_pipeline.py took 16.522 seconds
[2025-09-22T15:11:30.679+0000] {processor.py:161} INFO - Started process (PID=4299) to work on /opt/airflow/dags/customer_churn_pipeline.py
[2025-09-22T15:11:30.700+0000] {processor.py:830} INFO - Processing file /opt/airflow/dags/customer_churn_pipeline.py for tasks to queue
[2025-09-22T15:11:30.733+0000] {logging_mixin.py:188} INFO - [2025-09-22T15:11:30.727+0000] {dagbag.py:538} INFO - Filling up the DagBag from /opt/airflow/dags/customer_churn_pipeline.py
[2025-09-22T15:11:45.171+0000] {processor.py:840} INFO - DAG(s) 'day7_customer_churn_pipeline' retrieved from /opt/airflow/dags/customer_churn_pipeline.py
[2025-09-22T15:11:45.630+0000] {logging_mixin.py:188} INFO - [2025-09-22T15:11:45.618+0000] {dag.py:3036} INFO - Sync 1 DAGs
[2025-09-22T15:11:45.882+0000] {logging_mixin.py:188} INFO - [2025-09-22T15:11:45.876+0000] {dag.py:3823} INFO - Setting next_dagrun for day7_customer_churn_pipeline to None, run_after=None
[2025-09-22T15:11:46.269+0000] {processor.py:183} INFO - Processing /opt/airflow/dags/customer_churn_pipeline.py took 17.950 seconds
[2025-09-22T15:12:17.123+0000] {processor.py:161} INFO - Started process (PID=4318) to work on /opt/airflow/dags/customer_churn_pipeline.py
[2025-09-22T15:12:17.141+0000] {processor.py:830} INFO - Processing file /opt/airflow/dags/customer_churn_pipeline.py for tasks to queue
[2025-09-22T15:12:17.188+0000] {logging_mixin.py:188} INFO - [2025-09-22T15:12:17.183+0000] {dagbag.py:538} INFO - Filling up the DagBag from /opt/airflow/dags/customer_churn_pipeline.py
[2025-09-22T15:12:30.072+0000] {processor.py:840} INFO - DAG(s) 'day7_customer_churn_pipeline' retrieved from /opt/airflow/dags/customer_churn_pipeline.py
[2025-09-22T15:12:30.572+0000] {logging_mixin.py:188} INFO - [2025-09-22T15:12:30.564+0000] {dag.py:3036} INFO - Sync 1 DAGs
[2025-09-22T15:12:30.864+0000] {logging_mixin.py:188} INFO - [2025-09-22T15:12:30.860+0000] {dag.py:3823} INFO - Setting next_dagrun for day7_customer_churn_pipeline to None, run_after=None
[2025-09-22T15:12:31.213+0000] {processor.py:183} INFO - Processing /opt/airflow/dags/customer_churn_pipeline.py took 16.464 seconds
[2025-09-22T15:13:02.419+0000] {processor.py:161} INFO - Started process (PID=4337) to work on /opt/airflow/dags/customer_churn_pipeline.py
[2025-09-22T15:13:02.441+0000] {processor.py:830} INFO - Processing file /opt/airflow/dags/customer_churn_pipeline.py for tasks to queue
[2025-09-22T15:13:02.492+0000] {logging_mixin.py:188} INFO - [2025-09-22T15:13:02.482+0000] {dagbag.py:538} INFO - Filling up the DagBag from /opt/airflow/dags/customer_churn_pipeline.py
[2025-09-22T15:13:17.664+0000] {processor.py:840} INFO - DAG(s) 'day7_customer_churn_pipeline' retrieved from /opt/airflow/dags/customer_churn_pipeline.py
[2025-09-22T15:13:18.085+0000] {logging_mixin.py:188} INFO - [2025-09-22T15:13:18.079+0000] {dag.py:3036} INFO - Sync 1 DAGs
[2025-09-22T15:13:18.320+0000] {logging_mixin.py:188} INFO - [2025-09-22T15:13:18.316+0000] {dag.py:3823} INFO - Setting next_dagrun for day7_customer_churn_pipeline to None, run_after=None
[2025-09-22T15:13:18.635+0000] {processor.py:183} INFO - Processing /opt/airflow/dags/customer_churn_pipeline.py took 16.302 seconds
[2025-09-22T15:13:49.611+0000] {processor.py:161} INFO - Started process (PID=4356) to work on /opt/airflow/dags/customer_churn_pipeline.py
[2025-09-22T15:13:49.638+0000] {processor.py:830} INFO - Processing file /opt/airflow/dags/customer_churn_pipeline.py for tasks to queue
[2025-09-22T15:13:49.670+0000] {logging_mixin.py:188} INFO - [2025-09-22T15:13:49.666+0000] {dagbag.py:538} INFO - Filling up the DagBag from /opt/airflow/dags/customer_churn_pipeline.py
[2025-09-22T15:14:02.302+0000] {processor.py:840} INFO - DAG(s) 'day7_customer_churn_pipeline' retrieved from /opt/airflow/dags/customer_churn_pipeline.py
[2025-09-22T15:14:02.694+0000] {logging_mixin.py:188} INFO - [2025-09-22T15:14:02.688+0000] {dag.py:3036} INFO - Sync 1 DAGs
[2025-09-22T15:14:03.828+0000] {logging_mixin.py:188} INFO - [2025-09-22T15:14:03.825+0000] {dag.py:3823} INFO - Setting next_dagrun for day7_customer_churn_pipeline to None, run_after=None
[2025-09-22T15:14:04.156+0000] {processor.py:183} INFO - Processing /opt/airflow/dags/customer_churn_pipeline.py took 16.918 seconds
[2025-09-22T15:14:35.214+0000] {processor.py:161} INFO - Started process (PID=4375) to work on /opt/airflow/dags/customer_churn_pipeline.py
[2025-09-22T15:14:35.233+0000] {processor.py:830} INFO - Processing file /opt/airflow/dags/customer_churn_pipeline.py for tasks to queue
[2025-09-22T15:14:35.274+0000] {logging_mixin.py:188} INFO - [2025-09-22T15:14:35.268+0000] {dagbag.py:538} INFO - Filling up the DagBag from /opt/airflow/dags/customer_churn_pipeline.py
[2025-09-22T15:14:48.766+0000] {processor.py:840} INFO - DAG(s) 'day7_customer_churn_pipeline' retrieved from /opt/airflow/dags/customer_churn_pipeline.py
[2025-09-22T15:14:49.175+0000] {logging_mixin.py:188} INFO - [2025-09-22T15:14:49.169+0000] {dag.py:3036} INFO - Sync 1 DAGs
[2025-09-22T15:14:49.417+0000] {logging_mixin.py:188} INFO - [2025-09-22T15:14:49.412+0000] {dag.py:3823} INFO - Setting next_dagrun for day7_customer_churn_pipeline to None, run_after=None
[2025-09-22T15:14:49.770+0000] {processor.py:183} INFO - Processing /opt/airflow/dags/customer_churn_pipeline.py took 16.932 seconds
[2025-09-22T15:15:21.410+0000] {processor.py:161} INFO - Started process (PID=4394) to work on /opt/airflow/dags/customer_churn_pipeline.py
[2025-09-22T15:15:21.436+0000] {processor.py:830} INFO - Processing file /opt/airflow/dags/customer_churn_pipeline.py for tasks to queue
[2025-09-22T15:15:21.486+0000] {logging_mixin.py:188} INFO - [2025-09-22T15:15:21.479+0000] {dagbag.py:538} INFO - Filling up the DagBag from /opt/airflow/dags/customer_churn_pipeline.py
[2025-09-22T15:15:37.182+0000] {processor.py:840} INFO - DAG(s) 'day7_customer_churn_pipeline' retrieved from /opt/airflow/dags/customer_churn_pipeline.py
[2025-09-22T15:15:37.582+0000] {logging_mixin.py:188} INFO - [2025-09-22T15:15:37.575+0000] {dag.py:3036} INFO - Sync 1 DAGs
[2025-09-22T15:15:37.823+0000] {logging_mixin.py:188} INFO - [2025-09-22T15:15:37.820+0000] {dag.py:3823} INFO - Setting next_dagrun for day7_customer_churn_pipeline to None, run_after=None
[2025-09-22T15:15:38.152+0000] {processor.py:183} INFO - Processing /opt/airflow/dags/customer_churn_pipeline.py took 16.828 seconds
[2025-09-22T15:16:09.065+0000] {processor.py:161} INFO - Started process (PID=4413) to work on /opt/airflow/dags/customer_churn_pipeline.py
[2025-09-22T15:16:09.085+0000] {processor.py:830} INFO - Processing file /opt/airflow/dags/customer_churn_pipeline.py for tasks to queue
[2025-09-22T15:16:09.134+0000] {logging_mixin.py:188} INFO - [2025-09-22T15:16:09.128+0000] {dagbag.py:538} INFO - Filling up the DagBag from /opt/airflow/dags/customer_churn_pipeline.py
[2025-09-22T15:16:22.431+0000] {processor.py:840} INFO - DAG(s) 'day7_customer_churn_pipeline' retrieved from /opt/airflow/dags/customer_churn_pipeline.py
[2025-09-22T15:16:22.964+0000] {logging_mixin.py:188} INFO - [2025-09-22T15:16:22.959+0000] {dag.py:3036} INFO - Sync 1 DAGs
[2025-09-22T15:16:24.072+0000] {logging_mixin.py:188} INFO - [2025-09-22T15:16:24.069+0000] {dag.py:3823} INFO - Setting next_dagrun for day7_customer_churn_pipeline to None, run_after=None
[2025-09-22T15:16:24.384+0000] {processor.py:183} INFO - Processing /opt/airflow/dags/customer_churn_pipeline.py took 17.692 seconds
[2025-09-22T15:16:55.779+0000] {processor.py:161} INFO - Started process (PID=4432) to work on /opt/airflow/dags/customer_churn_pipeline.py
[2025-09-22T15:16:55.793+0000] {processor.py:830} INFO - Processing file /opt/airflow/dags/customer_churn_pipeline.py for tasks to queue
[2025-09-22T15:16:55.827+0000] {logging_mixin.py:188} INFO - [2025-09-22T15:16:55.819+0000] {dagbag.py:538} INFO - Filling up the DagBag from /opt/airflow/dags/customer_churn_pipeline.py
[2025-09-22T15:17:08.248+0000] {processor.py:840} INFO - DAG(s) 'day7_customer_churn_pipeline' retrieved from /opt/airflow/dags/customer_churn_pipeline.py
[2025-09-22T15:17:08.696+0000] {logging_mixin.py:188} INFO - [2025-09-22T15:17:08.689+0000] {dag.py:3036} INFO - Sync 1 DAGs
[2025-09-22T15:17:08.900+0000] {logging_mixin.py:188} INFO - [2025-09-22T15:17:08.896+0000] {dag.py:3823} INFO - Setting next_dagrun for day7_customer_churn_pipeline to None, run_after=None
[2025-09-22T15:17:09.227+0000] {processor.py:183} INFO - Processing /opt/airflow/dags/customer_churn_pipeline.py took 15.811 seconds
[2025-09-22T15:17:40.062+0000] {processor.py:161} INFO - Started process (PID=4451) to work on /opt/airflow/dags/customer_churn_pipeline.py
[2025-09-22T15:17:40.079+0000] {processor.py:830} INFO - Processing file /opt/airflow/dags/customer_churn_pipeline.py for tasks to queue
[2025-09-22T15:17:40.112+0000] {logging_mixin.py:188} INFO - [2025-09-22T15:17:40.107+0000] {dagbag.py:538} INFO - Filling up the DagBag from /opt/airflow/dags/customer_churn_pipeline.py
[2025-09-22T15:17:55.458+0000] {processor.py:840} INFO - DAG(s) 'day7_customer_churn_pipeline' retrieved from /opt/airflow/dags/customer_churn_pipeline.py
[2025-09-22T15:17:55.846+0000] {logging_mixin.py:188} INFO - [2025-09-22T15:17:55.840+0000] {dag.py:3036} INFO - Sync 1 DAGs
[2025-09-22T15:17:56.045+0000] {logging_mixin.py:188} INFO - [2025-09-22T15:17:56.041+0000] {dag.py:3823} INFO - Setting next_dagrun for day7_customer_churn_pipeline to None, run_after=None
[2025-09-22T15:17:56.384+0000] {processor.py:183} INFO - Processing /opt/airflow/dags/customer_churn_pipeline.py took 16.373 seconds
[2025-09-22T15:18:27.408+0000] {processor.py:161} INFO - Started process (PID=4470) to work on /opt/airflow/dags/customer_churn_pipeline.py
[2025-09-22T15:18:27.427+0000] {processor.py:830} INFO - Processing file /opt/airflow/dags/customer_churn_pipeline.py for tasks to queue
[2025-09-22T15:18:27.460+0000] {logging_mixin.py:188} INFO - [2025-09-22T15:18:27.455+0000] {dagbag.py:538} INFO - Filling up the DagBag from /opt/airflow/dags/customer_churn_pipeline.py
[2025-09-22T15:18:39.850+0000] {processor.py:840} INFO - DAG(s) 'day7_customer_churn_pipeline' retrieved from /opt/airflow/dags/customer_churn_pipeline.py
[2025-09-22T15:18:40.248+0000] {logging_mixin.py:188} INFO - [2025-09-22T15:18:40.241+0000] {dag.py:3036} INFO - Sync 1 DAGs
[2025-09-22T15:18:41.495+0000] {logging_mixin.py:188} INFO - [2025-09-22T15:18:41.490+0000] {dag.py:3823} INFO - Setting next_dagrun for day7_customer_churn_pipeline to None, run_after=None
[2025-09-22T15:18:41.864+0000] {processor.py:183} INFO - Processing /opt/airflow/dags/customer_churn_pipeline.py took 16.819 seconds
[2025-09-22T15:19:12.618+0000] {processor.py:161} INFO - Started process (PID=4489) to work on /opt/airflow/dags/customer_churn_pipeline.py
[2025-09-22T15:19:12.635+0000] {processor.py:830} INFO - Processing file /opt/airflow/dags/customer_churn_pipeline.py for tasks to queue
[2025-09-22T15:19:12.670+0000] {logging_mixin.py:188} INFO - [2025-09-22T15:19:12.665+0000] {dagbag.py:538} INFO - Filling up the DagBag from /opt/airflow/dags/customer_churn_pipeline.py
[2025-09-22T15:19:25.429+0000] {processor.py:840} INFO - DAG(s) 'day7_customer_churn_pipeline' retrieved from /opt/airflow/dags/customer_churn_pipeline.py
[2025-09-22T15:19:25.836+0000] {logging_mixin.py:188} INFO - [2025-09-22T15:19:25.829+0000] {dag.py:3036} INFO - Sync 1 DAGs
[2025-09-22T15:19:26.045+0000] {logging_mixin.py:188} INFO - [2025-09-22T15:19:26.042+0000] {dag.py:3823} INFO - Setting next_dagrun for day7_customer_churn_pipeline to None, run_after=None
[2025-09-22T15:19:26.360+0000] {processor.py:183} INFO - Processing /opt/airflow/dags/customer_churn_pipeline.py took 16.107 seconds
[2025-09-22T15:19:57.999+0000] {processor.py:161} INFO - Started process (PID=4508) to work on /opt/airflow/dags/customer_churn_pipeline.py
[2025-09-22T15:19:58.025+0000] {processor.py:830} INFO - Processing file /opt/airflow/dags/customer_churn_pipeline.py for tasks to queue
[2025-09-22T15:19:58.090+0000] {logging_mixin.py:188} INFO - [2025-09-22T15:19:58.082+0000] {dagbag.py:538} INFO - Filling up the DagBag from /opt/airflow/dags/customer_churn_pipeline.py
[2025-09-22T15:20:15.277+0000] {processor.py:840} INFO - DAG(s) 'day7_customer_churn_pipeline' retrieved from /opt/airflow/dags/customer_churn_pipeline.py
[2025-09-22T15:20:15.693+0000] {logging_mixin.py:188} INFO - [2025-09-22T15:20:15.687+0000] {dag.py:3036} INFO - Sync 1 DAGs
[2025-09-22T15:20:15.902+0000] {logging_mixin.py:188} INFO - [2025-09-22T15:20:15.898+0000] {dag.py:3823} INFO - Setting next_dagrun for day7_customer_churn_pipeline to None, run_after=None
[2025-09-22T15:20:16.229+0000] {processor.py:183} INFO - Processing /opt/airflow/dags/customer_churn_pipeline.py took 18.312 seconds
[2025-09-22T15:20:45.141+0000] {processor.py:161} INFO - Started process (PID=4527) to work on /opt/airflow/dags/customer_churn_pipeline.py
[2025-09-22T15:20:45.159+0000] {processor.py:830} INFO - Processing file /opt/airflow/dags/customer_churn_pipeline.py for tasks to queue
[2025-09-22T15:20:45.192+0000] {logging_mixin.py:188} INFO - [2025-09-22T15:20:45.186+0000] {dagbag.py:538} INFO - Filling up the DagBag from /opt/airflow/dags/customer_churn_pipeline.py
[2025-09-22T15:21:01.338+0000] {processor.py:840} INFO - DAG(s) 'day7_customer_churn_pipeline' retrieved from /opt/airflow/dags/customer_churn_pipeline.py
[2025-09-22T15:21:01.898+0000] {logging_mixin.py:188} INFO - [2025-09-22T15:21:01.890+0000] {dag.py:3036} INFO - Sync 1 DAGs
[2025-09-22T15:21:03.499+0000] {logging_mixin.py:188} INFO - [2025-09-22T15:21:03.495+0000] {dag.py:3823} INFO - Setting next_dagrun for day7_customer_churn_pipeline to None, run_after=None
[2025-09-22T15:21:03.821+0000] {processor.py:183} INFO - Processing /opt/airflow/dags/customer_churn_pipeline.py took 18.737 seconds
[2025-09-22T15:21:35.114+0000] {processor.py:161} INFO - Started process (PID=4546) to work on /opt/airflow/dags/customer_churn_pipeline.py
[2025-09-22T15:21:35.137+0000] {processor.py:830} INFO - Processing file /opt/airflow/dags/customer_churn_pipeline.py for tasks to queue
[2025-09-22T15:21:35.193+0000] {logging_mixin.py:188} INFO - [2025-09-22T15:21:35.187+0000] {dagbag.py:538} INFO - Filling up the DagBag from /opt/airflow/dags/customer_churn_pipeline.py
[2025-09-22T15:21:49.139+0000] {processor.py:840} INFO - DAG(s) 'day7_customer_churn_pipeline' retrieved from /opt/airflow/dags/customer_churn_pipeline.py
[2025-09-22T15:21:49.593+0000] {logging_mixin.py:188} INFO - [2025-09-22T15:21:49.587+0000] {dag.py:3036} INFO - Sync 1 DAGs
[2025-09-22T15:21:49.811+0000] {logging_mixin.py:188} INFO - [2025-09-22T15:21:49.808+0000] {dag.py:3823} INFO - Setting next_dagrun for day7_customer_churn_pipeline to None, run_after=None
[2025-09-22T15:21:50.142+0000] {processor.py:183} INFO - Processing /opt/airflow/dags/customer_churn_pipeline.py took 17.415 seconds
[2025-09-22T15:22:21.446+0000] {processor.py:161} INFO - Started process (PID=4565) to work on /opt/airflow/dags/customer_churn_pipeline.py
[2025-09-22T15:22:21.466+0000] {processor.py:830} INFO - Processing file /opt/airflow/dags/customer_churn_pipeline.py for tasks to queue
[2025-09-22T15:22:21.508+0000] {logging_mixin.py:188} INFO - [2025-09-22T15:22:21.502+0000] {dagbag.py:538} INFO - Filling up the DagBag from /opt/airflow/dags/customer_churn_pipeline.py
[2025-09-22T15:22:36.930+0000] {processor.py:840} INFO - DAG(s) 'day7_customer_churn_pipeline' retrieved from /opt/airflow/dags/customer_churn_pipeline.py
[2025-09-22T15:22:37.303+0000] {logging_mixin.py:188} INFO - [2025-09-22T15:22:37.298+0000] {dag.py:3036} INFO - Sync 1 DAGs
[2025-09-22T15:22:37.498+0000] {logging_mixin.py:188} INFO - [2025-09-22T15:22:37.495+0000] {dag.py:3823} INFO - Setting next_dagrun for day7_customer_churn_pipeline to None, run_after=None
[2025-09-22T15:22:37.806+0000] {processor.py:183} INFO - Processing /opt/airflow/dags/customer_churn_pipeline.py took 16.453 seconds
[2025-09-22T15:23:08.972+0000] {processor.py:161} INFO - Started process (PID=4584) to work on /opt/airflow/dags/customer_churn_pipeline.py
[2025-09-22T15:23:08.991+0000] {processor.py:830} INFO - Processing file /opt/airflow/dags/customer_churn_pipeline.py for tasks to queue
[2025-09-22T15:23:09.028+0000] {logging_mixin.py:188} INFO - [2025-09-22T15:23:09.020+0000] {dagbag.py:538} INFO - Filling up the DagBag from /opt/airflow/dags/customer_churn_pipeline.py
[2025-09-22T15:23:23.344+0000] {processor.py:840} INFO - DAG(s) 'day7_customer_churn_pipeline' retrieved from /opt/airflow/dags/customer_churn_pipeline.py
[2025-09-22T15:23:23.730+0000] {logging_mixin.py:188} INFO - [2025-09-22T15:23:23.725+0000] {dag.py:3036} INFO - Sync 1 DAGs
[2025-09-22T15:23:24.808+0000] {logging_mixin.py:188} INFO - [2025-09-22T15:23:24.804+0000] {dag.py:3823} INFO - Setting next_dagrun for day7_customer_churn_pipeline to None, run_after=None
[2025-09-22T15:23:25.109+0000] {processor.py:183} INFO - Processing /opt/airflow/dags/customer_churn_pipeline.py took 16.218 seconds
[2025-09-22T15:23:56.535+0000] {processor.py:161} INFO - Started process (PID=4603) to work on /opt/airflow/dags/customer_churn_pipeline.py
[2025-09-22T15:23:56.551+0000] {processor.py:830} INFO - Processing file /opt/airflow/dags/customer_churn_pipeline.py for tasks to queue
[2025-09-22T15:23:56.584+0000] {logging_mixin.py:188} INFO - [2025-09-22T15:23:56.578+0000] {dagbag.py:538} INFO - Filling up the DagBag from /opt/airflow/dags/customer_churn_pipeline.py
[2025-09-22T15:24:08.620+0000] {processor.py:840} INFO - DAG(s) 'day7_customer_churn_pipeline' retrieved from /opt/airflow/dags/customer_churn_pipeline.py
[2025-09-22T15:24:08.988+0000] {logging_mixin.py:188} INFO - [2025-09-22T15:24:08.982+0000] {dag.py:3036} INFO - Sync 1 DAGs
[2025-09-22T15:24:09.176+0000] {logging_mixin.py:188} INFO - [2025-09-22T15:24:09.173+0000] {dag.py:3823} INFO - Setting next_dagrun for day7_customer_churn_pipeline to None, run_after=None
[2025-09-22T15:24:09.480+0000] {processor.py:183} INFO - Processing /opt/airflow/dags/customer_churn_pipeline.py took 15.310 seconds
[2025-09-22T15:24:40.756+0000] {processor.py:161} INFO - Started process (PID=4622) to work on /opt/airflow/dags/customer_churn_pipeline.py
[2025-09-22T15:24:40.775+0000] {processor.py:830} INFO - Processing file /opt/airflow/dags/customer_churn_pipeline.py for tasks to queue
[2025-09-22T15:24:40.816+0000] {logging_mixin.py:188} INFO - [2025-09-22T15:24:40.810+0000] {dagbag.py:538} INFO - Filling up the DagBag from /opt/airflow/dags/customer_churn_pipeline.py
[2025-09-22T15:24:55.485+0000] {processor.py:840} INFO - DAG(s) 'day7_customer_churn_pipeline' retrieved from /opt/airflow/dags/customer_churn_pipeline.py
[2025-09-22T15:24:55.871+0000] {logging_mixin.py:188} INFO - [2025-09-22T15:24:55.865+0000] {dag.py:3036} INFO - Sync 1 DAGs
[2025-09-22T15:24:56.102+0000] {logging_mixin.py:188} INFO - [2025-09-22T15:24:56.099+0000] {dag.py:3823} INFO - Setting next_dagrun for day7_customer_churn_pipeline to None, run_after=None
[2025-09-22T15:24:56.415+0000] {processor.py:183} INFO - Processing /opt/airflow/dags/customer_churn_pipeline.py took 15.727 seconds
[2025-09-22T15:25:28.036+0000] {processor.py:161} INFO - Started process (PID=4641) to work on /opt/airflow/dags/customer_churn_pipeline.py
[2025-09-22T15:25:28.052+0000] {processor.py:830} INFO - Processing file /opt/airflow/dags/customer_churn_pipeline.py for tasks to queue
[2025-09-22T15:25:28.090+0000] {logging_mixin.py:188} INFO - [2025-09-22T15:25:28.082+0000] {dagbag.py:538} INFO - Filling up the DagBag from /opt/airflow/dags/customer_churn_pipeline.py
[2025-09-22T15:25:42.517+0000] {processor.py:840} INFO - DAG(s) 'day7_customer_churn_pipeline' retrieved from /opt/airflow/dags/customer_churn_pipeline.py
[2025-09-22T15:25:42.919+0000] {logging_mixin.py:188} INFO - [2025-09-22T15:25:42.913+0000] {dag.py:3036} INFO - Sync 1 DAGs
[2025-09-22T15:25:43.124+0000] {logging_mixin.py:188} INFO - [2025-09-22T15:25:43.121+0000] {dag.py:3823} INFO - Setting next_dagrun for day7_customer_churn_pipeline to None, run_after=None
[2025-09-22T15:25:44.318+0000] {processor.py:183} INFO - Processing /opt/airflow/dags/customer_churn_pipeline.py took 16.349 seconds
[2025-09-22T15:26:15.426+0000] {processor.py:161} INFO - Started process (PID=4660) to work on /opt/airflow/dags/customer_churn_pipeline.py
[2025-09-22T15:26:15.443+0000] {processor.py:830} INFO - Processing file /opt/airflow/dags/customer_churn_pipeline.py for tasks to queue
[2025-09-22T15:26:15.475+0000] {logging_mixin.py:188} INFO - [2025-09-22T15:26:15.470+0000] {dagbag.py:538} INFO - Filling up the DagBag from /opt/airflow/dags/customer_churn_pipeline.py
[2025-09-22T15:26:27.753+0000] {processor.py:840} INFO - DAG(s) 'day7_customer_churn_pipeline' retrieved from /opt/airflow/dags/customer_churn_pipeline.py
[2025-09-22T15:26:28.219+0000] {logging_mixin.py:188} INFO - [2025-09-22T15:26:28.212+0000] {dag.py:3036} INFO - Sync 1 DAGs
[2025-09-22T15:26:28.467+0000] {logging_mixin.py:188} INFO - [2025-09-22T15:26:28.462+0000] {dag.py:3823} INFO - Setting next_dagrun for day7_customer_churn_pipeline to None, run_after=None
[2025-09-22T15:26:28.777+0000] {processor.py:183} INFO - Processing /opt/airflow/dags/customer_churn_pipeline.py took 15.718 seconds
[2025-09-22T15:26:59.704+0000] {processor.py:161} INFO - Started process (PID=4679) to work on /opt/airflow/dags/customer_churn_pipeline.py
[2025-09-22T15:26:59.719+0000] {processor.py:830} INFO - Processing file /opt/airflow/dags/customer_churn_pipeline.py for tasks to queue
[2025-09-22T15:26:59.750+0000] {logging_mixin.py:188} INFO - [2025-09-22T15:26:59.745+0000] {dagbag.py:538} INFO - Filling up the DagBag from /opt/airflow/dags/customer_churn_pipeline.py
[2025-09-22T15:27:14.689+0000] {processor.py:840} INFO - DAG(s) 'day7_customer_churn_pipeline' retrieved from /opt/airflow/dags/customer_churn_pipeline.py
[2025-09-22T15:27:15.064+0000] {logging_mixin.py:188} INFO - [2025-09-22T15:27:15.058+0000] {dag.py:3036} INFO - Sync 1 DAGs
[2025-09-22T15:27:15.264+0000] {logging_mixin.py:188} INFO - [2025-09-22T15:27:15.261+0000] {dag.py:3823} INFO - Setting next_dagrun for day7_customer_churn_pipeline to None, run_after=None
[2025-09-22T15:27:13.372+0000] {processor.py:183} INFO - Processing /opt/airflow/dags/customer_churn_pipeline.py took 16.027 seconds
[2025-09-22T15:27:43.986+0000] {processor.py:161} INFO - Started process (PID=4698) to work on /opt/airflow/dags/customer_churn_pipeline.py
[2025-09-22T15:27:44.005+0000] {processor.py:830} INFO - Processing file /opt/airflow/dags/customer_churn_pipeline.py for tasks to queue
[2025-09-22T15:27:44.041+0000] {logging_mixin.py:188} INFO - [2025-09-22T15:27:44.034+0000] {dagbag.py:538} INFO - Filling up the DagBag from /opt/airflow/dags/customer_churn_pipeline.py
[2025-09-22T15:27:58.214+0000] {processor.py:840} INFO - DAG(s) 'day7_customer_churn_pipeline' retrieved from /opt/airflow/dags/customer_churn_pipeline.py
[2025-09-22T15:27:58.598+0000] {logging_mixin.py:188} INFO - [2025-09-22T15:27:58.591+0000] {dag.py:3036} INFO - Sync 1 DAGs
[2025-09-22T15:27:58.863+0000] {logging_mixin.py:188} INFO - [2025-09-22T15:27:58.859+0000] {dag.py:3823} INFO - Setting next_dagrun for day7_customer_churn_pipeline to None, run_after=None
[2025-09-22T15:28:00.092+0000] {processor.py:183} INFO - Processing /opt/airflow/dags/customer_churn_pipeline.py took 16.169 seconds
[2025-09-22T15:28:30.893+0000] {processor.py:161} INFO - Started process (PID=4717) to work on /opt/airflow/dags/customer_churn_pipeline.py
[2025-09-22T15:28:30.911+0000] {processor.py:830} INFO - Processing file /opt/airflow/dags/customer_churn_pipeline.py for tasks to queue
[2025-09-22T15:28:30.948+0000] {logging_mixin.py:188} INFO - [2025-09-22T15:28:30.942+0000] {dagbag.py:538} INFO - Filling up the DagBag from /opt/airflow/dags/customer_churn_pipeline.py
[2025-09-22T15:28:43.052+0000] {processor.py:840} INFO - DAG(s) 'day7_customer_churn_pipeline' retrieved from /opt/airflow/dags/customer_churn_pipeline.py
[2025-09-22T15:28:43.441+0000] {logging_mixin.py:188} INFO - [2025-09-22T15:28:43.435+0000] {dag.py:3036} INFO - Sync 1 DAGs
[2025-09-22T15:28:43.649+0000] {logging_mixin.py:188} INFO - [2025-09-22T15:28:43.644+0000] {dag.py:3823} INFO - Setting next_dagrun for day7_customer_churn_pipeline to None, run_after=None
[2025-09-22T15:28:43.992+0000] {processor.py:183} INFO - Processing /opt/airflow/dags/customer_churn_pipeline.py took 15.472 seconds
[2025-09-22T15:29:14.883+0000] {processor.py:161} INFO - Started process (PID=4736) to work on /opt/airflow/dags/customer_churn_pipeline.py
[2025-09-22T15:29:14.903+0000] {processor.py:830} INFO - Processing file /opt/airflow/dags/customer_churn_pipeline.py for tasks to queue
[2025-09-22T15:29:14.946+0000] {logging_mixin.py:188} INFO - [2025-09-22T15:29:14.939+0000] {dagbag.py:538} INFO - Filling up the DagBag from /opt/airflow/dags/customer_churn_pipeline.py
[2025-09-22T15:29:29.151+0000] {processor.py:840} INFO - DAG(s) 'day7_customer_churn_pipeline' retrieved from /opt/airflow/dags/customer_churn_pipeline.py
[2025-09-22T15:29:29.538+0000] {logging_mixin.py:188} INFO - [2025-09-22T15:29:29.533+0000] {dag.py:3036} INFO - Sync 1 DAGs
[2025-09-22T15:29:29.760+0000] {logging_mixin.py:188} INFO - [2025-09-22T15:29:29.756+0000] {dag.py:3823} INFO - Setting next_dagrun for day7_customer_churn_pipeline to None, run_after=None
[2025-09-22T15:29:30.090+0000] {processor.py:183} INFO - Processing /opt/airflow/dags/customer_churn_pipeline.py took 15.263 seconds
[2025-09-22T15:30:00.685+0000] {processor.py:161} INFO - Started process (PID=4755) to work on /opt/airflow/dags/customer_churn_pipeline.py
[2025-09-22T15:30:00.707+0000] {processor.py:830} INFO - Processing file /opt/airflow/dags/customer_churn_pipeline.py for tasks to queue
[2025-09-22T15:30:00.755+0000] {logging_mixin.py:188} INFO - [2025-09-22T15:30:00.750+0000] {dagbag.py:538} INFO - Filling up the DagBag from /opt/airflow/dags/customer_churn_pipeline.py
[2025-09-22T15:30:13.057+0000] {processor.py:840} INFO - DAG(s) 'day7_customer_churn_pipeline' retrieved from /opt/airflow/dags/customer_churn_pipeline.py
[2025-09-22T15:30:13.495+0000] {logging_mixin.py:188} INFO - [2025-09-22T15:30:13.489+0000] {dag.py:3036} INFO - Sync 1 DAGs
[2025-09-22T15:30:13.698+0000] {logging_mixin.py:188} INFO - [2025-09-22T15:30:13.694+0000] {dag.py:3823} INFO - Setting next_dagrun for day7_customer_churn_pipeline to None, run_after=None
[2025-09-22T15:30:14.982+0000] {processor.py:183} INFO - Processing /opt/airflow/dags/customer_churn_pipeline.py took 16.664 seconds
[2025-09-22T15:30:46.026+0000] {processor.py:161} INFO - Started process (PID=4774) to work on /opt/airflow/dags/customer_churn_pipeline.py
[2025-09-22T15:30:46.048+0000] {processor.py:830} INFO - Processing file /opt/airflow/dags/customer_churn_pipeline.py for tasks to queue
[2025-09-22T15:30:46.084+0000] {logging_mixin.py:188} INFO - [2025-09-22T15:30:46.079+0000] {dagbag.py:538} INFO - Filling up the DagBag from /opt/airflow/dags/customer_churn_pipeline.py
[2025-09-22T15:30:58.402+0000] {processor.py:840} INFO - DAG(s) 'day7_customer_churn_pipeline' retrieved from /opt/airflow/dags/customer_churn_pipeline.py
[2025-09-22T15:30:58.785+0000] {logging_mixin.py:188} INFO - [2025-09-22T15:30:58.778+0000] {dag.py:3036} INFO - Sync 1 DAGs
[2025-09-22T15:30:59.948+0000] {logging_mixin.py:188} INFO - [2025-09-22T15:30:59.943+0000] {dag.py:3823} INFO - Setting next_dagrun for day7_customer_churn_pipeline to None, run_after=None
[2025-09-22T15:31:00.266+0000] {processor.py:183} INFO - Processing /opt/airflow/dags/customer_churn_pipeline.py took 16.617 seconds
[2025-09-22T15:31:31.336+0000] {processor.py:161} INFO - Started process (PID=4793) to work on /opt/airflow/dags/customer_churn_pipeline.py
[2025-09-22T15:31:31.359+0000] {processor.py:830} INFO - Processing file /opt/airflow/dags/customer_churn_pipeline.py for tasks to queue
[2025-09-22T15:31:31.417+0000] {logging_mixin.py:188} INFO - [2025-09-22T15:31:31.409+0000] {dagbag.py:538} INFO - Filling up the DagBag from /opt/airflow/dags/customer_churn_pipeline.py
[2025-09-22T15:31:46.848+0000] {processor.py:840} INFO - DAG(s) 'day7_customer_churn_pipeline' retrieved from /opt/airflow/dags/customer_churn_pipeline.py
[2025-09-22T15:31:47.217+0000] {logging_mixin.py:188} INFO - [2025-09-22T15:31:47.211+0000] {dag.py:3036} INFO - Sync 1 DAGs
[2025-09-22T15:31:47.406+0000] {logging_mixin.py:188} INFO - [2025-09-22T15:31:47.402+0000] {dag.py:3823} INFO - Setting next_dagrun for day7_customer_churn_pipeline to None, run_after=None
[2025-09-22T15:31:47.754+0000] {processor.py:183} INFO - Processing /opt/airflow/dags/customer_churn_pipeline.py took 16.487 seconds
[2025-09-22T15:32:19.258+0000] {processor.py:161} INFO - Started process (PID=4812) to work on /opt/airflow/dags/customer_churn_pipeline.py
[2025-09-22T15:32:19.276+0000] {processor.py:830} INFO - Processing file /opt/airflow/dags/customer_churn_pipeline.py for tasks to queue
[2025-09-22T15:32:19.312+0000] {logging_mixin.py:188} INFO - [2025-09-22T15:32:19.306+0000] {dagbag.py:538} INFO - Filling up the DagBag from /opt/airflow/dags/customer_churn_pipeline.py
[2025-09-22T15:32:31.730+0000] {processor.py:840} INFO - DAG(s) 'day7_customer_churn_pipeline' retrieved from /opt/airflow/dags/customer_churn_pipeline.py
[2025-09-22T15:32:32.194+0000] {logging_mixin.py:188} INFO - [2025-09-22T15:32:32.181+0000] {dag.py:3036} INFO - Sync 1 DAGs
[2025-09-22T15:32:32.444+0000] {logging_mixin.py:188} INFO - [2025-09-22T15:32:32.440+0000] {dag.py:3823} INFO - Setting next_dagrun for day7_customer_churn_pipeline to None, run_after=None
[2025-09-22T15:32:33.657+0000] {processor.py:183} INFO - Processing /opt/airflow/dags/customer_churn_pipeline.py took 16.762 seconds
[2025-09-22T15:33:04.599+0000] {processor.py:161} INFO - Started process (PID=4831) to work on /opt/airflow/dags/customer_churn_pipeline.py
[2025-09-22T15:33:04.616+0000] {processor.py:830} INFO - Processing file /opt/airflow/dags/customer_churn_pipeline.py for tasks to queue
[2025-09-22T15:33:04.649+0000] {logging_mixin.py:188} INFO - [2025-09-22T15:33:04.643+0000] {dagbag.py:538} INFO - Filling up the DagBag from /opt/airflow/dags/customer_churn_pipeline.py
[2025-09-22T15:33:17.134+0000] {processor.py:840} INFO - DAG(s) 'day7_customer_churn_pipeline' retrieved from /opt/airflow/dags/customer_churn_pipeline.py
[2025-09-22T15:33:17.543+0000] {logging_mixin.py:188} INFO - [2025-09-22T15:33:17.536+0000] {dag.py:3036} INFO - Sync 1 DAGs
[2025-09-22T15:33:18.701+0000] {logging_mixin.py:188} INFO - [2025-09-22T15:33:18.696+0000] {dag.py:3823} INFO - Setting next_dagrun for day7_customer_churn_pipeline to None, run_after=None
[2025-09-22T15:33:19.029+0000] {processor.py:183} INFO - Processing /opt/airflow/dags/customer_churn_pipeline.py took 16.796 seconds
[2025-09-22T15:33:50.251+0000] {processor.py:161} INFO - Started process (PID=4850) to work on /opt/airflow/dags/customer_churn_pipeline.py
[2025-09-22T15:33:50.268+0000] {processor.py:830} INFO - Processing file /opt/airflow/dags/customer_churn_pipeline.py for tasks to queue
[2025-09-22T15:33:50.299+0000] {logging_mixin.py:188} INFO - [2025-09-22T15:33:50.293+0000] {dagbag.py:538} INFO - Filling up the DagBag from /opt/airflow/dags/customer_churn_pipeline.py
[2025-09-22T15:34:05.357+0000] {processor.py:840} INFO - DAG(s) 'day7_customer_churn_pipeline' retrieved from /opt/airflow/dags/customer_churn_pipeline.py
[2025-09-22T15:34:05.744+0000] {logging_mixin.py:188} INFO - [2025-09-22T15:34:05.739+0000] {dag.py:3036} INFO - Sync 1 DAGs
[2025-09-22T15:34:05.951+0000] {logging_mixin.py:188} INFO - [2025-09-22T15:34:05.945+0000] {dag.py:3823} INFO - Setting next_dagrun for day7_customer_churn_pipeline to None, run_after=None
[2025-09-22T15:34:06.256+0000] {processor.py:183} INFO - Processing /opt/airflow/dags/customer_churn_pipeline.py took 16.091 seconds
[2025-09-22T15:34:36.860+0000] {processor.py:161} INFO - Started process (PID=4869) to work on /opt/airflow/dags/customer_churn_pipeline.py
[2025-09-22T15:34:36.876+0000] {processor.py:830} INFO - Processing file /opt/airflow/dags/customer_churn_pipeline.py for tasks to queue
[2025-09-22T15:34:36.910+0000] {logging_mixin.py:188} INFO - [2025-09-22T15:34:36.905+0000] {dagbag.py:538} INFO - Filling up the DagBag from /opt/airflow/dags/customer_churn_pipeline.py
[2025-09-22T15:34:49.591+0000] {processor.py:840} INFO - DAG(s) 'day7_customer_churn_pipeline' retrieved from /opt/airflow/dags/customer_churn_pipeline.py
[2025-09-22T15:34:49.996+0000] {logging_mixin.py:188} INFO - [2025-09-22T15:34:49.990+0000] {dag.py:3036} INFO - Sync 1 DAGs
[2025-09-22T15:34:50.192+0000] {logging_mixin.py:188} INFO - [2025-09-22T15:34:50.189+0000] {dag.py:3823} INFO - Setting next_dagrun for day7_customer_churn_pipeline to None, run_after=None
[2025-09-22T15:34:51.417+0000] {processor.py:183} INFO - Processing /opt/airflow/dags/customer_churn_pipeline.py took 16.926 seconds
[2025-09-22T15:35:22.315+0000] {processor.py:161} INFO - Started process (PID=4888) to work on /opt/airflow/dags/customer_churn_pipeline.py
[2025-09-22T15:35:22.335+0000] {processor.py:830} INFO - Processing file /opt/airflow/dags/customer_churn_pipeline.py for tasks to queue
[2025-09-22T15:35:22.379+0000] {logging_mixin.py:188} INFO - [2025-09-22T15:35:22.372+0000] {dagbag.py:538} INFO - Filling up the DagBag from /opt/airflow/dags/customer_churn_pipeline.py
[2025-09-22T15:35:37.648+0000] {processor.py:840} INFO - DAG(s) 'day7_customer_churn_pipeline' retrieved from /opt/airflow/dags/customer_churn_pipeline.py
[2025-09-22T15:35:38.116+0000] {logging_mixin.py:188} INFO - [2025-09-22T15:35:38.103+0000] {dag.py:3036} INFO - Sync 1 DAGs
[2025-09-22T15:35:39.459+0000] {logging_mixin.py:188} INFO - [2025-09-22T15:35:39.453+0000] {dag.py:3823} INFO - Setting next_dagrun for day7_customer_churn_pipeline to None, run_after=None
[2025-09-22T15:35:39.826+0000] {processor.py:183} INFO - Processing /opt/airflow/dags/customer_churn_pipeline.py took 19.924 seconds
[2025-09-22T15:36:10.978+0000] {processor.py:161} INFO - Started process (PID=4907) to work on /opt/airflow/dags/customer_churn_pipeline.py
[2025-09-22T15:36:10.996+0000] {processor.py:830} INFO - Processing file /opt/airflow/dags/customer_churn_pipeline.py for tasks to queue
[2025-09-22T15:36:11.034+0000] {logging_mixin.py:188} INFO - [2025-09-22T15:36:11.027+0000] {dagbag.py:538} INFO - Filling up the DagBag from /opt/airflow/dags/customer_churn_pipeline.py
[2025-09-22T15:36:26.515+0000] {processor.py:840} INFO - DAG(s) 'day7_customer_churn_pipeline' retrieved from /opt/airflow/dags/customer_churn_pipeline.py
[2025-09-22T15:36:26.940+0000] {logging_mixin.py:188} INFO - [2025-09-22T15:36:26.931+0000] {dag.py:3036} INFO - Sync 1 DAGs
[2025-09-22T15:36:27.179+0000] {logging_mixin.py:188} INFO - [2025-09-22T15:36:27.174+0000] {dag.py:3823} INFO - Setting next_dagrun for day7_customer_churn_pipeline to None, run_after=None
[2025-09-22T15:36:27.487+0000] {processor.py:183} INFO - Processing /opt/airflow/dags/customer_churn_pipeline.py took 16.577 seconds
[2025-09-22T15:36:58.622+0000] {processor.py:161} INFO - Started process (PID=4926) to work on /opt/airflow/dags/customer_churn_pipeline.py
[2025-09-22T15:36:58.641+0000] {processor.py:830} INFO - Processing file /opt/airflow/dags/customer_churn_pipeline.py for tasks to queue
[2025-09-22T15:36:58.685+0000] {logging_mixin.py:188} INFO - [2025-09-22T15:36:58.677+0000] {dagbag.py:538} INFO - Filling up the DagBag from /opt/airflow/dags/customer_churn_pipeline.py
[2025-09-22T15:37:15.014+0000] {processor.py:840} INFO - DAG(s) 'day7_customer_churn_pipeline' retrieved from /opt/airflow/dags/customer_churn_pipeline.py
[2025-09-22T15:37:15.501+0000] {logging_mixin.py:188} INFO - [2025-09-22T15:37:15.487+0000] {dag.py:3036} INFO - Sync 1 DAGs
[2025-09-22T15:37:15.760+0000] {logging_mixin.py:188} INFO - [2025-09-22T15:37:15.757+0000] {dag.py:3823} INFO - Setting next_dagrun for day7_customer_churn_pipeline to None, run_after=None
[2025-09-22T15:37:17.274+0000] {processor.py:183} INFO - Processing /opt/airflow/dags/customer_churn_pipeline.py took 18.727 seconds
[2025-09-22T15:37:48.006+0000] {processor.py:161} INFO - Started process (PID=4945) to work on /opt/airflow/dags/customer_churn_pipeline.py
[2025-09-22T15:37:48.026+0000] {processor.py:830} INFO - Processing file /opt/airflow/dags/customer_churn_pipeline.py for tasks to queue
[2025-09-22T15:37:48.080+0000] {logging_mixin.py:188} INFO - [2025-09-22T15:37:48.073+0000] {dagbag.py:538} INFO - Filling up the DagBag from /opt/airflow/dags/customer_churn_pipeline.py
[2025-09-22T15:38:00.903+0000] {processor.py:840} INFO - DAG(s) 'day7_customer_churn_pipeline' retrieved from /opt/airflow/dags/customer_churn_pipeline.py
[2025-09-22T15:38:01.308+0000] {logging_mixin.py:188} INFO - [2025-09-22T15:38:01.302+0000] {dag.py:3036} INFO - Sync 1 DAGs
[2025-09-22T15:38:02.562+0000] {logging_mixin.py:188} INFO - [2025-09-22T15:38:02.556+0000] {dag.py:3823} INFO - Setting next_dagrun for day7_customer_churn_pipeline to None, run_after=None
[2025-09-22T15:38:02.943+0000] {processor.py:183} INFO - Processing /opt/airflow/dags/customer_churn_pipeline.py took 17.332 seconds
[2025-09-22T15:38:33.980+0000] {processor.py:161} INFO - Started process (PID=4964) to work on /opt/airflow/dags/customer_churn_pipeline.py
[2025-09-22T15:38:33.998+0000] {processor.py:830} INFO - Processing file /opt/airflow/dags/customer_churn_pipeline.py for tasks to queue
[2025-09-22T15:38:34.036+0000] {logging_mixin.py:188} INFO - [2025-09-22T15:38:34.027+0000] {dagbag.py:538} INFO - Filling up the DagBag from /opt/airflow/dags/customer_churn_pipeline.py
[2025-09-22T15:38:47.732+0000] {processor.py:840} INFO - DAG(s) 'day7_customer_churn_pipeline' retrieved from /opt/airflow/dags/customer_churn_pipeline.py
[2025-09-22T15:38:48.108+0000] {logging_mixin.py:188} INFO - [2025-09-22T15:38:48.102+0000] {dag.py:3036} INFO - Sync 1 DAGs
[2025-09-22T15:38:48.332+0000] {logging_mixin.py:188} INFO - [2025-09-22T15:38:48.328+0000] {dag.py:3823} INFO - Setting next_dagrun for day7_customer_churn_pipeline to None, run_after=None
[2025-09-22T15:38:48.672+0000] {processor.py:183} INFO - Processing /opt/airflow/dags/customer_churn_pipeline.py took 17.060 seconds
[2025-09-22T15:39:19.763+0000] {processor.py:161} INFO - Started process (PID=4983) to work on /opt/airflow/dags/customer_churn_pipeline.py
[2025-09-22T15:39:19.782+0000] {processor.py:830} INFO - Processing file /opt/airflow/dags/customer_churn_pipeline.py for tasks to queue
[2025-09-22T15:39:19.816+0000] {logging_mixin.py:188} INFO - [2025-09-22T15:39:19.811+0000] {dagbag.py:538} INFO - Filling up the DagBag from /opt/airflow/dags/customer_churn_pipeline.py
[2025-09-22T15:39:34.197+0000] {processor.py:840} INFO - DAG(s) 'day7_customer_churn_pipeline' retrieved from /opt/airflow/dags/customer_churn_pipeline.py
[2025-09-22T15:39:34.629+0000] {logging_mixin.py:188} INFO - [2025-09-22T15:39:34.614+0000] {dag.py:3036} INFO - Sync 1 DAGs
[2025-09-22T15:39:34.870+0000] {logging_mixin.py:188} INFO - [2025-09-22T15:39:34.865+0000] {dag.py:3823} INFO - Setting next_dagrun for day7_customer_churn_pipeline to None, run_after=None
[2025-09-22T15:39:36.255+0000] {processor.py:183} INFO - Processing /opt/airflow/dags/customer_churn_pipeline.py took 16.553 seconds
[2025-09-22T15:40:06.844+0000] {processor.py:161} INFO - Started process (PID=5002) to work on /opt/airflow/dags/customer_churn_pipeline.py
[2025-09-22T15:40:06.861+0000] {processor.py:830} INFO - Processing file /opt/airflow/dags/customer_churn_pipeline.py for tasks to queue
[2025-09-22T15:40:06.893+0000] {logging_mixin.py:188} INFO - [2025-09-22T15:40:06.887+0000] {dagbag.py:538} INFO - Filling up the DagBag from /opt/airflow/dags/customer_churn_pipeline.py
[2025-09-22T15:40:18.745+0000] {processor.py:840} INFO - DAG(s) 'day7_customer_churn_pipeline' retrieved from /opt/airflow/dags/customer_churn_pipeline.py
[2025-09-22T15:40:19.129+0000] {logging_mixin.py:188} INFO - [2025-09-22T15:40:19.123+0000] {dag.py:3036} INFO - Sync 1 DAGs
[2025-09-22T15:40:20.190+0000] {logging_mixin.py:188} INFO - [2025-09-22T15:40:20.186+0000] {dag.py:3823} INFO - Setting next_dagrun for day7_customer_churn_pipeline to None, run_after=None
[2025-09-22T15:40:20.506+0000] {processor.py:183} INFO - Processing /opt/airflow/dags/customer_churn_pipeline.py took 16.030 seconds
[2025-09-22T15:40:51.655+0000] {processor.py:161} INFO - Started process (PID=5021) to work on /opt/airflow/dags/customer_churn_pipeline.py
[2025-09-22T15:40:51.672+0000] {processor.py:830} INFO - Processing file /opt/airflow/dags/customer_churn_pipeline.py for tasks to queue
[2025-09-22T15:40:51.706+0000] {logging_mixin.py:188} INFO - [2025-09-22T15:40:51.701+0000] {dagbag.py:538} INFO - Filling up the DagBag from /opt/airflow/dags/customer_churn_pipeline.py
[2025-09-22T15:41:05.535+0000] {processor.py:840} INFO - DAG(s) 'day7_customer_churn_pipeline' retrieved from /opt/airflow/dags/customer_churn_pipeline.py
[2025-09-22T15:41:05.925+0000] {logging_mixin.py:188} INFO - [2025-09-22T15:41:05.919+0000] {dag.py:3036} INFO - Sync 1 DAGs
[2025-09-22T15:41:06.113+0000] {logging_mixin.py:188} INFO - [2025-09-22T15:41:06.110+0000] {dag.py:3823} INFO - Setting next_dagrun for day7_customer_churn_pipeline to None, run_after=None
[2025-09-22T15:41:06.422+0000] {processor.py:183} INFO - Processing /opt/airflow/dags/customer_churn_pipeline.py took 17.144 seconds
[2025-09-22T15:41:37.553+0000] {processor.py:161} INFO - Started process (PID=5040) to work on /opt/airflow/dags/customer_churn_pipeline.py
[2025-09-22T15:41:37.569+0000] {processor.py:830} INFO - Processing file /opt/airflow/dags/customer_churn_pipeline.py for tasks to queue
[2025-09-22T15:41:37.601+0000] {logging_mixin.py:188} INFO - [2025-09-22T15:41:37.595+0000] {dagbag.py:538} INFO - Filling up the DagBag from /opt/airflow/dags/customer_churn_pipeline.py
[2025-09-22T15:41:52.176+0000] {processor.py:840} INFO - DAG(s) 'day7_customer_churn_pipeline' retrieved from /opt/airflow/dags/customer_churn_pipeline.py
[2025-09-22T15:41:52.627+0000] {logging_mixin.py:188} INFO - [2025-09-22T15:41:52.621+0000] {dag.py:3036} INFO - Sync 1 DAGs
[2025-09-22T15:41:52.882+0000] {logging_mixin.py:188} INFO - [2025-09-22T15:41:52.878+0000] {dag.py:3823} INFO - Setting next_dagrun for day7_customer_churn_pipeline to None, run_after=None
[2025-09-22T15:41:54.186+0000] {processor.py:183} INFO - Processing /opt/airflow/dags/customer_churn_pipeline.py took 16.728 seconds
[2025-09-22T15:42:25.201+0000] {processor.py:161} INFO - Started process (PID=5059) to work on /opt/airflow/dags/customer_churn_pipeline.py
[2025-09-22T15:42:25.218+0000] {processor.py:830} INFO - Processing file /opt/airflow/dags/customer_churn_pipeline.py for tasks to queue
[2025-09-22T15:42:25.255+0000] {logging_mixin.py:188} INFO - [2025-09-22T15:42:25.249+0000] {dagbag.py:538} INFO - Filling up the DagBag from /opt/airflow/dags/customer_churn_pipeline.py
[2025-09-22T15:42:37.600+0000] {processor.py:840} INFO - DAG(s) 'day7_customer_churn_pipeline' retrieved from /opt/airflow/dags/customer_churn_pipeline.py
[2025-09-22T15:42:37.995+0000] {logging_mixin.py:188} INFO - [2025-09-22T15:42:37.989+0000] {dag.py:3036} INFO - Sync 1 DAGs
[2025-09-22T15:42:39.058+0000] {logging_mixin.py:188} INFO - [2025-09-22T15:42:39.054+0000] {dag.py:3823} INFO - Setting next_dagrun for day7_customer_churn_pipeline to None, run_after=None
[2025-09-22T15:42:39.370+0000] {processor.py:183} INFO - Processing /opt/airflow/dags/customer_churn_pipeline.py took 16.537 seconds
[2025-09-22T15:43:10.891+0000] {processor.py:161} INFO - Started process (PID=5078) to work on /opt/airflow/dags/customer_churn_pipeline.py
[2025-09-22T15:43:10.907+0000] {processor.py:830} INFO - Processing file /opt/airflow/dags/customer_churn_pipeline.py for tasks to queue
[2025-09-22T15:43:10.943+0000] {logging_mixin.py:188} INFO - [2025-09-22T15:43:10.937+0000] {dagbag.py:538} INFO - Filling up the DagBag from /opt/airflow/dags/customer_churn_pipeline.py
[2025-09-22T15:43:24.367+0000] {processor.py:840} INFO - DAG(s) 'day7_customer_churn_pipeline' retrieved from /opt/airflow/dags/customer_churn_pipeline.py
[2025-09-22T15:43:24.753+0000] {logging_mixin.py:188} INFO - [2025-09-22T15:43:24.747+0000] {dag.py:3036} INFO - Sync 1 DAGs
[2025-09-22T15:43:25.016+0000] {logging_mixin.py:188} INFO - [2025-09-22T15:43:25.013+0000] {dag.py:3823} INFO - Setting next_dagrun for day7_customer_churn_pipeline to None, run_after=None
[2025-09-22T15:43:25.343+0000] {processor.py:183} INFO - Processing /opt/airflow/dags/customer_churn_pipeline.py took 16.817 seconds
[2025-09-22T15:43:56.088+0000] {processor.py:161} INFO - Started process (PID=5097) to work on /opt/airflow/dags/customer_churn_pipeline.py
[2025-09-22T15:43:56.110+0000] {processor.py:830} INFO - Processing file /opt/airflow/dags/customer_churn_pipeline.py for tasks to queue
[2025-09-22T15:43:56.143+0000] {logging_mixin.py:188} INFO - [2025-09-22T15:43:56.138+0000] {dagbag.py:538} INFO - Filling up the DagBag from /opt/airflow/dags/customer_churn_pipeline.py
[2025-09-22T15:44:10.389+0000] {processor.py:840} INFO - DAG(s) 'day7_customer_churn_pipeline' retrieved from /opt/airflow/dags/customer_churn_pipeline.py
[2025-09-22T15:44:10.792+0000] {logging_mixin.py:188} INFO - [2025-09-22T15:44:10.785+0000] {dag.py:3036} INFO - Sync 1 DAGs
[2025-09-22T15:44:11.022+0000] {logging_mixin.py:188} INFO - [2025-09-22T15:44:11.018+0000] {dag.py:3823} INFO - Setting next_dagrun for day7_customer_churn_pipeline to None, run_after=None
[2025-09-22T15:44:12.278+0000] {processor.py:183} INFO - Processing /opt/airflow/dags/customer_churn_pipeline.py took 16.249 seconds
[2025-09-22T15:44:43.431+0000] {processor.py:161} INFO - Started process (PID=5116) to work on /opt/airflow/dags/customer_churn_pipeline.py
[2025-09-22T15:44:43.452+0000] {processor.py:830} INFO - Processing file /opt/airflow/dags/customer_churn_pipeline.py for tasks to queue
[2025-09-22T15:44:43.492+0000] {logging_mixin.py:188} INFO - [2025-09-22T15:44:43.486+0000] {dagbag.py:538} INFO - Filling up the DagBag from /opt/airflow/dags/customer_churn_pipeline.py
[2025-09-22T15:44:57.486+0000] {processor.py:840} INFO - DAG(s) 'day7_customer_churn_pipeline' retrieved from /opt/airflow/dags/customer_churn_pipeline.py
[2025-09-22T15:44:57.855+0000] {logging_mixin.py:188} INFO - [2025-09-22T15:44:57.849+0000] {dag.py:3036} INFO - Sync 1 DAGs
[2025-09-22T15:44:58.907+0000] {logging_mixin.py:188} INFO - [2025-09-22T15:44:58.904+0000] {dag.py:3823} INFO - Setting next_dagrun for day7_customer_churn_pipeline to None, run_after=None
[2025-09-22T15:44:59.206+0000] {processor.py:183} INFO - Processing /opt/airflow/dags/customer_churn_pipeline.py took 18.158 seconds
[2025-09-22T15:45:30.160+0000] {processor.py:161} INFO - Started process (PID=5135) to work on /opt/airflow/dags/customer_churn_pipeline.py
[2025-09-22T15:45:30.199+0000] {processor.py:830} INFO - Processing file /opt/airflow/dags/customer_churn_pipeline.py for tasks to queue
[2025-09-22T15:45:30.258+0000] {logging_mixin.py:188} INFO - [2025-09-22T15:45:30.250+0000] {dagbag.py:538} INFO - Filling up the DagBag from /opt/airflow/dags/customer_churn_pipeline.py
[2025-09-22T15:45:43.752+0000] {processor.py:840} INFO - DAG(s) 'day7_customer_churn_pipeline' retrieved from /opt/airflow/dags/customer_churn_pipeline.py
[2025-09-22T15:45:44.169+0000] {logging_mixin.py:188} INFO - [2025-09-22T15:45:44.161+0000] {dag.py:3036} INFO - Sync 1 DAGs
[2025-09-22T15:45:44.410+0000] {logging_mixin.py:188} INFO - [2025-09-22T15:45:44.405+0000] {dag.py:3823} INFO - Setting next_dagrun for day7_customer_churn_pipeline to None, run_after=None
[2025-09-22T15:45:44.759+0000] {processor.py:183} INFO - Processing /opt/airflow/dags/customer_churn_pipeline.py took 16.977 seconds
[2025-09-22T15:46:15.697+0000] {processor.py:161} INFO - Started process (PID=5154) to work on /opt/airflow/dags/customer_churn_pipeline.py
[2025-09-22T15:46:15.712+0000] {processor.py:830} INFO - Processing file /opt/airflow/dags/customer_churn_pipeline.py for tasks to queue
[2025-09-22T15:46:15.745+0000] {logging_mixin.py:188} INFO - [2025-09-22T15:46:15.739+0000] {dagbag.py:538} INFO - Filling up the DagBag from /opt/airflow/dags/customer_churn_pipeline.py
[2025-09-22T15:46:30.714+0000] {processor.py:840} INFO - DAG(s) 'day7_customer_churn_pipeline' retrieved from /opt/airflow/dags/customer_churn_pipeline.py
[2025-09-22T15:46:31.152+0000] {logging_mixin.py:188} INFO - [2025-09-22T15:46:31.146+0000] {dag.py:3036} INFO - Sync 1 DAGs
[2025-09-22T15:46:31.346+0000] {logging_mixin.py:188} INFO - [2025-09-22T15:46:31.342+0000] {dag.py:3823} INFO - Setting next_dagrun for day7_customer_churn_pipeline to None, run_after=None
[2025-09-22T15:46:32.582+0000] {processor.py:183} INFO - Processing /opt/airflow/dags/customer_churn_pipeline.py took 16.937 seconds
[2025-09-22T15:47:03.758+0000] {processor.py:161} INFO - Started process (PID=5173) to work on /opt/airflow/dags/customer_churn_pipeline.py
[2025-09-22T15:47:03.778+0000] {processor.py:830} INFO - Processing file /opt/airflow/dags/customer_churn_pipeline.py for tasks to queue
[2025-09-22T15:47:03.817+0000] {logging_mixin.py:188} INFO - [2025-09-22T15:47:03.812+0000] {dagbag.py:538} INFO - Filling up the DagBag from /opt/airflow/dags/customer_churn_pipeline.py
[2025-09-22T15:47:16.275+0000] {processor.py:840} INFO - DAG(s) 'day7_customer_churn_pipeline' retrieved from /opt/airflow/dags/customer_churn_pipeline.py
[2025-09-22T15:47:16.672+0000] {logging_mixin.py:188} INFO - [2025-09-22T15:47:16.666+0000] {dag.py:3036} INFO - Sync 1 DAGs
[2025-09-22T15:47:17.807+0000] {logging_mixin.py:188} INFO - [2025-09-22T15:47:17.803+0000] {dag.py:3823} INFO - Setting next_dagrun for day7_customer_churn_pipeline to None, run_after=None
[2025-09-22T15:47:18.130+0000] {processor.py:183} INFO - Processing /opt/airflow/dags/customer_churn_pipeline.py took 16.747 seconds
[2025-09-22T15:47:49.134+0000] {processor.py:161} INFO - Started process (PID=5192) to work on /opt/airflow/dags/customer_churn_pipeline.py
[2025-09-22T15:47:49.157+0000] {processor.py:830} INFO - Processing file /opt/airflow/dags/customer_churn_pipeline.py for tasks to queue
[2025-09-22T15:47:49.200+0000] {logging_mixin.py:188} INFO - [2025-09-22T15:47:49.192+0000] {dagbag.py:538} INFO - Filling up the DagBag from /opt/airflow/dags/customer_churn_pipeline.py
[2025-09-22T15:48:02.550+0000] {processor.py:840} INFO - DAG(s) 'day7_customer_churn_pipeline' retrieved from /opt/airflow/dags/customer_churn_pipeline.py
[2025-09-22T15:48:02.999+0000] {logging_mixin.py:188} INFO - [2025-09-22T15:48:02.993+0000] {dag.py:3036} INFO - Sync 1 DAGs
[2025-09-22T15:48:03.204+0000] {logging_mixin.py:188} INFO - [2025-09-22T15:48:03.200+0000] {dag.py:3823} INFO - Setting next_dagrun for day7_customer_churn_pipeline to None, run_after=None
[2025-09-22T15:48:03.564+0000] {processor.py:183} INFO - Processing /opt/airflow/dags/customer_churn_pipeline.py took 16.809 seconds
[2025-09-22T15:48:34.672+0000] {processor.py:161} INFO - Started process (PID=5211) to work on /opt/airflow/dags/customer_churn_pipeline.py
[2025-09-22T15:48:34.689+0000] {processor.py:830} INFO - Processing file /opt/airflow/dags/customer_churn_pipeline.py for tasks to queue
[2025-09-22T15:48:34.731+0000] {logging_mixin.py:188} INFO - [2025-09-22T15:48:34.723+0000] {dagbag.py:538} INFO - Filling up the DagBag from /opt/airflow/dags/customer_churn_pipeline.py
[2025-09-22T15:48:49.406+0000] {processor.py:840} INFO - DAG(s) 'day7_customer_churn_pipeline' retrieved from /opt/airflow/dags/customer_churn_pipeline.py
[2025-09-22T15:48:49.770+0000] {logging_mixin.py:188} INFO - [2025-09-22T15:48:49.764+0000] {dag.py:3036} INFO - Sync 1 DAGs
[2025-09-22T15:48:49.959+0000] {logging_mixin.py:188} INFO - [2025-09-22T15:48:49.955+0000] {dag.py:3823} INFO - Setting next_dagrun for day7_customer_churn_pipeline to None, run_after=None
[2025-09-22T15:48:51.121+0000] {processor.py:183} INFO - Processing /opt/airflow/dags/customer_churn_pipeline.py took 16.527 seconds
[2025-09-22T15:49:22.540+0000] {processor.py:161} INFO - Started process (PID=5230) to work on /opt/airflow/dags/customer_churn_pipeline.py
[2025-09-22T15:49:22.556+0000] {processor.py:830} INFO - Processing file /opt/airflow/dags/customer_churn_pipeline.py for tasks to queue
[2025-09-22T15:49:22.586+0000] {logging_mixin.py:188} INFO - [2025-09-22T15:49:22.581+0000] {dagbag.py:538} INFO - Filling up the DagBag from /opt/airflow/dags/customer_churn_pipeline.py
[2025-09-22T15:49:35.275+0000] {processor.py:840} INFO - DAG(s) 'day7_customer_churn_pipeline' retrieved from /opt/airflow/dags/customer_churn_pipeline.py
[2025-09-22T15:49:35.675+0000] {logging_mixin.py:188} INFO - [2025-09-22T15:49:35.669+0000] {dag.py:3036} INFO - Sync 1 DAGs
[2025-09-22T15:49:36.719+0000] {logging_mixin.py:188} INFO - [2025-09-22T15:49:36.716+0000] {dag.py:3823} INFO - Setting next_dagrun for day7_customer_churn_pipeline to None, run_after=None
[2025-09-22T15:49:37.040+0000] {processor.py:183} INFO - Processing /opt/airflow/dags/customer_churn_pipeline.py took 16.863 seconds
[2025-09-22T15:50:08.537+0000] {processor.py:161} INFO - Started process (PID=5249) to work on /opt/airflow/dags/customer_churn_pipeline.py
[2025-09-22T15:50:08.553+0000] {processor.py:830} INFO - Processing file /opt/airflow/dags/customer_churn_pipeline.py for tasks to queue
[2025-09-22T15:50:08.586+0000] {logging_mixin.py:188} INFO - [2025-09-22T15:50:08.579+0000] {dagbag.py:538} INFO - Filling up the DagBag from /opt/airflow/dags/customer_churn_pipeline.py
[2025-09-22T15:50:26.726+0000] {processor.py:840} INFO - DAG(s) 'day7_customer_churn_pipeline' retrieved from /opt/airflow/dags/customer_churn_pipeline.py
[2025-09-22T15:50:27.156+0000] {logging_mixin.py:188} INFO - [2025-09-22T15:50:27.150+0000] {dag.py:3036} INFO - Sync 1 DAGs
[2025-09-22T15:50:27.360+0000] {logging_mixin.py:188} INFO - [2025-09-22T15:50:27.356+0000] {dag.py:3823} INFO - Setting next_dagrun for day7_customer_churn_pipeline to None, run_after=None
[2025-09-22T15:50:27.684+0000] {processor.py:183} INFO - Processing /opt/airflow/dags/customer_churn_pipeline.py took 21.508 seconds
[2025-09-22T15:50:58.335+0000] {processor.py:161} INFO - Started process (PID=5268) to work on /opt/airflow/dags/customer_churn_pipeline.py
[2025-09-22T15:50:58.356+0000] {processor.py:830} INFO - Processing file /opt/airflow/dags/customer_churn_pipeline.py for tasks to queue
[2025-09-22T15:50:58.397+0000] {logging_mixin.py:188} INFO - [2025-09-22T15:50:58.390+0000] {dagbag.py:538} INFO - Filling up the DagBag from /opt/airflow/dags/customer_churn_pipeline.py
[2025-09-22T15:51:13.833+0000] {processor.py:840} INFO - DAG(s) 'day7_customer_churn_pipeline' retrieved from /opt/airflow/dags/customer_churn_pipeline.py
[2025-09-22T15:51:14.384+0000] {logging_mixin.py:188} INFO - [2025-09-22T15:51:14.374+0000] {dag.py:3036} INFO - Sync 1 DAGs
[2025-09-22T15:51:14.683+0000] {logging_mixin.py:188} INFO - [2025-09-22T15:51:14.680+0000] {dag.py:3823} INFO - Setting next_dagrun for day7_customer_churn_pipeline to None, run_after=None
[2025-09-22T15:51:16.209+0000] {processor.py:183} INFO - Processing /opt/airflow/dags/customer_churn_pipeline.py took 17.937 seconds
[2025-09-22T15:51:47.233+0000] {processor.py:161} INFO - Started process (PID=5287) to work on /opt/airflow/dags/customer_churn_pipeline.py
[2025-09-22T15:51:47.253+0000] {processor.py:830} INFO - Processing file /opt/airflow/dags/customer_churn_pipeline.py for tasks to queue
[2025-09-22T15:51:47.300+0000] {logging_mixin.py:188} INFO - [2025-09-22T15:51:47.293+0000] {dagbag.py:538} INFO - Filling up the DagBag from /opt/airflow/dags/customer_churn_pipeline.py
[2025-09-22T15:52:02.326+0000] {processor.py:840} INFO - DAG(s) 'day7_customer_churn_pipeline' retrieved from /opt/airflow/dags/customer_churn_pipeline.py
[2025-09-22T15:52:02.750+0000] {logging_mixin.py:188} INFO - [2025-09-22T15:52:02.744+0000] {dag.py:3036} INFO - Sync 1 DAGs
[2025-09-22T15:52:04.191+0000] {logging_mixin.py:188} INFO - [2025-09-22T15:52:04.188+0000] {dag.py:3823} INFO - Setting next_dagrun for day7_customer_churn_pipeline to None, run_after=None
[2025-09-22T15:52:04.548+0000] {processor.py:183} INFO - Processing /opt/airflow/dags/customer_churn_pipeline.py took 17.396 seconds
[2025-09-22T15:52:35.730+0000] {processor.py:161} INFO - Started process (PID=5306) to work on /opt/airflow/dags/customer_churn_pipeline.py
[2025-09-22T15:52:35.749+0000] {processor.py:830} INFO - Processing file /opt/airflow/dags/customer_churn_pipeline.py for tasks to queue
[2025-09-22T15:52:35.788+0000] {logging_mixin.py:188} INFO - [2025-09-22T15:52:35.782+0000] {dagbag.py:538} INFO - Filling up the DagBag from /opt/airflow/dags/customer_churn_pipeline.py
[2025-09-22T15:52:50.132+0000] {processor.py:840} INFO - DAG(s) 'day7_customer_churn_pipeline' retrieved from /opt/airflow/dags/customer_churn_pipeline.py
[2025-09-22T15:52:50.524+0000] {logging_mixin.py:188} INFO - [2025-09-22T15:52:50.518+0000] {dag.py:3036} INFO - Sync 1 DAGs
[2025-09-22T15:52:50.723+0000] {logging_mixin.py:188} INFO - [2025-09-22T15:52:50.719+0000] {dag.py:3823} INFO - Setting next_dagrun for day7_customer_churn_pipeline to None, run_after=None
[2025-09-22T15:52:51.049+0000] {processor.py:183} INFO - Processing /opt/airflow/dags/customer_churn_pipeline.py took 17.697 seconds
[2025-09-22T15:53:22.083+0000] {processor.py:161} INFO - Started process (PID=5325) to work on /opt/airflow/dags/customer_churn_pipeline.py
[2025-09-22T15:53:22.101+0000] {processor.py:830} INFO - Processing file /opt/airflow/dags/customer_churn_pipeline.py for tasks to queue
[2025-09-22T15:53:22.139+0000] {logging_mixin.py:188} INFO - [2025-09-22T15:53:22.133+0000] {dagbag.py:538} INFO - Filling up the DagBag from /opt/airflow/dags/customer_churn_pipeline.py
[2025-09-22T15:53:35.014+0000] {processor.py:840} INFO - DAG(s) 'day7_customer_churn_pipeline' retrieved from /opt/airflow/dags/customer_churn_pipeline.py
[2025-09-22T15:53:35.431+0000] {logging_mixin.py:188} INFO - [2025-09-22T15:53:35.425+0000] {dag.py:3036} INFO - Sync 1 DAGs
[2025-09-22T15:53:35.665+0000] {logging_mixin.py:188} INFO - [2025-09-22T15:53:35.662+0000] {dag.py:3823} INFO - Setting next_dagrun for day7_customer_churn_pipeline to None, run_after=None
[2025-09-22T15:53:36.929+0000] {processor.py:183} INFO - Processing /opt/airflow/dags/customer_churn_pipeline.py took 17.214 seconds
[2025-09-22T15:54:08.114+0000] {processor.py:161} INFO - Started process (PID=5344) to work on /opt/airflow/dags/customer_churn_pipeline.py
[2025-09-22T15:54:08.131+0000] {processor.py:830} INFO - Processing file /opt/airflow/dags/customer_churn_pipeline.py for tasks to queue
[2025-09-22T15:54:08.163+0000] {logging_mixin.py:188} INFO - [2025-09-22T15:54:08.158+0000] {dagbag.py:538} INFO - Filling up the DagBag from /opt/airflow/dags/customer_churn_pipeline.py
[2025-09-22T15:54:22.812+0000] {processor.py:840} INFO - DAG(s) 'day7_customer_churn_pipeline' retrieved from /opt/airflow/dags/customer_churn_pipeline.py
[2025-09-22T15:54:23.265+0000] {logging_mixin.py:188} INFO - [2025-09-22T15:54:23.258+0000] {dag.py:3036} INFO - Sync 1 DAGs
[2025-09-22T15:54:24.528+0000] {logging_mixin.py:188} INFO - [2025-09-22T15:54:24.524+0000] {dag.py:3823} INFO - Setting next_dagrun for day7_customer_churn_pipeline to None, run_after=None
[2025-09-22T15:54:24.867+0000] {processor.py:183} INFO - Processing /opt/airflow/dags/customer_churn_pipeline.py took 16.805 seconds
[2025-09-22T15:54:55.730+0000] {processor.py:161} INFO - Started process (PID=5363) to work on /opt/airflow/dags/customer_churn_pipeline.py
[2025-09-22T15:54:55.749+0000] {processor.py:830} INFO - Processing file /opt/airflow/dags/customer_churn_pipeline.py for tasks to queue
[2025-09-22T15:54:55.786+0000] {logging_mixin.py:188} INFO - [2025-09-22T15:54:55.781+0000] {dagbag.py:538} INFO - Filling up the DagBag from /opt/airflow/dags/customer_churn_pipeline.py
[2025-09-22T15:55:09.059+0000] {processor.py:840} INFO - DAG(s) 'day7_customer_churn_pipeline' retrieved from /opt/airflow/dags/customer_churn_pipeline.py
[2025-09-22T15:55:09.427+0000] {logging_mixin.py:188} INFO - [2025-09-22T15:55:09.421+0000] {dag.py:3036} INFO - Sync 1 DAGs
[2025-09-22T15:55:09.641+0000] {logging_mixin.py:188} INFO - [2025-09-22T15:55:09.636+0000] {dag.py:3823} INFO - Setting next_dagrun for day7_customer_churn_pipeline to None, run_after=None
[2025-09-22T15:55:09.955+0000] {processor.py:183} INFO - Processing /opt/airflow/dags/customer_churn_pipeline.py took 16.603 seconds
[2025-09-22T15:55:40.800+0000] {processor.py:161} INFO - Started process (PID=5382) to work on /opt/airflow/dags/customer_churn_pipeline.py
[2025-09-22T15:55:40.816+0000] {processor.py:830} INFO - Processing file /opt/airflow/dags/customer_churn_pipeline.py for tasks to queue
[2025-09-22T15:55:40.846+0000] {logging_mixin.py:188} INFO - [2025-09-22T15:55:40.842+0000] {dagbag.py:538} INFO - Filling up the DagBag from /opt/airflow/dags/customer_churn_pipeline.py
[2025-09-22T15:55:53.570+0000] {processor.py:840} INFO - DAG(s) 'day7_customer_churn_pipeline' retrieved from /opt/airflow/dags/customer_churn_pipeline.py
[2025-09-22T15:55:53.991+0000] {logging_mixin.py:188} INFO - [2025-09-22T15:55:53.985+0000] {dag.py:3036} INFO - Sync 1 DAGs
[2025-09-22T15:55:54.218+0000] {logging_mixin.py:188} INFO - [2025-09-22T15:55:54.213+0000] {dag.py:3823} INFO - Setting next_dagrun for day7_customer_churn_pipeline to None, run_after=None
[2025-09-22T15:55:55.486+0000] {processor.py:183} INFO - Processing /opt/airflow/dags/customer_churn_pipeline.py took 17.052 seconds
[2025-09-22T15:56:26.748+0000] {processor.py:161} INFO - Started process (PID=5401) to work on /opt/airflow/dags/customer_churn_pipeline.py
[2025-09-22T15:56:26.765+0000] {processor.py:830} INFO - Processing file /opt/airflow/dags/customer_churn_pipeline.py for tasks to queue
[2025-09-22T15:56:26.798+0000] {logging_mixin.py:188} INFO - [2025-09-22T15:56:26.793+0000] {dagbag.py:538} INFO - Filling up the DagBag from /opt/airflow/dags/customer_churn_pipeline.py
[2025-09-22T15:56:40.960+0000] {processor.py:840} INFO - DAG(s) 'day7_customer_churn_pipeline' retrieved from /opt/airflow/dags/customer_churn_pipeline.py
[2025-09-22T15:56:41.343+0000] {logging_mixin.py:188} INFO - [2025-09-22T15:56:41.337+0000] {dag.py:3036} INFO - Sync 1 DAGs
[2025-09-22T15:56:42.419+0000] {logging_mixin.py:188} INFO - [2025-09-22T15:56:42.416+0000] {dag.py:3823} INFO - Setting next_dagrun for day7_customer_churn_pipeline to None, run_after=None
[2025-09-22T15:56:42.731+0000] {processor.py:183} INFO - Processing /opt/airflow/dags/customer_churn_pipeline.py took 16.093 seconds
[2025-09-22T15:57:14.262+0000] {processor.py:161} INFO - Started process (PID=5420) to work on /opt/airflow/dags/customer_churn_pipeline.py
[2025-09-22T15:57:14.287+0000] {processor.py:830} INFO - Processing file /opt/airflow/dags/customer_churn_pipeline.py for tasks to queue
[2025-09-22T15:57:14.343+0000] {logging_mixin.py:188} INFO - [2025-09-22T15:57:14.335+0000] {dagbag.py:538} INFO - Filling up the DagBag from /opt/airflow/dags/customer_churn_pipeline.py
[2025-09-22T15:57:28.279+0000] {processor.py:840} INFO - DAG(s) 'day7_customer_churn_pipeline' retrieved from /opt/airflow/dags/customer_churn_pipeline.py
[2025-09-22T15:57:28.708+0000] {logging_mixin.py:188} INFO - [2025-09-22T15:57:28.701+0000] {dag.py:3036} INFO - Sync 1 DAGs
[2025-09-22T15:57:28.965+0000] {logging_mixin.py:188} INFO - [2025-09-22T15:57:28.961+0000] {dag.py:3823} INFO - Setting next_dagrun for day7_customer_churn_pipeline to None, run_after=None
[2025-09-22T15:57:29.311+0000] {processor.py:183} INFO - Processing /opt/airflow/dags/customer_churn_pipeline.py took 17.445 seconds
[2025-09-22T15:57:59.927+0000] {processor.py:161} INFO - Started process (PID=5439) to work on /opt/airflow/dags/customer_churn_pipeline.py
[2025-09-22T15:57:59.951+0000] {processor.py:830} INFO - Processing file /opt/airflow/dags/customer_churn_pipeline.py for tasks to queue
[2025-09-22T15:57:59.993+0000] {logging_mixin.py:188} INFO - [2025-09-22T15:57:59.988+0000] {dagbag.py:538} INFO - Filling up the DagBag from /opt/airflow/dags/customer_churn_pipeline.py
[2025-09-22T15:58:13.600+0000] {processor.py:840} INFO - DAG(s) 'day7_customer_churn_pipeline' retrieved from /opt/airflow/dags/customer_churn_pipeline.py
[2025-09-22T15:58:13.991+0000] {logging_mixin.py:188} INFO - [2025-09-22T15:58:13.986+0000] {dag.py:3036} INFO - Sync 1 DAGs
[2025-09-22T15:58:14.184+0000] {logging_mixin.py:188} INFO - [2025-09-22T15:58:14.180+0000] {dag.py:3823} INFO - Setting next_dagrun for day7_customer_churn_pipeline to None, run_after=None
[2025-09-22T15:58:15.514+0000] {processor.py:183} INFO - Processing /opt/airflow/dags/customer_churn_pipeline.py took 16.188 seconds
[2025-09-22T15:58:46.449+0000] {processor.py:161} INFO - Started process (PID=5458) to work on /opt/airflow/dags/customer_churn_pipeline.py
[2025-09-22T15:58:46.469+0000] {processor.py:830} INFO - Processing file /opt/airflow/dags/customer_churn_pipeline.py for tasks to queue
[2025-09-22T15:58:46.512+0000] {logging_mixin.py:188} INFO - [2025-09-22T15:58:46.505+0000] {dagbag.py:538} INFO - Filling up the DagBag from /opt/airflow/dags/customer_churn_pipeline.py
[2025-09-22T15:59:00.990+0000] {processor.py:840} INFO - DAG(s) 'day7_customer_churn_pipeline' retrieved from /opt/airflow/dags/customer_churn_pipeline.py
[2025-09-22T15:59:01.360+0000] {logging_mixin.py:188} INFO - [2025-09-22T15:59:01.354+0000] {dag.py:3036} INFO - Sync 1 DAGs
[2025-09-22T15:59:02.575+0000] {logging_mixin.py:188} INFO - [2025-09-22T15:59:02.572+0000] {dag.py:3823} INFO - Setting next_dagrun for day7_customer_churn_pipeline to None, run_after=None
[2025-09-22T15:59:02.911+0000] {processor.py:183} INFO - Processing /opt/airflow/dags/customer_churn_pipeline.py took 16.531 seconds
[2025-09-22T15:59:33.708+0000] {processor.py:161} INFO - Started process (PID=5477) to work on /opt/airflow/dags/customer_churn_pipeline.py
[2025-09-22T15:59:33.724+0000] {processor.py:830} INFO - Processing file /opt/airflow/dags/customer_churn_pipeline.py for tasks to queue
[2025-09-22T15:59:33.757+0000] {logging_mixin.py:188} INFO - [2025-09-22T15:59:33.752+0000] {dagbag.py:538} INFO - Filling up the DagBag from /opt/airflow/dags/customer_churn_pipeline.py
[2025-09-22T15:59:47.400+0000] {processor.py:840} INFO - DAG(s) 'day7_customer_churn_pipeline' retrieved from /opt/airflow/dags/customer_churn_pipeline.py
[2025-09-22T15:59:47.748+0000] {logging_mixin.py:188} INFO - [2025-09-22T15:59:47.742+0000] {dag.py:3036} INFO - Sync 1 DAGs
[2025-09-22T15:59:47.937+0000] {logging_mixin.py:188} INFO - [2025-09-22T15:59:47.934+0000] {dag.py:3823} INFO - Setting next_dagrun for day7_customer_churn_pipeline to None, run_after=None
[2025-09-22T15:59:48.243+0000] {processor.py:183} INFO - Processing /opt/airflow/dags/customer_churn_pipeline.py took 14.598 seconds
[2025-09-22T16:00:19.496+0000] {processor.py:161} INFO - Started process (PID=5496) to work on /opt/airflow/dags/customer_churn_pipeline.py
[2025-09-22T16:00:19.512+0000] {processor.py:830} INFO - Processing file /opt/airflow/dags/customer_churn_pipeline.py for tasks to queue
[2025-09-22T16:00:19.538+0000] {logging_mixin.py:188} INFO - [2025-09-22T16:00:19.534+0000] {dagbag.py:538} INFO - Filling up the DagBag from /opt/airflow/dags/customer_churn_pipeline.py
[2025-09-22T16:00:33.626+0000] {processor.py:840} INFO - DAG(s) 'day7_customer_churn_pipeline' retrieved from /opt/airflow/dags/customer_churn_pipeline.py
[2025-09-22T16:00:34.032+0000] {logging_mixin.py:188} INFO - [2025-09-22T16:00:34.026+0000] {dag.py:3036} INFO - Sync 1 DAGs
[2025-09-22T16:00:34.276+0000] {logging_mixin.py:188} INFO - [2025-09-22T16:00:34.273+0000] {dag.py:3823} INFO - Setting next_dagrun for day7_customer_churn_pipeline to None, run_after=None
[2025-09-22T16:00:34.608+0000] {processor.py:183} INFO - Processing /opt/airflow/dags/customer_churn_pipeline.py took 15.160 seconds
[2025-09-22T16:01:05.475+0000] {processor.py:161} INFO - Started process (PID=5515) to work on /opt/airflow/dags/customer_churn_pipeline.py
[2025-09-22T16:01:05.491+0000] {processor.py:830} INFO - Processing file /opt/airflow/dags/customer_churn_pipeline.py for tasks to queue
[2025-09-22T16:01:05.519+0000] {logging_mixin.py:188} INFO - [2025-09-22T16:01:05.514+0000] {dagbag.py:538} INFO - Filling up the DagBag from /opt/airflow/dags/customer_churn_pipeline.py
[2025-09-22T16:01:18.790+0000] {processor.py:840} INFO - DAG(s) 'day7_customer_churn_pipeline' retrieved from /opt/airflow/dags/customer_churn_pipeline.py
[2025-09-22T16:01:19.142+0000] {logging_mixin.py:188} INFO - [2025-09-22T16:01:19.136+0000] {dag.py:3036} INFO - Sync 1 DAGs
[2025-09-22T16:01:20.226+0000] {logging_mixin.py:188} INFO - [2025-09-22T16:01:20.222+0000] {dag.py:3823} INFO - Setting next_dagrun for day7_customer_churn_pipeline to None, run_after=None
[2025-09-22T16:01:20.514+0000] {processor.py:183} INFO - Processing /opt/airflow/dags/customer_churn_pipeline.py took 15.097 seconds
[2025-09-22T16:01:51.482+0000] {processor.py:161} INFO - Started process (PID=5534) to work on /opt/airflow/dags/customer_churn_pipeline.py
[2025-09-22T16:01:51.500+0000] {processor.py:830} INFO - Processing file /opt/airflow/dags/customer_churn_pipeline.py for tasks to queue
[2025-09-22T16:01:51.543+0000] {logging_mixin.py:188} INFO - [2025-09-22T16:01:51.538+0000] {dagbag.py:538} INFO - Filling up the DagBag from /opt/airflow/dags/customer_churn_pipeline.py
[2025-09-22T16:02:04.753+0000] {processor.py:840} INFO - DAG(s) 'day7_customer_churn_pipeline' retrieved from /opt/airflow/dags/customer_churn_pipeline.py
[2025-09-22T16:02:05.148+0000] {logging_mixin.py:188} INFO - [2025-09-22T16:02:05.141+0000] {dag.py:3036} INFO - Sync 1 DAGs
[2025-09-22T16:02:05.357+0000] {logging_mixin.py:188} INFO - [2025-09-22T16:02:05.354+0000] {dag.py:3823} INFO - Setting next_dagrun for day7_customer_churn_pipeline to None, run_after=None
[2025-09-22T16:02:05.642+0000] {processor.py:183} INFO - Processing /opt/airflow/dags/customer_churn_pipeline.py took 14.222 seconds
[2025-09-22T16:02:36.568+0000] {processor.py:161} INFO - Started process (PID=5553) to work on /opt/airflow/dags/customer_churn_pipeline.py
[2025-09-22T16:02:36.583+0000] {processor.py:830} INFO - Processing file /opt/airflow/dags/customer_churn_pipeline.py for tasks to queue
[2025-09-22T16:02:36.621+0000] {logging_mixin.py:188} INFO - [2025-09-22T16:02:36.612+0000] {dagbag.py:538} INFO - Filling up the DagBag from /opt/airflow/dags/customer_churn_pipeline.py
[2025-09-22T16:02:51.788+0000] {processor.py:840} INFO - DAG(s) 'day7_customer_churn_pipeline' retrieved from /opt/airflow/dags/customer_churn_pipeline.py
[2025-09-22T16:02:52.237+0000] {logging_mixin.py:188} INFO - [2025-09-22T16:02:52.230+0000] {dag.py:3036} INFO - Sync 1 DAGs
[2025-09-22T16:02:52.471+0000] {logging_mixin.py:188} INFO - [2025-09-22T16:02:52.467+0000] {dag.py:3823} INFO - Setting next_dagrun for day7_customer_churn_pipeline to None, run_after=None
[2025-09-22T16:02:52.804+0000] {processor.py:183} INFO - Processing /opt/airflow/dags/customer_churn_pipeline.py took 16.295 seconds
[2025-09-22T16:03:23.719+0000] {processor.py:161} INFO - Started process (PID=5572) to work on /opt/airflow/dags/customer_churn_pipeline.py
[2025-09-22T16:03:23.735+0000] {processor.py:830} INFO - Processing file /opt/airflow/dags/customer_churn_pipeline.py for tasks to queue
[2025-09-22T16:03:23.764+0000] {logging_mixin.py:188} INFO - [2025-09-22T16:03:23.760+0000] {dagbag.py:538} INFO - Filling up the DagBag from /opt/airflow/dags/customer_churn_pipeline.py
[2025-09-22T16:03:38.013+0000] {processor.py:840} INFO - DAG(s) 'day7_customer_churn_pipeline' retrieved from /opt/airflow/dags/customer_churn_pipeline.py
[2025-09-22T16:03:38.365+0000] {logging_mixin.py:188} INFO - [2025-09-22T16:03:38.360+0000] {dag.py:3036} INFO - Sync 1 DAGs
[2025-09-22T16:03:38.544+0000] {logging_mixin.py:188} INFO - [2025-09-22T16:03:38.541+0000] {dag.py:3823} INFO - Setting next_dagrun for day7_customer_churn_pipeline to None, run_after=None
[2025-09-22T16:03:38.853+0000] {processor.py:183} INFO - Processing /opt/airflow/dags/customer_churn_pipeline.py took 15.184 seconds
[2025-09-22T16:04:09.848+0000] {processor.py:161} INFO - Started process (PID=5591) to work on /opt/airflow/dags/customer_churn_pipeline.py
[2025-09-22T16:04:09.864+0000] {processor.py:830} INFO - Processing file /opt/airflow/dags/customer_churn_pipeline.py for tasks to queue
[2025-09-22T16:04:09.896+0000] {logging_mixin.py:188} INFO - [2025-09-22T16:04:09.891+0000] {dagbag.py:538} INFO - Filling up the DagBag from /opt/airflow/dags/customer_churn_pipeline.py
[2025-09-22T16:04:23.466+0000] {processor.py:840} INFO - DAG(s) 'day7_customer_churn_pipeline' retrieved from /opt/airflow/dags/customer_churn_pipeline.py
[2025-09-22T16:04:23.792+0000] {logging_mixin.py:188} INFO - [2025-09-22T16:04:23.786+0000] {dag.py:3036} INFO - Sync 1 DAGs
[2025-09-22T16:04:24.852+0000] {logging_mixin.py:188} INFO - [2025-09-22T16:04:24.849+0000] {dag.py:3823} INFO - Setting next_dagrun for day7_customer_churn_pipeline to None, run_after=None
[2025-09-22T16:04:25.144+0000] {processor.py:183} INFO - Processing /opt/airflow/dags/customer_churn_pipeline.py took 15.353 seconds
[2025-09-22T16:04:56.032+0000] {processor.py:161} INFO - Started process (PID=5610) to work on /opt/airflow/dags/customer_churn_pipeline.py
[2025-09-22T16:04:56.046+0000] {processor.py:830} INFO - Processing file /opt/airflow/dags/customer_churn_pipeline.py for tasks to queue
[2025-09-22T16:04:56.076+0000] {logging_mixin.py:188} INFO - [2025-09-22T16:04:56.072+0000] {dagbag.py:538} INFO - Filling up the DagBag from /opt/airflow/dags/customer_churn_pipeline.py
[2025-09-22T16:05:09.535+0000] {processor.py:840} INFO - DAG(s) 'day7_customer_churn_pipeline' retrieved from /opt/airflow/dags/customer_churn_pipeline.py
[2025-09-22T16:05:09.883+0000] {logging_mixin.py:188} INFO - [2025-09-22T16:05:09.877+0000] {dag.py:3036} INFO - Sync 1 DAGs
[2025-09-22T16:05:10.067+0000] {logging_mixin.py:188} INFO - [2025-09-22T16:05:10.064+0000] {dag.py:3823} INFO - Setting next_dagrun for day7_customer_churn_pipeline to None, run_after=None
[2025-09-22T16:05:10.351+0000] {processor.py:183} INFO - Processing /opt/airflow/dags/customer_churn_pipeline.py took 14.370 seconds
[2025-09-22T16:05:41.394+0000] {processor.py:161} INFO - Started process (PID=5629) to work on /opt/airflow/dags/customer_churn_pipeline.py
[2025-09-22T16:05:41.420+0000] {processor.py:830} INFO - Processing file /opt/airflow/dags/customer_churn_pipeline.py for tasks to queue
[2025-09-22T16:05:41.464+0000] {logging_mixin.py:188} INFO - [2025-09-22T16:05:41.460+0000] {dagbag.py:538} INFO - Filling up the DagBag from /opt/airflow/dags/customer_churn_pipeline.py
[2025-09-22T16:05:58.705+0000] {processor.py:840} INFO - DAG(s) 'day7_customer_churn_pipeline' retrieved from /opt/airflow/dags/customer_churn_pipeline.py
[2025-09-22T16:05:59.147+0000] {logging_mixin.py:188} INFO - [2025-09-22T16:05:59.141+0000] {dag.py:3036} INFO - Sync 1 DAGs
[2025-09-22T16:05:59.370+0000] {logging_mixin.py:188} INFO - [2025-09-22T16:05:59.364+0000] {dag.py:3823} INFO - Setting next_dagrun for day7_customer_churn_pipeline to None, run_after=None
[2025-09-22T16:05:59.689+0000] {processor.py:183} INFO - Processing /opt/airflow/dags/customer_churn_pipeline.py took 18.381 seconds
[2025-09-22T16:06:30.727+0000] {processor.py:161} INFO - Started process (PID=5648) to work on /opt/airflow/dags/customer_churn_pipeline.py
[2025-09-22T16:06:30.744+0000] {processor.py:830} INFO - Processing file /opt/airflow/dags/customer_churn_pipeline.py for tasks to queue
[2025-09-22T16:06:30.781+0000] {logging_mixin.py:188} INFO - [2025-09-22T16:06:30.776+0000] {dagbag.py:538} INFO - Filling up the DagBag from /opt/airflow/dags/customer_churn_pipeline.py
[2025-09-22T16:06:46.606+0000] {processor.py:840} INFO - DAG(s) 'day7_customer_churn_pipeline' retrieved from /opt/airflow/dags/customer_churn_pipeline.py
[2025-09-22T16:06:47.054+0000] {logging_mixin.py:188} INFO - [2025-09-22T16:06:47.047+0000] {dag.py:3036} INFO - Sync 1 DAGs
[2025-09-22T16:06:47.302+0000] {logging_mixin.py:188} INFO - [2025-09-22T16:06:47.298+0000] {dag.py:3823} INFO - Setting next_dagrun for day7_customer_churn_pipeline to None, run_after=None
[2025-09-22T16:06:47.614+0000] {processor.py:183} INFO - Processing /opt/airflow/dags/customer_churn_pipeline.py took 16.983 seconds
[2025-09-22T16:07:18.266+0000] {processor.py:161} INFO - Started process (PID=5667) to work on /opt/airflow/dags/customer_churn_pipeline.py
[2025-09-22T16:07:18.282+0000] {processor.py:830} INFO - Processing file /opt/airflow/dags/customer_churn_pipeline.py for tasks to queue
[2025-09-22T16:07:18.312+0000] {logging_mixin.py:188} INFO - [2025-09-22T16:07:18.308+0000] {dagbag.py:538} INFO - Filling up the DagBag from /opt/airflow/dags/customer_churn_pipeline.py
[2025-09-22T16:07:31.232+0000] {processor.py:840} INFO - DAG(s) 'day7_customer_churn_pipeline' retrieved from /opt/airflow/dags/customer_churn_pipeline.py
[2025-09-22T16:07:31.590+0000] {logging_mixin.py:188} INFO - [2025-09-22T16:07:31.584+0000] {dag.py:3036} INFO - Sync 1 DAGs
[2025-09-22T16:07:31.774+0000] {logging_mixin.py:188} INFO - [2025-09-22T16:07:31.770+0000] {dag.py:3823} INFO - Setting next_dagrun for day7_customer_churn_pipeline to None, run_after=None
[2025-09-22T16:07:32.056+0000] {processor.py:183} INFO - Processing /opt/airflow/dags/customer_churn_pipeline.py took 13.840 seconds
[2025-09-22T16:08:02.979+0000] {processor.py:161} INFO - Started process (PID=5686) to work on /opt/airflow/dags/customer_churn_pipeline.py
[2025-09-22T16:08:02.995+0000] {processor.py:830} INFO - Processing file /opt/airflow/dags/customer_churn_pipeline.py for tasks to queue
[2025-09-22T16:08:03.026+0000] {logging_mixin.py:188} INFO - [2025-09-22T16:08:03.022+0000] {dagbag.py:538} INFO - Filling up the DagBag from /opt/airflow/dags/customer_churn_pipeline.py
[2025-09-22T16:08:16.963+0000] {processor.py:840} INFO - DAG(s) 'day7_customer_churn_pipeline' retrieved from /opt/airflow/dags/customer_churn_pipeline.py
[2025-09-22T16:08:17.300+0000] {logging_mixin.py:188} INFO - [2025-09-22T16:08:17.293+0000] {dag.py:3036} INFO - Sync 1 DAGs
[2025-09-22T16:08:17.508+0000] {logging_mixin.py:188} INFO - [2025-09-22T16:08:17.504+0000] {dag.py:3823} INFO - Setting next_dagrun for day7_customer_churn_pipeline to None, run_after=None
[2025-09-22T16:08:17.790+0000] {processor.py:183} INFO - Processing /opt/airflow/dags/customer_churn_pipeline.py took 14.889 seconds
[2025-09-22T16:08:48.678+0000] {processor.py:161} INFO - Started process (PID=5705) to work on /opt/airflow/dags/customer_churn_pipeline.py
[2025-09-22T16:08:48.694+0000] {processor.py:830} INFO - Processing file /opt/airflow/dags/customer_churn_pipeline.py for tasks to queue
[2025-09-22T16:08:48.726+0000] {logging_mixin.py:188} INFO - [2025-09-22T16:08:48.720+0000] {dagbag.py:538} INFO - Filling up the DagBag from /opt/airflow/dags/customer_churn_pipeline.py
[2025-09-22T16:09:02.547+0000] {processor.py:840} INFO - DAG(s) 'day7_customer_churn_pipeline' retrieved from /opt/airflow/dags/customer_churn_pipeline.py
[2025-09-22T16:09:02.976+0000] {logging_mixin.py:188} INFO - [2025-09-22T16:09:02.969+0000] {dag.py:3036} INFO - Sync 1 DAGs
[2025-09-22T16:09:03.222+0000] {logging_mixin.py:188} INFO - [2025-09-22T16:09:03.218+0000] {dag.py:3823} INFO - Setting next_dagrun for day7_customer_churn_pipeline to None, run_after=None
[2025-09-22T16:09:03.526+0000] {processor.py:183} INFO - Processing /opt/airflow/dags/customer_churn_pipeline.py took 14.908 seconds
[2025-09-22T16:09:34.437+0000] {processor.py:161} INFO - Started process (PID=5724) to work on /opt/airflow/dags/customer_churn_pipeline.py
[2025-09-22T16:09:34.452+0000] {processor.py:830} INFO - Processing file /opt/airflow/dags/customer_churn_pipeline.py for tasks to queue
[2025-09-22T16:09:34.481+0000] {logging_mixin.py:188} INFO - [2025-09-22T16:09:34.477+0000] {dagbag.py:538} INFO - Filling up the DagBag from /opt/airflow/dags/customer_churn_pipeline.py
[2025-09-22T16:09:47.879+0000] {processor.py:840} INFO - DAG(s) 'day7_customer_churn_pipeline' retrieved from /opt/airflow/dags/customer_churn_pipeline.py
[2025-09-22T16:09:48.224+0000] {logging_mixin.py:188} INFO - [2025-09-22T16:09:48.219+0000] {dag.py:3036} INFO - Sync 1 DAGs
[2025-09-22T16:09:49.191+0000] {logging_mixin.py:188} INFO - [2025-09-22T16:09:49.188+0000] {dag.py:3823} INFO - Setting next_dagrun for day7_customer_churn_pipeline to None, run_after=None
[2025-09-22T16:09:49.510+0000] {processor.py:183} INFO - Processing /opt/airflow/dags/customer_churn_pipeline.py took 15.137 seconds
[2025-09-22T16:10:21.066+0000] {processor.py:161} INFO - Started process (PID=5743) to work on /opt/airflow/dags/customer_churn_pipeline.py
[2025-09-22T16:10:21.084+0000] {processor.py:830} INFO - Processing file /opt/airflow/dags/customer_churn_pipeline.py for tasks to queue
[2025-09-22T16:10:21.118+0000] {logging_mixin.py:188} INFO - [2025-09-22T16:10:21.113+0000] {dagbag.py:538} INFO - Filling up the DagBag from /opt/airflow/dags/customer_churn_pipeline.py
[2025-09-22T16:10:35.665+0000] {processor.py:840} INFO - DAG(s) 'day7_customer_churn_pipeline' retrieved from /opt/airflow/dags/customer_churn_pipeline.py
[2025-09-22T16:10:36.056+0000] {logging_mixin.py:188} INFO - [2025-09-22T16:10:36.047+0000] {dag.py:3036} INFO - Sync 1 DAGs
[2025-09-22T16:10:36.269+0000] {logging_mixin.py:188} INFO - [2025-09-22T16:10:36.266+0000] {dag.py:3823} INFO - Setting next_dagrun for day7_customer_churn_pipeline to None, run_after=None
[2025-09-22T16:10:36.552+0000] {processor.py:183} INFO - Processing /opt/airflow/dags/customer_churn_pipeline.py took 15.535 seconds
[2025-09-22T16:11:07.395+0000] {processor.py:161} INFO - Started process (PID=5762) to work on /opt/airflow/dags/customer_churn_pipeline.py
[2025-09-22T16:11:07.410+0000] {processor.py:830} INFO - Processing file /opt/airflow/dags/customer_churn_pipeline.py for tasks to queue
[2025-09-22T16:11:07.441+0000] {logging_mixin.py:188} INFO - [2025-09-22T16:11:07.436+0000] {dagbag.py:538} INFO - Filling up the DagBag from /opt/airflow/dags/customer_churn_pipeline.py
[2025-09-22T16:11:21.649+0000] {processor.py:840} INFO - DAG(s) 'day7_customer_churn_pipeline' retrieved from /opt/airflow/dags/customer_churn_pipeline.py
[2025-09-22T16:11:22.022+0000] {logging_mixin.py:188} INFO - [2025-09-22T16:11:22.016+0000] {dag.py:3036} INFO - Sync 1 DAGs
[2025-09-22T16:11:22.225+0000] {logging_mixin.py:188} INFO - [2025-09-22T16:11:22.221+0000] {dag.py:3823} INFO - Setting next_dagrun for day7_customer_churn_pipeline to None, run_after=None
[2025-09-22T16:11:22.554+0000] {processor.py:183} INFO - Processing /opt/airflow/dags/customer_churn_pipeline.py took 15.223 seconds
[2025-09-22T16:11:53.489+0000] {processor.py:161} INFO - Started process (PID=5781) to work on /opt/airflow/dags/customer_churn_pipeline.py
[2025-09-22T16:11:53.503+0000] {processor.py:830} INFO - Processing file /opt/airflow/dags/customer_churn_pipeline.py for tasks to queue
[2025-09-22T16:11:53.533+0000] {logging_mixin.py:188} INFO - [2025-09-22T16:11:53.528+0000] {dagbag.py:538} INFO - Filling up the DagBag from /opt/airflow/dags/customer_churn_pipeline.py
[2025-09-22T16:12:07.685+0000] {processor.py:840} INFO - DAG(s) 'day7_customer_churn_pipeline' retrieved from /opt/airflow/dags/customer_churn_pipeline.py
[2025-09-22T16:12:08.030+0000] {logging_mixin.py:188} INFO - [2025-09-22T16:12:08.025+0000] {dag.py:3036} INFO - Sync 1 DAGs
[2025-09-22T16:12:08.208+0000] {logging_mixin.py:188} INFO - [2025-09-22T16:12:08.205+0000] {dag.py:3823} INFO - Setting next_dagrun for day7_customer_churn_pipeline to None, run_after=None
[2025-09-22T16:12:08.513+0000] {processor.py:183} INFO - Processing /opt/airflow/dags/customer_churn_pipeline.py took 15.072 seconds
[2025-09-22T16:12:39.455+0000] {processor.py:161} INFO - Started process (PID=5800) to work on /opt/airflow/dags/customer_churn_pipeline.py
[2025-09-22T16:12:39.470+0000] {processor.py:830} INFO - Processing file /opt/airflow/dags/customer_churn_pipeline.py for tasks to queue
[2025-09-22T16:12:39.499+0000] {logging_mixin.py:188} INFO - [2025-09-22T16:12:39.495+0000] {dagbag.py:538} INFO - Filling up the DagBag from /opt/airflow/dags/customer_churn_pipeline.py
[2025-09-22T16:12:53.974+0000] {processor.py:840} INFO - DAG(s) 'day7_customer_churn_pipeline' retrieved from /opt/airflow/dags/customer_churn_pipeline.py
[2025-09-22T16:12:54.313+0000] {logging_mixin.py:188} INFO - [2025-09-22T16:12:54.307+0000] {dag.py:3036} INFO - Sync 1 DAGs
[2025-09-22T16:12:55.430+0000] {logging_mixin.py:188} INFO - [2025-09-22T16:12:55.427+0000] {dag.py:3823} INFO - Setting next_dagrun for day7_customer_churn_pipeline to None, run_after=None
[2025-09-22T16:12:55.757+0000] {processor.py:183} INFO - Processing /opt/airflow/dags/customer_churn_pipeline.py took 16.361 seconds
[2025-09-22T16:13:26.589+0000] {processor.py:161} INFO - Started process (PID=5819) to work on /opt/airflow/dags/customer_churn_pipeline.py
[2025-09-22T16:13:26.604+0000] {processor.py:830} INFO - Processing file /opt/airflow/dags/customer_churn_pipeline.py for tasks to queue
[2025-09-22T16:13:26.634+0000] {logging_mixin.py:188} INFO - [2025-09-22T16:13:26.629+0000] {dagbag.py:538} INFO - Filling up the DagBag from /opt/airflow/dags/customer_churn_pipeline.py
[2025-09-22T16:13:40.017+0000] {processor.py:840} INFO - DAG(s) 'day7_customer_churn_pipeline' retrieved from /opt/airflow/dags/customer_churn_pipeline.py
[2025-09-22T16:13:40.436+0000] {logging_mixin.py:188} INFO - [2025-09-22T16:13:40.430+0000] {dag.py:3036} INFO - Sync 1 DAGs
[2025-09-22T16:13:40.628+0000] {logging_mixin.py:188} INFO - [2025-09-22T16:13:40.624+0000] {dag.py:3823} INFO - Setting next_dagrun for day7_customer_churn_pipeline to None, run_after=None
[2025-09-22T16:13:40.950+0000] {processor.py:183} INFO - Processing /opt/airflow/dags/customer_churn_pipeline.py took 14.409 seconds
[2025-09-22T16:14:11.760+0000] {processor.py:161} INFO - Started process (PID=5838) to work on /opt/airflow/dags/customer_churn_pipeline.py
[2025-09-22T16:14:11.778+0000] {processor.py:830} INFO - Processing file /opt/airflow/dags/customer_churn_pipeline.py for tasks to queue
[2025-09-22T16:14:11.810+0000] {logging_mixin.py:188} INFO - [2025-09-22T16:14:11.805+0000] {dagbag.py:538} INFO - Filling up the DagBag from /opt/airflow/dags/customer_churn_pipeline.py
[2025-09-22T16:14:26.907+0000] {processor.py:840} INFO - DAG(s) 'day7_customer_churn_pipeline' retrieved from /opt/airflow/dags/customer_churn_pipeline.py
[2025-09-22T16:14:27.258+0000] {logging_mixin.py:188} INFO - [2025-09-22T16:14:27.253+0000] {dag.py:3036} INFO - Sync 1 DAGs
[2025-09-22T16:14:27.457+0000] {logging_mixin.py:188} INFO - [2025-09-22T16:14:27.454+0000] {dag.py:3823} INFO - Setting next_dagrun for day7_customer_churn_pipeline to None, run_after=None
[2025-09-22T16:14:27.744+0000] {processor.py:183} INFO - Processing /opt/airflow/dags/customer_churn_pipeline.py took 16.062 seconds
[2025-09-22T16:14:58.611+0000] {processor.py:161} INFO - Started process (PID=5857) to work on /opt/airflow/dags/customer_churn_pipeline.py
[2025-09-22T16:14:58.624+0000] {processor.py:830} INFO - Processing file /opt/airflow/dags/customer_churn_pipeline.py for tasks to queue
[2025-09-22T16:14:58.655+0000] {logging_mixin.py:188} INFO - [2025-09-22T16:14:58.650+0000] {dagbag.py:538} INFO - Filling up the DagBag from /opt/airflow/dags/customer_churn_pipeline.py
[2025-09-22T16:15:12.506+0000] {processor.py:840} INFO - DAG(s) 'day7_customer_churn_pipeline' retrieved from /opt/airflow/dags/customer_churn_pipeline.py
[2025-09-22T16:15:12.895+0000] {logging_mixin.py:188} INFO - [2025-09-22T16:15:12.887+0000] {dag.py:3036} INFO - Sync 1 DAGs
[2025-09-22T16:15:13.140+0000] {logging_mixin.py:188} INFO - [2025-09-22T16:15:13.135+0000] {dag.py:3823} INFO - Setting next_dagrun for day7_customer_churn_pipeline to None, run_after=None
[2025-09-22T16:15:13.469+0000] {processor.py:183} INFO - Processing /opt/airflow/dags/customer_churn_pipeline.py took 14.922 seconds
[2025-09-22T16:15:44.376+0000] {processor.py:161} INFO - Started process (PID=5876) to work on /opt/airflow/dags/customer_churn_pipeline.py
[2025-09-22T16:15:44.392+0000] {processor.py:830} INFO - Processing file /opt/airflow/dags/customer_churn_pipeline.py for tasks to queue
[2025-09-22T16:15:44.420+0000] {logging_mixin.py:188} INFO - [2025-09-22T16:15:44.415+0000] {dagbag.py:538} INFO - Filling up the DagBag from /opt/airflow/dags/customer_churn_pipeline.py
[2025-09-22T16:15:57.960+0000] {processor.py:840} INFO - DAG(s) 'day7_customer_churn_pipeline' retrieved from /opt/airflow/dags/customer_churn_pipeline.py
[2025-09-22T16:15:58.305+0000] {logging_mixin.py:188} INFO - [2025-09-22T16:15:58.300+0000] {dag.py:3036} INFO - Sync 1 DAGs
[2025-09-22T16:15:59.272+0000] {logging_mixin.py:188} INFO - [2025-09-22T16:15:59.269+0000] {dag.py:3823} INFO - Setting next_dagrun for day7_customer_churn_pipeline to None, run_after=None
[2025-09-22T16:15:59.559+0000] {processor.py:183} INFO - Processing /opt/airflow/dags/customer_churn_pipeline.py took 15.236 seconds
[2025-09-22T16:16:30.506+0000] {processor.py:161} INFO - Started process (PID=5895) to work on /opt/airflow/dags/customer_churn_pipeline.py
[2025-09-22T16:16:30.521+0000] {processor.py:830} INFO - Processing file /opt/airflow/dags/customer_churn_pipeline.py for tasks to queue
[2025-09-22T16:16:30.550+0000] {logging_mixin.py:188} INFO - [2025-09-22T16:16:30.545+0000] {dagbag.py:538} INFO - Filling up the DagBag from /opt/airflow/dags/customer_churn_pipeline.py
[2025-09-22T16:16:43.931+0000] {processor.py:840} INFO - DAG(s) 'day7_customer_churn_pipeline' retrieved from /opt/airflow/dags/customer_churn_pipeline.py
[2025-09-22T16:16:44.274+0000] {logging_mixin.py:188} INFO - [2025-09-22T16:16:44.266+0000] {dag.py:3036} INFO - Sync 1 DAGs
[2025-09-22T16:16:44.452+0000] {logging_mixin.py:188} INFO - [2025-09-22T16:16:44.449+0000] {dag.py:3823} INFO - Setting next_dagrun for day7_customer_churn_pipeline to None, run_after=None
[2025-09-22T16:16:44.761+0000] {processor.py:183} INFO - Processing /opt/airflow/dags/customer_churn_pipeline.py took 14.315 seconds
[2025-09-22T16:23:32.768+0000] {processor.py:161} INFO - Started process (PID=5914) to work on /opt/airflow/dags/customer_churn_pipeline.py
[2025-09-22T16:23:32.771+0000] {processor.py:830} INFO - Processing file /opt/airflow/dags/customer_churn_pipeline.py for tasks to queue
[2025-09-22T16:23:32.781+0000] {logging_mixin.py:188} INFO - [2025-09-22T16:23:32.780+0000] {dagbag.py:538} INFO - Filling up the DagBag from /opt/airflow/dags/customer_churn_pipeline.py
[2025-09-22T16:23:34.286+0000] {processor.py:840} INFO - DAG(s) 'day7_customer_churn_pipeline' retrieved from /opt/airflow/dags/customer_churn_pipeline.py
[2025-09-22T16:23:34.310+0000] {logging_mixin.py:188} INFO - [2025-09-22T16:23:34.309+0000] {dag.py:3036} INFO - Sync 1 DAGs
[2025-09-22T16:23:34.320+0000] {logging_mixin.py:188} INFO - [2025-09-22T16:23:34.320+0000] {dag.py:3823} INFO - Setting next_dagrun for day7_customer_churn_pipeline to None, run_after=None
[2025-09-22T16:23:34.341+0000] {processor.py:183} INFO - Processing /opt/airflow/dags/customer_churn_pipeline.py took 1.578 seconds
[2025-09-22T16:29:48.582+0000] {processor.py:161} INFO - Started process (PID=5933) to work on /opt/airflow/dags/customer_churn_pipeline.py
[2025-09-22T16:29:48.584+0000] {processor.py:830} INFO - Processing file /opt/airflow/dags/customer_churn_pipeline.py for tasks to queue
[2025-09-22T16:29:48.587+0000] {logging_mixin.py:188} INFO - [2025-09-22T16:29:48.587+0000] {dagbag.py:538} INFO - Filling up the DagBag from /opt/airflow/dags/customer_churn_pipeline.py
[2025-09-22T16:29:49.384+0000] {processor.py:840} INFO - DAG(s) 'day7_customer_churn_pipeline' retrieved from /opt/airflow/dags/customer_churn_pipeline.py
[2025-09-22T16:29:49.409+0000] {logging_mixin.py:188} INFO - [2025-09-22T16:29:49.408+0000] {dag.py:3036} INFO - Sync 1 DAGs
[2025-09-22T16:29:49.440+0000] {logging_mixin.py:188} INFO - [2025-09-22T16:29:49.440+0000] {dag.py:3823} INFO - Setting next_dagrun for day7_customer_churn_pipeline to None, run_after=None
[2025-09-22T16:29:49.477+0000] {processor.py:183} INFO - Processing /opt/airflow/dags/customer_churn_pipeline.py took 0.898 seconds
[2025-09-22T16:37:28.399+0000] {processor.py:161} INFO - Started process (PID=5952) to work on /opt/airflow/dags/customer_churn_pipeline.py
[2025-09-22T16:37:28.405+0000] {processor.py:830} INFO - Processing file /opt/airflow/dags/customer_churn_pipeline.py for tasks to queue
[2025-09-22T16:37:28.410+0000] {logging_mixin.py:188} INFO - [2025-09-22T16:37:28.409+0000] {dagbag.py:538} INFO - Filling up the DagBag from /opt/airflow/dags/customer_churn_pipeline.py
[2025-09-22T16:37:30.104+0000] {processor.py:840} INFO - DAG(s) 'day7_customer_churn_pipeline' retrieved from /opt/airflow/dags/customer_churn_pipeline.py
[2025-09-22T16:37:30.124+0000] {logging_mixin.py:188} INFO - [2025-09-22T16:37:30.123+0000] {dag.py:3036} INFO - Sync 1 DAGs
[2025-09-22T16:37:30.135+0000] {logging_mixin.py:188} INFO - [2025-09-22T16:37:30.135+0000] {dag.py:3823} INFO - Setting next_dagrun for day7_customer_churn_pipeline to None, run_after=None
[2025-09-22T16:37:30.151+0000] {processor.py:183} INFO - Processing /opt/airflow/dags/customer_churn_pipeline.py took 1.757 seconds
[2025-09-22T16:38:00.232+0000] {processor.py:161} INFO - Started process (PID=5971) to work on /opt/airflow/dags/customer_churn_pipeline.py
[2025-09-22T16:38:00.234+0000] {processor.py:830} INFO - Processing file /opt/airflow/dags/customer_churn_pipeline.py for tasks to queue
[2025-09-22T16:38:00.236+0000] {logging_mixin.py:188} INFO - [2025-09-22T16:38:00.236+0000] {dagbag.py:538} INFO - Filling up the DagBag from /opt/airflow/dags/customer_churn_pipeline.py
[2025-09-22T16:38:01.480+0000] {processor.py:840} INFO - DAG(s) 'day7_customer_churn_pipeline' retrieved from /opt/airflow/dags/customer_churn_pipeline.py
[2025-09-22T16:38:01.511+0000] {logging_mixin.py:188} INFO - [2025-09-22T16:38:01.511+0000] {dag.py:3036} INFO - Sync 1 DAGs
[2025-09-22T16:38:01.524+0000] {logging_mixin.py:188} INFO - [2025-09-22T16:38:01.524+0000] {dag.py:3823} INFO - Setting next_dagrun for day7_customer_churn_pipeline to None, run_after=None
[2025-09-22T16:38:01.541+0000] {processor.py:183} INFO - Processing /opt/airflow/dags/customer_churn_pipeline.py took 1.312 seconds
[2025-09-22T16:38:31.929+0000] {processor.py:161} INFO - Started process (PID=5990) to work on /opt/airflow/dags/customer_churn_pipeline.py
[2025-09-22T16:38:31.931+0000] {processor.py:830} INFO - Processing file /opt/airflow/dags/customer_churn_pipeline.py for tasks to queue
[2025-09-22T16:38:31.932+0000] {logging_mixin.py:188} INFO - [2025-09-22T16:38:31.932+0000] {dagbag.py:538} INFO - Filling up the DagBag from /opt/airflow/dags/customer_churn_pipeline.py
[2025-09-22T16:38:32.879+0000] {processor.py:840} INFO - DAG(s) 'day7_customer_churn_pipeline' retrieved from /opt/airflow/dags/customer_churn_pipeline.py
[2025-09-22T16:38:32.902+0000] {logging_mixin.py:188} INFO - [2025-09-22T16:38:32.902+0000] {dag.py:3036} INFO - Sync 1 DAGs
[2025-09-22T16:38:32.913+0000] {logging_mixin.py:188} INFO - [2025-09-22T16:38:32.912+0000] {dag.py:3823} INFO - Setting next_dagrun for day7_customer_churn_pipeline to None, run_after=None
[2025-09-22T16:38:32.950+0000] {processor.py:183} INFO - Processing /opt/airflow/dags/customer_churn_pipeline.py took 1.024 seconds
[2025-09-22T16:54:21.425+0000] {processor.py:161} INFO - Started process (PID=6009) to work on /opt/airflow/dags/customer_churn_pipeline.py
[2025-09-22T16:54:21.438+0000] {processor.py:830} INFO - Processing file /opt/airflow/dags/customer_churn_pipeline.py for tasks to queue
[2025-09-22T16:54:21.457+0000] {logging_mixin.py:188} INFO - [2025-09-22T16:54:21.455+0000] {dagbag.py:538} INFO - Filling up the DagBag from /opt/airflow/dags/customer_churn_pipeline.py
[2025-09-22T16:54:22.888+0000] {processor.py:840} INFO - DAG(s) 'day7_customer_churn_pipeline' retrieved from /opt/airflow/dags/customer_churn_pipeline.py
[2025-09-22T16:54:22.917+0000] {logging_mixin.py:188} INFO - [2025-09-22T16:54:22.916+0000] {dag.py:3036} INFO - Sync 1 DAGs
[2025-09-22T16:54:22.936+0000] {logging_mixin.py:188} INFO - [2025-09-22T16:54:22.936+0000] {dag.py:3823} INFO - Setting next_dagrun for day7_customer_churn_pipeline to None, run_after=None
[2025-09-22T16:54:23.003+0000] {processor.py:183} INFO - Processing /opt/airflow/dags/customer_churn_pipeline.py took 1.600 seconds
[2025-09-22T17:04:10.362+0000] {processor.py:161} INFO - Started process (PID=6028) to work on /opt/airflow/dags/customer_churn_pipeline.py
[2025-09-22T17:04:10.365+0000] {processor.py:830} INFO - Processing file /opt/airflow/dags/customer_churn_pipeline.py for tasks to queue
[2025-09-22T17:04:10.370+0000] {logging_mixin.py:188} INFO - [2025-09-22T17:04:10.369+0000] {dagbag.py:538} INFO - Filling up the DagBag from /opt/airflow/dags/customer_churn_pipeline.py
[2025-09-22T17:04:11.505+0000] {processor.py:840} INFO - DAG(s) 'day7_customer_churn_pipeline' retrieved from /opt/airflow/dags/customer_churn_pipeline.py
[2025-09-22T17:04:11.532+0000] {logging_mixin.py:188} INFO - [2025-09-22T17:04:11.531+0000] {dag.py:3036} INFO - Sync 1 DAGs
[2025-09-22T17:04:11.545+0000] {logging_mixin.py:188} INFO - [2025-09-22T17:04:11.545+0000] {dag.py:3823} INFO - Setting next_dagrun for day7_customer_churn_pipeline to None, run_after=None
[2025-09-22T17:04:11.576+0000] {processor.py:183} INFO - Processing /opt/airflow/dags/customer_churn_pipeline.py took 1.221 seconds
